guide_id,role,department,seniority,job_family,task_id,task_order,phase,category,task_name,task_description,action_required_by,task_owner,due_offset_days,required,expected_evidence,approved_next_step,next_step_owner,reminder_template,escalation_rule,source_type,source_reference,ml_training_text
G001,Software Engineer,Engineering,Individual Contributor,Technical,G001-T01,1,Preboarding,Identity & Compliance,Submit identity verification documents,Upload the required identity documents for employment verification.,Employee,HR,0,True,Identity documents submitted,Request the missing identity document,HR,Please submit the missing identity document.,Escalate to HR if not submitted within 2 business days.,Synthetic onboarding guide,G001,Software Engineer. Submit identity verification documents. Upload the required identity documents for employment verification.. Owner: HR.
G001,Software Engineer,Engineering,Individual Contributor,Technical,G001-T02,2,Preboarding,Employment,Review and sign employment agreement,Review the employment agreement and electronically sign it before the joining date.,Employee,HR,0,True,Signed employment agreement,Complete and sign the employment agreement,HR,Please review and sign your employment agreement.,Escalate to HR if signature is overdue.,Synthetic onboarding guide,G001,Software Engineer. Review and sign employment agreement. Review the employment agreement and electronically sign it before the joining date.. Owner: HR.
G001,Software Engineer,Engineering,Individual Contributor,Technical,G001-T03,3,Preboarding,Payroll,Submit payroll and bank information,Provide the approved payroll information required to process salary payments.,Employee,Finance/HR,1,True,Payroll information submitted,Submit the missing payroll information,Employee,Please complete your payroll information.,Escalate to HR if payroll information remains missing.,Synthetic onboarding guide,G001,Software Engineer. Submit payroll and bank information. Provide the approved payroll information required to process salary payments.. Owner: Finance/HR.
G001,Software Engineer,Engineering,Individual Contributor,Technical,G001-T04,4,Preboarding,HR Forms,Complete employee information form,Complete required employee profile and emergency-contact information using the onboarding form.,Employee,HR,1,True,Completed HR form,Complete the employee information form,Employee,Please complete your employee information form.,Escalate to HR if incomplete.,Synthetic onboarding guide,G001,Software Engineer. Complete employee information form. Complete required employee profile and emergency-contact information using the onboarding form.. Owner: HR.
G001,Software Engineer,Engineering,Individual Contributor,Technical,G001-T05,5,Preboarding,Policy,Acknowledge company policies,Review and acknowledge the required employee policies and code of conduct.,Employee,HR,2,True,Policy acknowledgement,Review and acknowledge required policies,Employee,Please review and acknowledge the required policies.,Escalate to HR if acknowledgement is overdue.,Synthetic onboarding guide,G001,Software Engineer. Acknowledge company policies. Review and acknowledge the required employee policies and code of conduct.. Owner: HR.
G001,Software Engineer,Engineering,Individual Contributor,Technical,G001-T06,6,Preboarding,IT Access,Create company email account,IT creates the employee's corporate email account and confirms activation.,IT,IT,1,True,Email activation confirmation,IT should create and activate the company email,IT,IT has been asked to activate your company email.,Escalate to IT if activation is overdue.,Synthetic onboarding guide,G001,Software Engineer. Create company email account. IT creates the employee's corporate email account and confirms activation.. Owner: IT.
G001,Software Engineer,Engineering,Individual Contributor,Technical,G001-T07,7,Preboarding,IT Equipment,Provision laptop/workstation,IT prepares the approved laptop or workstation and records the device assignment.,IT,IT,2,True,Device assignment confirmation,IT should provision and assign the workstation,IT,IT needs to complete your workstation setup.,Escalate to IT if provisioning is overdue.,Synthetic onboarding guide,G001,Software Engineer. Provision laptop/workstation. IT prepares the approved laptop or workstation and records the device assignment.. Owner: IT.
G001,Software Engineer,Engineering,Individual Contributor,Technical,G001-T08,8,Preboarding,Access Management,Provision standard system access,IT provisions the standard applications and access required for the employee's role.,IT,IT,2,True,Access provisioning record,IT should provision standard role access,IT,Your standard system access is being prepared.,Escalate to IT if access is overdue.,Synthetic onboarding guide,G001,Software Engineer. Provision standard system access. IT provisions the standard applications and access required for the employee's role.. Owner: IT.
G001,Software Engineer,Engineering,Individual Contributor,Technical,G001-T09,9,Day 1,Orientation,Attend company orientation,"Attend the company orientation covering organization, workplace practices and key contacts.",Employee,HR,0,True,Orientation attendance,Attend the company orientation,Employee,Please attend your scheduled company orientation.,Escalate to HR if attendance is missing.,Synthetic onboarding guide,G001,"Software Engineer. Attend company orientation. Attend the company orientation covering organization, workplace practices and key contacts.. Owner: HR."
G001,Software Engineer,Engineering,Individual Contributor,Technical,G001-T10,10,Day 1,Security,Complete security awareness training,Complete mandatory security and acceptable-use training before full access is granted.,Employee,Security,1,True,Training completion record,Complete security awareness training,Employee,Please complete the required security training.,Escalate to Security/HR if overdue.,Synthetic onboarding guide,G001,Software Engineer. Complete security awareness training. Complete mandatory security and acceptable-use training before full access is granted.. Owner: Security.
G001,Software Engineer,Engineering,Individual Contributor,Technical,G001-T11,11,Day 1,Manager Setup,Meet reporting manager,Attend the initial meeting with the reporting manager to review responsibilities and first-week priorities.,Employee,Manager,1,True,Manager meeting confirmation,Complete the manager onboarding meeting,Employee,Please attend your manager onboarding meeting.,Escalate to the manager if not scheduled.,Synthetic onboarding guide,G001,Software Engineer. Meet reporting manager. Attend the initial meeting with the reporting manager to review responsibilities and first-week priorities.. Owner: Manager.
G001,Software Engineer,Engineering,Individual Contributor,Technical,G001-T12,12,Week 1,Team Integration,Complete team introduction,Meet key team members and understand team communication and collaboration practices.,Employee,Manager,3,True,Team introduction confirmation,Complete the team introduction activities,Employee,Please complete your team introductions.,Escalate to manager if not completed.,Synthetic onboarding guide,G001,Software Engineer. Complete team introduction. Meet key team members and understand team communication and collaboration practices.. Owner: Manager.
G001,Software Engineer,Engineering,Individual Contributor,Technical,G001-T13,13,Week 1,Onboarding Plan,Review role-specific onboarding plan,"Review the role-specific responsibilities, tools, goals and onboarding expectations with the manager.",Employee,Manager,5,True,Onboarding plan acknowledgement,Review the role-specific onboarding plan,Employee,Please review your role-specific onboarding plan.,Escalate to manager if incomplete.,Synthetic onboarding guide,G001,"Software Engineer. Review role-specific onboarding plan. Review the role-specific responsibilities, tools, goals and onboarding expectations with the manager.. Owner: Manager."
G001,Software Engineer,Engineering,Individual Contributor,Technical,G001-T14,14,Week 1,Access Management,Confirm required access,Employee confirms that all required systems and applications are accessible and reports missing access.,Employee,IT,5,True,Access confirmation or access issue,Confirm required system access,Employee,Please confirm that you can access the required systems.,Escalate missing access to IT.,Synthetic onboarding guide,G001,Software Engineer. Confirm required access. Employee confirms that all required systems and applications are accessible and reports missing access.. Owner: IT.
G001,Software Engineer,Engineering,Individual Contributor,Technical,G001-T15,15,Week 2,Manager Setup,Complete first-week check-in,"Complete a structured check-in with the manager to review progress, blockers and next priorities.",Employee,Manager,7,True,Check-in confirmation,Complete the manager check-in,Employee,Please complete your first-week manager check-in.,Escalate to manager if not completed.,Synthetic onboarding guide,G001,"Software Engineer. Complete first-week check-in. Complete a structured check-in with the manager to review progress, blockers and next priorities.. Owner: Manager."
G001,Software Engineer,Engineering,Individual Contributor,Technical,G001-T16,16,Role Setup,Engineering Access,Get source-code repository access,Receive access to the engineering repositories required for the role.,IT,IT,3,True,Task completion confirmation,Complete or confirm: Get source-code repository access,IT,Please complete the required onboarding task: Get source-code repository access.,Escalate to the role manager if Get source-code repository access is overdue.,Synthetic role-specific guide,G001,Software Engineer. Get source-code repository access. Receive access to the engineering repositories required for the role.. Owner: IT.
G001,Software Engineer,Engineering,Individual Contributor,Technical,G001-T17,17,Role Setup,Development Environment,Complete local development environment setup,Install and validate the approved development tools and dependencies.,Employee,IT,5,True,Task completion confirmation,Complete or confirm: Complete local development environment setup,Employee,Please complete the required onboarding task: Complete local development environment setup.,Escalate to the role manager if Complete local development environment setup is overdue.,Synthetic role-specific guide,G001,Software Engineer. Complete local development environment setup. Install and validate the approved development tools and dependencies.. Owner: IT.
G001,Software Engineer,Engineering,Individual Contributor,Technical,G001-T18,18,Role Setup,Engineering Process,"Review branching, code review and release workflow",Review the team's engineering workflow and contribution standards.,Employee,Manager,5,True,Task completion confirmation,"Complete or confirm: Review branching, code review and release workflow",Employee,"Please complete the required onboarding task: Review branching, code review and release workflow.","Escalate to the role manager if Review branching, code review and release workflow is overdue.",Synthetic role-specific guide,G001,"Software Engineer. Review branching, code review and release workflow. Review the team's engineering workflow and contribution standards.. Owner: Manager."
G002,Senior Software Engineer,Engineering,Senior Individual Contributor,Technical,G002-T01,1,Preboarding,Identity & Compliance,Submit identity verification documents,Upload the required identity documents for employment verification.,Employee,HR,0,True,Identity documents submitted,Request the missing identity document,HR,Please submit the missing identity document.,Escalate to HR if not submitted within 2 business days.,Synthetic onboarding guide,G002,Senior Software Engineer. Submit identity verification documents. Upload the required identity documents for employment verification.. Owner: HR.
G002,Senior Software Engineer,Engineering,Senior Individual Contributor,Technical,G002-T02,2,Preboarding,Employment,Review and sign employment agreement,Review the employment agreement and electronically sign it before the joining date.,Employee,HR,0,True,Signed employment agreement,Complete and sign the employment agreement,HR,Please review and sign your employment agreement.,Escalate to HR if signature is overdue.,Synthetic onboarding guide,G002,Senior Software Engineer. Review and sign employment agreement. Review the employment agreement and electronically sign it before the joining date.. Owner: HR.
G002,Senior Software Engineer,Engineering,Senior Individual Contributor,Technical,G002-T03,3,Preboarding,Payroll,Submit payroll and bank information,Provide the approved payroll information required to process salary payments.,Employee,Finance/HR,1,True,Payroll information submitted,Submit the missing payroll information,Employee,Please complete your payroll information.,Escalate to HR if payroll information remains missing.,Synthetic onboarding guide,G002,Senior Software Engineer. Submit payroll and bank information. Provide the approved payroll information required to process salary payments.. Owner: Finance/HR.
G002,Senior Software Engineer,Engineering,Senior Individual Contributor,Technical,G002-T04,4,Preboarding,HR Forms,Complete employee information form,Complete required employee profile and emergency-contact information using the onboarding form.,Employee,HR,1,True,Completed HR form,Complete the employee information form,Employee,Please complete your employee information form.,Escalate to HR if incomplete.,Synthetic onboarding guide,G002,Senior Software Engineer. Complete employee information form. Complete required employee profile and emergency-contact information using the onboarding form.. Owner: HR.
G002,Senior Software Engineer,Engineering,Senior Individual Contributor,Technical,G002-T05,5,Preboarding,Policy,Acknowledge company policies,Review and acknowledge the required employee policies and code of conduct.,Employee,HR,2,True,Policy acknowledgement,Review and acknowledge required policies,Employee,Please review and acknowledge the required policies.,Escalate to HR if acknowledgement is overdue.,Synthetic onboarding guide,G002,Senior Software Engineer. Acknowledge company policies. Review and acknowledge the required employee policies and code of conduct.. Owner: HR.
G002,Senior Software Engineer,Engineering,Senior Individual Contributor,Technical,G002-T06,6,Preboarding,IT Access,Create company email account,IT creates the employee's corporate email account and confirms activation.,IT,IT,1,True,Email activation confirmation,IT should create and activate the company email,IT,IT has been asked to activate your company email.,Escalate to IT if activation is overdue.,Synthetic onboarding guide,G002,Senior Software Engineer. Create company email account. IT creates the employee's corporate email account and confirms activation.. Owner: IT.
G002,Senior Software Engineer,Engineering,Senior Individual Contributor,Technical,G002-T07,7,Preboarding,IT Equipment,Provision laptop/workstation,IT prepares the approved laptop or workstation and records the device assignment.,IT,IT,2,True,Device assignment confirmation,IT should provision and assign the workstation,IT,IT needs to complete your workstation setup.,Escalate to IT if provisioning is overdue.,Synthetic onboarding guide,G002,Senior Software Engineer. Provision laptop/workstation. IT prepares the approved laptop or workstation and records the device assignment.. Owner: IT.
G002,Senior Software Engineer,Engineering,Senior Individual Contributor,Technical,G002-T08,8,Preboarding,Access Management,Provision standard system access,IT provisions the standard applications and access required for the employee's role.,IT,IT,2,True,Access provisioning record,IT should provision standard role access,IT,Your standard system access is being prepared.,Escalate to IT if access is overdue.,Synthetic onboarding guide,G002,Senior Software Engineer. Provision standard system access. IT provisions the standard applications and access required for the employee's role.. Owner: IT.
G002,Senior Software Engineer,Engineering,Senior Individual Contributor,Technical,G002-T09,9,Day 1,Orientation,Attend company orientation,"Attend the company orientation covering organization, workplace practices and key contacts.",Employee,HR,0,True,Orientation attendance,Attend the company orientation,Employee,Please attend your scheduled company orientation.,Escalate to HR if attendance is missing.,Synthetic onboarding guide,G002,"Senior Software Engineer. Attend company orientation. Attend the company orientation covering organization, workplace practices and key contacts.. Owner: HR."
G002,Senior Software Engineer,Engineering,Senior Individual Contributor,Technical,G002-T10,10,Day 1,Security,Complete security awareness training,Complete mandatory security and acceptable-use training before full access is granted.,Employee,Security,1,True,Training completion record,Complete security awareness training,Employee,Please complete the required security training.,Escalate to Security/HR if overdue.,Synthetic onboarding guide,G002,Senior Software Engineer. Complete security awareness training. Complete mandatory security and acceptable-use training before full access is granted.. Owner: Security.
G002,Senior Software Engineer,Engineering,Senior Individual Contributor,Technical,G002-T11,11,Day 1,Manager Setup,Meet reporting manager,Attend the initial meeting with the reporting manager to review responsibilities and first-week priorities.,Employee,Manager,1,True,Manager meeting confirmation,Complete the manager onboarding meeting,Employee,Please attend your manager onboarding meeting.,Escalate to the manager if not scheduled.,Synthetic onboarding guide,G002,Senior Software Engineer. Meet reporting manager. Attend the initial meeting with the reporting manager to review responsibilities and first-week priorities.. Owner: Manager.
G002,Senior Software Engineer,Engineering,Senior Individual Contributor,Technical,G002-T12,12,Week 1,Team Integration,Complete team introduction,Meet key team members and understand team communication and collaboration practices.,Employee,Manager,3,True,Team introduction confirmation,Complete the team introduction activities,Employee,Please complete your team introductions.,Escalate to manager if not completed.,Synthetic onboarding guide,G002,Senior Software Engineer. Complete team introduction. Meet key team members and understand team communication and collaboration practices.. Owner: Manager.
G002,Senior Software Engineer,Engineering,Senior Individual Contributor,Technical,G002-T13,13,Week 1,Onboarding Plan,Review role-specific onboarding plan,"Review the role-specific responsibilities, tools, goals and onboarding expectations with the manager.",Employee,Manager,5,True,Onboarding plan acknowledgement,Review the role-specific onboarding plan,Employee,Please review your role-specific onboarding plan.,Escalate to manager if incomplete.,Synthetic onboarding guide,G002,"Senior Software Engineer. Review role-specific onboarding plan. Review the role-specific responsibilities, tools, goals and onboarding expectations with the manager.. Owner: Manager."
G002,Senior Software Engineer,Engineering,Senior Individual Contributor,Technical,G002-T14,14,Week 1,Access Management,Confirm required access,Employee confirms that all required systems and applications are accessible and reports missing access.,Employee,IT,5,True,Access confirmation or access issue,Confirm required system access,Employee,Please confirm that you can access the required systems.,Escalate missing access to IT.,Synthetic onboarding guide,G002,Senior Software Engineer. Confirm required access. Employee confirms that all required systems and applications are accessible and reports missing access.. Owner: IT.
G002,Senior Software Engineer,Engineering,Senior Individual Contributor,Technical,G002-T15,15,Week 2,Manager Setup,Complete first-week check-in,"Complete a structured check-in with the manager to review progress, blockers and next priorities.",Employee,Manager,7,True,Check-in confirmation,Complete the manager check-in,Employee,Please complete your first-week manager check-in.,Escalate to manager if not completed.,Synthetic onboarding guide,G002,"Senior Software Engineer. Complete first-week check-in. Complete a structured check-in with the manager to review progress, blockers and next priorities.. Owner: Manager."
G002,Senior Software Engineer,Engineering,Senior Individual Contributor,Technical,G002-T16,16,Role Setup,Engineering Access,Get source-code repository access,Receive access to the engineering repositories required for the role.,IT,IT,3,True,Task completion confirmation,Complete or confirm: Get source-code repository access,IT,Please complete the required onboarding task: Get source-code repository access.,Escalate to the role manager if Get source-code repository access is overdue.,Synthetic role-specific guide,G002,Senior Software Engineer. Get source-code repository access. Receive access to the engineering repositories required for the role.. Owner: IT.
G002,Senior Software Engineer,Engineering,Senior Individual Contributor,Technical,G002-T17,17,Role Setup,Architecture,Review system architecture and service ownership,"Review architecture, service ownership and key technical dependencies.",Employee,Manager,5,True,Task completion confirmation,Complete or confirm: Review system architecture and service ownership,Employee,Please complete the required onboarding task: Review system architecture and service ownership.,Escalate to the role manager if Review system architecture and service ownership is overdue.,Synthetic role-specific guide,G002,"Senior Software Engineer. Review system architecture and service ownership. Review architecture, service ownership and key technical dependencies.. Owner: Manager."
G002,Senior Software Engineer,Engineering,Senior Individual Contributor,Technical,G002-T18,18,Role Setup,Engineering Process,"Review coding, review and release standards",Review engineering standards and release responsibilities.,Employee,Manager,5,True,Task completion confirmation,"Complete or confirm: Review coding, review and release standards",Employee,"Please complete the required onboarding task: Review coding, review and release standards.","Escalate to the role manager if Review coding, review and release standards is overdue.",Synthetic role-specific guide,G002,"Senior Software Engineer. Review coding, review and release standards. Review engineering standards and release responsibilities.. Owner: Manager."
G003,Frontend Developer,Engineering,Individual Contributor,Technical,G003-T01,1,Preboarding,Identity & Compliance,Submit identity verification documents,Upload the required identity documents for employment verification.,Employee,HR,0,True,Identity documents submitted,Request the missing identity document,HR,Please submit the missing identity document.,Escalate to HR if not submitted within 2 business days.,Synthetic onboarding guide,G003,Frontend Developer. Submit identity verification documents. Upload the required identity documents for employment verification.. Owner: HR.
G003,Frontend Developer,Engineering,Individual Contributor,Technical,G003-T02,2,Preboarding,Employment,Review and sign employment agreement,Review the employment agreement and electronically sign it before the joining date.,Employee,HR,0,True,Signed employment agreement,Complete and sign the employment agreement,HR,Please review and sign your employment agreement.,Escalate to HR if signature is overdue.,Synthetic onboarding guide,G003,Frontend Developer. Review and sign employment agreement. Review the employment agreement and electronically sign it before the joining date.. Owner: HR.
G003,Frontend Developer,Engineering,Individual Contributor,Technical,G003-T03,3,Preboarding,Payroll,Submit payroll and bank information,Provide the approved payroll information required to process salary payments.,Employee,Finance/HR,1,True,Payroll information submitted,Submit the missing payroll information,Employee,Please complete your payroll information.,Escalate to HR if payroll information remains missing.,Synthetic onboarding guide,G003,Frontend Developer. Submit payroll and bank information. Provide the approved payroll information required to process salary payments.. Owner: Finance/HR.
G003,Frontend Developer,Engineering,Individual Contributor,Technical,G003-T04,4,Preboarding,HR Forms,Complete employee information form,Complete required employee profile and emergency-contact information using the onboarding form.,Employee,HR,1,True,Completed HR form,Complete the employee information form,Employee,Please complete your employee information form.,Escalate to HR if incomplete.,Synthetic onboarding guide,G003,Frontend Developer. Complete employee information form. Complete required employee profile and emergency-contact information using the onboarding form.. Owner: HR.
G003,Frontend Developer,Engineering,Individual Contributor,Technical,G003-T05,5,Preboarding,Policy,Acknowledge company policies,Review and acknowledge the required employee policies and code of conduct.,Employee,HR,2,True,Policy acknowledgement,Review and acknowledge required policies,Employee,Please review and acknowledge the required policies.,Escalate to HR if acknowledgement is overdue.,Synthetic onboarding guide,G003,Frontend Developer. Acknowledge company policies. Review and acknowledge the required employee policies and code of conduct.. Owner: HR.
G003,Frontend Developer,Engineering,Individual Contributor,Technical,G003-T06,6,Preboarding,IT Access,Create company email account,IT creates the employee's corporate email account and confirms activation.,IT,IT,1,True,Email activation confirmation,IT should create and activate the company email,IT,IT has been asked to activate your company email.,Escalate to IT if activation is overdue.,Synthetic onboarding guide,G003,Frontend Developer. Create company email account. IT creates the employee's corporate email account and confirms activation.. Owner: IT.
G003,Frontend Developer,Engineering,Individual Contributor,Technical,G003-T07,7,Preboarding,IT Equipment,Provision laptop/workstation,IT prepares the approved laptop or workstation and records the device assignment.,IT,IT,2,True,Device assignment confirmation,IT should provision and assign the workstation,IT,IT needs to complete your workstation setup.,Escalate to IT if provisioning is overdue.,Synthetic onboarding guide,G003,Frontend Developer. Provision laptop/workstation. IT prepares the approved laptop or workstation and records the device assignment.. Owner: IT.
G003,Frontend Developer,Engineering,Individual Contributor,Technical,G003-T08,8,Preboarding,Access Management,Provision standard system access,IT provisions the standard applications and access required for the employee's role.,IT,IT,2,True,Access provisioning record,IT should provision standard role access,IT,Your standard system access is being prepared.,Escalate to IT if access is overdue.,Synthetic onboarding guide,G003,Frontend Developer. Provision standard system access. IT provisions the standard applications and access required for the employee's role.. Owner: IT.
G003,Frontend Developer,Engineering,Individual Contributor,Technical,G003-T09,9,Day 1,Orientation,Attend company orientation,"Attend the company orientation covering organization, workplace practices and key contacts.",Employee,HR,0,True,Orientation attendance,Attend the company orientation,Employee,Please attend your scheduled company orientation.,Escalate to HR if attendance is missing.,Synthetic onboarding guide,G003,"Frontend Developer. Attend company orientation. Attend the company orientation covering organization, workplace practices and key contacts.. Owner: HR."
G003,Frontend Developer,Engineering,Individual Contributor,Technical,G003-T10,10,Day 1,Security,Complete security awareness training,Complete mandatory security and acceptable-use training before full access is granted.,Employee,Security,1,True,Training completion record,Complete security awareness training,Employee,Please complete the required security training.,Escalate to Security/HR if overdue.,Synthetic onboarding guide,G003,Frontend Developer. Complete security awareness training. Complete mandatory security and acceptable-use training before full access is granted.. Owner: Security.
G003,Frontend Developer,Engineering,Individual Contributor,Technical,G003-T11,11,Day 1,Manager Setup,Meet reporting manager,Attend the initial meeting with the reporting manager to review responsibilities and first-week priorities.,Employee,Manager,1,True,Manager meeting confirmation,Complete the manager onboarding meeting,Employee,Please attend your manager onboarding meeting.,Escalate to the manager if not scheduled.,Synthetic onboarding guide,G003,Frontend Developer. Meet reporting manager. Attend the initial meeting with the reporting manager to review responsibilities and first-week priorities.. Owner: Manager.
G003,Frontend Developer,Engineering,Individual Contributor,Technical,G003-T12,12,Week 1,Team Integration,Complete team introduction,Meet key team members and understand team communication and collaboration practices.,Employee,Manager,3,True,Team introduction confirmation,Complete the team introduction activities,Employee,Please complete your team introductions.,Escalate to manager if not completed.,Synthetic onboarding guide,G003,Frontend Developer. Complete team introduction. Meet key team members and understand team communication and collaboration practices.. Owner: Manager.
G003,Frontend Developer,Engineering,Individual Contributor,Technical,G003-T13,13,Week 1,Onboarding Plan,Review role-specific onboarding plan,"Review the role-specific responsibilities, tools, goals and onboarding expectations with the manager.",Employee,Manager,5,True,Onboarding plan acknowledgement,Review the role-specific onboarding plan,Employee,Please review your role-specific onboarding plan.,Escalate to manager if incomplete.,Synthetic onboarding guide,G003,"Frontend Developer. Review role-specific onboarding plan. Review the role-specific responsibilities, tools, goals and onboarding expectations with the manager.. Owner: Manager."
G003,Frontend Developer,Engineering,Individual Contributor,Technical,G003-T14,14,Week 1,Access Management,Confirm required access,Employee confirms that all required systems and applications are accessible and reports missing access.,Employee,IT,5,True,Access confirmation or access issue,Confirm required system access,Employee,Please confirm that you can access the required systems.,Escalate missing access to IT.,Synthetic onboarding guide,G003,Frontend Developer. Confirm required access. Employee confirms that all required systems and applications are accessible and reports missing access.. Owner: IT.
G003,Frontend Developer,Engineering,Individual Contributor,Technical,G003-T15,15,Week 2,Manager Setup,Complete first-week check-in,"Complete a structured check-in with the manager to review progress, blockers and next priorities.",Employee,Manager,7,True,Check-in confirmation,Complete the manager check-in,Employee,Please complete your first-week manager check-in.,Escalate to manager if not completed.,Synthetic onboarding guide,G003,"Frontend Developer. Complete first-week check-in. Complete a structured check-in with the manager to review progress, blockers and next priorities.. Owner: Manager."
G003,Frontend Developer,Engineering,Individual Contributor,Technical,G003-T16,16,Role Setup,Engineering Access,Get frontend repository access,Receive access to frontend repositories and component libraries.,IT,IT,3,True,Task completion confirmation,Complete or confirm: Get frontend repository access,IT,Please complete the required onboarding task: Get frontend repository access.,Escalate to the role manager if Get frontend repository access is overdue.,Synthetic role-specific guide,G003,Frontend Developer. Get frontend repository access. Receive access to frontend repositories and component libraries.. Owner: IT.
G003,Frontend Developer,Engineering,Individual Contributor,Technical,G003-T17,17,Role Setup,Development Environment,Set up frontend development environment,Install and validate approved frontend tools and dependencies.,Employee,IT,5,True,Task completion confirmation,Complete or confirm: Set up frontend development environment,Employee,Please complete the required onboarding task: Set up frontend development environment.,Escalate to the role manager if Set up frontend development environment is overdue.,Synthetic role-specific guide,G003,Frontend Developer. Set up frontend development environment. Install and validate approved frontend tools and dependencies.. Owner: IT.
G003,Frontend Developer,Engineering,Individual Contributor,Technical,G003-T18,18,Role Setup,Design System,Review UI component and design system,Review the approved component library and design standards.,Employee,Manager,5,True,Task completion confirmation,Complete or confirm: Review UI component and design system,Employee,Please complete the required onboarding task: Review UI component and design system.,Escalate to the role manager if Review UI component and design system is overdue.,Synthetic role-specific guide,G003,Frontend Developer. Review UI component and design system. Review the approved component library and design standards.. Owner: Manager.
G004,Backend Developer,Engineering,Individual Contributor,Technical,G004-T01,1,Preboarding,Identity & Compliance,Submit identity verification documents,Upload the required identity documents for employment verification.,Employee,HR,0,True,Identity documents submitted,Request the missing identity document,HR,Please submit the missing identity document.,Escalate to HR if not submitted within 2 business days.,Synthetic onboarding guide,G004,Backend Developer. Submit identity verification documents. Upload the required identity documents for employment verification.. Owner: HR.
G004,Backend Developer,Engineering,Individual Contributor,Technical,G004-T02,2,Preboarding,Employment,Review and sign employment agreement,Review the employment agreement and electronically sign it before the joining date.,Employee,HR,0,True,Signed employment agreement,Complete and sign the employment agreement,HR,Please review and sign your employment agreement.,Escalate to HR if signature is overdue.,Synthetic onboarding guide,G004,Backend Developer. Review and sign employment agreement. Review the employment agreement and electronically sign it before the joining date.. Owner: HR.
G004,Backend Developer,Engineering,Individual Contributor,Technical,G004-T03,3,Preboarding,Payroll,Submit payroll and bank information,Provide the approved payroll information required to process salary payments.,Employee,Finance/HR,1,True,Payroll information submitted,Submit the missing payroll information,Employee,Please complete your payroll information.,Escalate to HR if payroll information remains missing.,Synthetic onboarding guide,G004,Backend Developer. Submit payroll and bank information. Provide the approved payroll information required to process salary payments.. Owner: Finance/HR.
G004,Backend Developer,Engineering,Individual Contributor,Technical,G004-T04,4,Preboarding,HR Forms,Complete employee information form,Complete required employee profile and emergency-contact information using the onboarding form.,Employee,HR,1,True,Completed HR form,Complete the employee information form,Employee,Please complete your employee information form.,Escalate to HR if incomplete.,Synthetic onboarding guide,G004,Backend Developer. Complete employee information form. Complete required employee profile and emergency-contact information using the onboarding form.. Owner: HR.
G004,Backend Developer,Engineering,Individual Contributor,Technical,G004-T05,5,Preboarding,Policy,Acknowledge company policies,Review and acknowledge the required employee policies and code of conduct.,Employee,HR,2,True,Policy acknowledgement,Review and acknowledge required policies,Employee,Please review and acknowledge the required policies.,Escalate to HR if acknowledgement is overdue.,Synthetic onboarding guide,G004,Backend Developer. Acknowledge company policies. Review and acknowledge the required employee policies and code of conduct.. Owner: HR.
G004,Backend Developer,Engineering,Individual Contributor,Technical,G004-T06,6,Preboarding,IT Access,Create company email account,IT creates the employee's corporate email account and confirms activation.,IT,IT,1,True,Email activation confirmation,IT should create and activate the company email,IT,IT has been asked to activate your company email.,Escalate to IT if activation is overdue.,Synthetic onboarding guide,G004,Backend Developer. Create company email account. IT creates the employee's corporate email account and confirms activation.. Owner: IT.
G004,Backend Developer,Engineering,Individual Contributor,Technical,G004-T07,7,Preboarding,IT Equipment,Provision laptop/workstation,IT prepares the approved laptop or workstation and records the device assignment.,IT,IT,2,True,Device assignment confirmation,IT should provision and assign the workstation,IT,IT needs to complete your workstation setup.,Escalate to IT if provisioning is overdue.,Synthetic onboarding guide,G004,Backend Developer. Provision laptop/workstation. IT prepares the approved laptop or workstation and records the device assignment.. Owner: IT.
G004,Backend Developer,Engineering,Individual Contributor,Technical,G004-T08,8,Preboarding,Access Management,Provision standard system access,IT provisions the standard applications and access required for the employee's role.,IT,IT,2,True,Access provisioning record,IT should provision standard role access,IT,Your standard system access is being prepared.,Escalate to IT if access is overdue.,Synthetic onboarding guide,G004,Backend Developer. Provision standard system access. IT provisions the standard applications and access required for the employee's role.. Owner: IT.
G004,Backend Developer,Engineering,Individual Contributor,Technical,G004-T09,9,Day 1,Orientation,Attend company orientation,"Attend the company orientation covering organization, workplace practices and key contacts.",Employee,HR,0,True,Orientation attendance,Attend the company orientation,Employee,Please attend your scheduled company orientation.,Escalate to HR if attendance is missing.,Synthetic onboarding guide,G004,"Backend Developer. Attend company orientation. Attend the company orientation covering organization, workplace practices and key contacts.. Owner: HR."
G004,Backend Developer,Engineering,Individual Contributor,Technical,G004-T10,10,Day 1,Security,Complete security awareness training,Complete mandatory security and acceptable-use training before full access is granted.,Employee,Security,1,True,Training completion record,Complete security awareness training,Employee,Please complete the required security training.,Escalate to Security/HR if overdue.,Synthetic onboarding guide,G004,Backend Developer. Complete security awareness training. Complete mandatory security and acceptable-use training before full access is granted.. Owner: Security.
G004,Backend Developer,Engineering,Individual Contributor,Technical,G004-T11,11,Day 1,Manager Setup,Meet reporting manager,Attend the initial meeting with the reporting manager to review responsibilities and first-week priorities.,Employee,Manager,1,True,Manager meeting confirmation,Complete the manager onboarding meeting,Employee,Please attend your manager onboarding meeting.,Escalate to the manager if not scheduled.,Synthetic onboarding guide,G004,Backend Developer. Meet reporting manager. Attend the initial meeting with the reporting manager to review responsibilities and first-week priorities.. Owner: Manager.
G004,Backend Developer,Engineering,Individual Contributor,Technical,G004-T12,12,Week 1,Team Integration,Complete team introduction,Meet key team members and understand team communication and collaboration practices.,Employee,Manager,3,True,Team introduction confirmation,Complete the team introduction activities,Employee,Please complete your team introductions.,Escalate to manager if not completed.,Synthetic onboarding guide,G004,Backend Developer. Complete team introduction. Meet key team members and understand team communication and collaboration practices.. Owner: Manager.
G004,Backend Developer,Engineering,Individual Contributor,Technical,G004-T13,13,Week 1,Onboarding Plan,Review role-specific onboarding plan,"Review the role-specific responsibilities, tools, goals and onboarding expectations with the manager.",Employee,Manager,5,True,Onboarding plan acknowledgement,Review the role-specific onboarding plan,Employee,Please review your role-specific onboarding plan.,Escalate to manager if incomplete.,Synthetic onboarding guide,G004,"Backend Developer. Review role-specific onboarding plan. Review the role-specific responsibilities, tools, goals and onboarding expectations with the manager.. Owner: Manager."
G004,Backend Developer,Engineering,Individual Contributor,Technical,G004-T14,14,Week 1,Access Management,Confirm required access,Employee confirms that all required systems and applications are accessible and reports missing access.,Employee,IT,5,True,Access confirmation or access issue,Confirm required system access,Employee,Please confirm that you can access the required systems.,Escalate missing access to IT.,Synthetic onboarding guide,G004,Backend Developer. Confirm required access. Employee confirms that all required systems and applications are accessible and reports missing access.. Owner: IT.
G004,Backend Developer,Engineering,Individual Contributor,Technical,G004-T15,15,Week 2,Manager Setup,Complete first-week check-in,"Complete a structured check-in with the manager to review progress, blockers and next priorities.",Employee,Manager,7,True,Check-in confirmation,Complete the manager check-in,Employee,Please complete your first-week manager check-in.,Escalate to manager if not completed.,Synthetic onboarding guide,G004,"Backend Developer. Complete first-week check-in. Complete a structured check-in with the manager to review progress, blockers and next priorities.. Owner: Manager."
G004,Backend Developer,Engineering,Individual Contributor,Technical,G004-T16,16,Role Setup,Engineering Access,Get backend repository access,Receive access to backend repositories and services.,IT,IT,3,True,Task completion confirmation,Complete or confirm: Get backend repository access,IT,Please complete the required onboarding task: Get backend repository access.,Escalate to the role manager if Get backend repository access is overdue.,Synthetic role-specific guide,G004,Backend Developer. Get backend repository access. Receive access to backend repositories and services.. Owner: IT.
G004,Backend Developer,Engineering,Individual Contributor,Technical,G004-T17,17,Role Setup,Development Environment,Set up backend development environment,"Install and validate backend tools, runtimes and dependencies.",Employee,IT,5,True,Task completion confirmation,Complete or confirm: Set up backend development environment,Employee,Please complete the required onboarding task: Set up backend development environment.,Escalate to the role manager if Set up backend development environment is overdue.,Synthetic role-specific guide,G004,"Backend Developer. Set up backend development environment. Install and validate backend tools, runtimes and dependencies.. Owner: IT."
G004,Backend Developer,Engineering,Individual Contributor,Technical,G004-T18,18,Role Setup,API Standards,Review API and service standards,"Review API conventions, service ownership and development workflow.",Employee,Manager,5,True,Task completion confirmation,Complete or confirm: Review API and service standards,Employee,Please complete the required onboarding task: Review API and service standards.,Escalate to the role manager if Review API and service standards is overdue.,Synthetic role-specific guide,G004,"Backend Developer. Review API and service standards. Review API conventions, service ownership and development workflow.. Owner: Manager."
G005,Full Stack Developer,Engineering,Individual Contributor,Technical,G005-T01,1,Preboarding,Identity & Compliance,Submit identity verification documents,Upload the required identity documents for employment verification.,Employee,HR,0,True,Identity documents submitted,Request the missing identity document,HR,Please submit the missing identity document.,Escalate to HR if not submitted within 2 business days.,Synthetic onboarding guide,G005,Full Stack Developer. Submit identity verification documents. Upload the required identity documents for employment verification.. Owner: HR.
G005,Full Stack Developer,Engineering,Individual Contributor,Technical,G005-T02,2,Preboarding,Employment,Review and sign employment agreement,Review the employment agreement and electronically sign it before the joining date.,Employee,HR,0,True,Signed employment agreement,Complete and sign the employment agreement,HR,Please review and sign your employment agreement.,Escalate to HR if signature is overdue.,Synthetic onboarding guide,G005,Full Stack Developer. Review and sign employment agreement. Review the employment agreement and electronically sign it before the joining date.. Owner: HR.
G005,Full Stack Developer,Engineering,Individual Contributor,Technical,G005-T03,3,Preboarding,Payroll,Submit payroll and bank information,Provide the approved payroll information required to process salary payments.,Employee,Finance/HR,1,True,Payroll information submitted,Submit the missing payroll information,Employee,Please complete your payroll information.,Escalate to HR if payroll information remains missing.,Synthetic onboarding guide,G005,Full Stack Developer. Submit payroll and bank information. Provide the approved payroll information required to process salary payments.. Owner: Finance/HR.
G005,Full Stack Developer,Engineering,Individual Contributor,Technical,G005-T04,4,Preboarding,HR Forms,Complete employee information form,Complete required employee profile and emergency-contact information using the onboarding form.,Employee,HR,1,True,Completed HR form,Complete the employee information form,Employee,Please complete your employee information form.,Escalate to HR if incomplete.,Synthetic onboarding guide,G005,Full Stack Developer. Complete employee information form. Complete required employee profile and emergency-contact information using the onboarding form.. Owner: HR.
G005,Full Stack Developer,Engineering,Individual Contributor,Technical,G005-T05,5,Preboarding,Policy,Acknowledge company policies,Review and acknowledge the required employee policies and code of conduct.,Employee,HR,2,True,Policy acknowledgement,Review and acknowledge required policies,Employee,Please review and acknowledge the required policies.,Escalate to HR if acknowledgement is overdue.,Synthetic onboarding guide,G005,Full Stack Developer. Acknowledge company policies. Review and acknowledge the required employee policies and code of conduct.. Owner: HR.
G005,Full Stack Developer,Engineering,Individual Contributor,Technical,G005-T06,6,Preboarding,IT Access,Create company email account,IT creates the employee's corporate email account and confirms activation.,IT,IT,1,True,Email activation confirmation,IT should create and activate the company email,IT,IT has been asked to activate your company email.,Escalate to IT if activation is overdue.,Synthetic onboarding guide,G005,Full Stack Developer. Create company email account. IT creates the employee's corporate email account and confirms activation.. Owner: IT.
G005,Full Stack Developer,Engineering,Individual Contributor,Technical,G005-T07,7,Preboarding,IT Equipment,Provision laptop/workstation,IT prepares the approved laptop or workstation and records the device assignment.,IT,IT,2,True,Device assignment confirmation,IT should provision and assign the workstation,IT,IT needs to complete your workstation setup.,Escalate to IT if provisioning is overdue.,Synthetic onboarding guide,G005,Full Stack Developer. Provision laptop/workstation. IT prepares the approved laptop or workstation and records the device assignment.. Owner: IT.
G005,Full Stack Developer,Engineering,Individual Contributor,Technical,G005-T08,8,Preboarding,Access Management,Provision standard system access,IT provisions the standard applications and access required for the employee's role.,IT,IT,2,True,Access provisioning record,IT should provision standard role access,IT,Your standard system access is being prepared.,Escalate to IT if access is overdue.,Synthetic onboarding guide,G005,Full Stack Developer. Provision standard system access. IT provisions the standard applications and access required for the employee's role.. Owner: IT.
G005,Full Stack Developer,Engineering,Individual Contributor,Technical,G005-T09,9,Day 1,Orientation,Attend company orientation,"Attend the company orientation covering organization, workplace practices and key contacts.",Employee,HR,0,True,Orientation attendance,Attend the company orientation,Employee,Please attend your scheduled company orientation.,Escalate to HR if attendance is missing.,Synthetic onboarding guide,G005,"Full Stack Developer. Attend company orientation. Attend the company orientation covering organization, workplace practices and key contacts.. Owner: HR."
G005,Full Stack Developer,Engineering,Individual Contributor,Technical,G005-T10,10,Day 1,Security,Complete security awareness training,Complete mandatory security and acceptable-use training before full access is granted.,Employee,Security,1,True,Training completion record,Complete security awareness training,Employee,Please complete the required security training.,Escalate to Security/HR if overdue.,Synthetic onboarding guide,G005,Full Stack Developer. Complete security awareness training. Complete mandatory security and acceptable-use training before full access is granted.. Owner: Security.
G005,Full Stack Developer,Engineering,Individual Contributor,Technical,G005-T11,11,Day 1,Manager Setup,Meet reporting manager,Attend the initial meeting with the reporting manager to review responsibilities and first-week priorities.,Employee,Manager,1,True,Manager meeting confirmation,Complete the manager onboarding meeting,Employee,Please attend your manager onboarding meeting.,Escalate to the manager if not scheduled.,Synthetic onboarding guide,G005,Full Stack Developer. Meet reporting manager. Attend the initial meeting with the reporting manager to review responsibilities and first-week priorities.. Owner: Manager.
G005,Full Stack Developer,Engineering,Individual Contributor,Technical,G005-T12,12,Week 1,Team Integration,Complete team introduction,Meet key team members and understand team communication and collaboration practices.,Employee,Manager,3,True,Team introduction confirmation,Complete the team introduction activities,Employee,Please complete your team introductions.,Escalate to manager if not completed.,Synthetic onboarding guide,G005,Full Stack Developer. Complete team introduction. Meet key team members and understand team communication and collaboration practices.. Owner: Manager.
G005,Full Stack Developer,Engineering,Individual Contributor,Technical,G005-T13,13,Week 1,Onboarding Plan,Review role-specific onboarding plan,"Review the role-specific responsibilities, tools, goals and onboarding expectations with the manager.",Employee,Manager,5,True,Onboarding plan acknowledgement,Review the role-specific onboarding plan,Employee,Please review your role-specific onboarding plan.,Escalate to manager if incomplete.,Synthetic onboarding guide,G005,"Full Stack Developer. Review role-specific onboarding plan. Review the role-specific responsibilities, tools, goals and onboarding expectations with the manager.. Owner: Manager."
G005,Full Stack Developer,Engineering,Individual Contributor,Technical,G005-T14,14,Week 1,Access Management,Confirm required access,Employee confirms that all required systems and applications are accessible and reports missing access.,Employee,IT,5,True,Access confirmation or access issue,Confirm required system access,Employee,Please confirm that you can access the required systems.,Escalate missing access to IT.,Synthetic onboarding guide,G005,Full Stack Developer. Confirm required access. Employee confirms that all required systems and applications are accessible and reports missing access.. Owner: IT.
G005,Full Stack Developer,Engineering,Individual Contributor,Technical,G005-T15,15,Week 2,Manager Setup,Complete first-week check-in,"Complete a structured check-in with the manager to review progress, blockers and next priorities.",Employee,Manager,7,True,Check-in confirmation,Complete the manager check-in,Employee,Please complete your first-week manager check-in.,Escalate to manager if not completed.,Synthetic onboarding guide,G005,"Full Stack Developer. Complete first-week check-in. Complete a structured check-in with the manager to review progress, blockers and next priorities.. Owner: Manager."
G005,Full Stack Developer,Engineering,Individual Contributor,Technical,G005-T16,16,Role Setup,Engineering Access,Get application repository access,Receive access to frontend and backend repositories.,IT,IT,3,True,Task completion confirmation,Complete or confirm: Get application repository access,IT,Please complete the required onboarding task: Get application repository access.,Escalate to the role manager if Get application repository access is overdue.,Synthetic role-specific guide,G005,Full Stack Developer. Get application repository access. Receive access to frontend and backend repositories.. Owner: IT.
G005,Full Stack Developer,Engineering,Individual Contributor,Technical,G005-T17,17,Role Setup,Development Environment,Set up full-stack development environment,Install and validate the approved full-stack development tools.,Employee,IT,5,True,Task completion confirmation,Complete or confirm: Set up full-stack development environment,Employee,Please complete the required onboarding task: Set up full-stack development environment.,Escalate to the role manager if Set up full-stack development environment is overdue.,Synthetic role-specific guide,G005,Full Stack Developer. Set up full-stack development environment. Install and validate the approved full-stack development tools.. Owner: IT.
G005,Full Stack Developer,Engineering,Individual Contributor,Technical,G005-T18,18,Role Setup,Architecture,Review application architecture,"Review the frontend, backend and data flow of the main application.",Employee,Manager,5,True,Task completion confirmation,Complete or confirm: Review application architecture,Employee,Please complete the required onboarding task: Review application architecture.,Escalate to the role manager if Review application architecture is overdue.,Synthetic role-specific guide,G005,"Full Stack Developer. Review application architecture. Review the frontend, backend and data flow of the main application.. Owner: Manager."
G006,Mobile App Developer,Engineering,Individual Contributor,Technical,G006-T01,1,Preboarding,Identity & Compliance,Submit identity verification documents,Upload the required identity documents for employment verification.,Employee,HR,0,True,Identity documents submitted,Request the missing identity document,HR,Please submit the missing identity document.,Escalate to HR if not submitted within 2 business days.,Synthetic onboarding guide,G006,Mobile App Developer. Submit identity verification documents. Upload the required identity documents for employment verification.. Owner: HR.
G006,Mobile App Developer,Engineering,Individual Contributor,Technical,G006-T02,2,Preboarding,Employment,Review and sign employment agreement,Review the employment agreement and electronically sign it before the joining date.,Employee,HR,0,True,Signed employment agreement,Complete and sign the employment agreement,HR,Please review and sign your employment agreement.,Escalate to HR if signature is overdue.,Synthetic onboarding guide,G006,Mobile App Developer. Review and sign employment agreement. Review the employment agreement and electronically sign it before the joining date.. Owner: HR.
G006,Mobile App Developer,Engineering,Individual Contributor,Technical,G006-T03,3,Preboarding,Payroll,Submit payroll and bank information,Provide the approved payroll information required to process salary payments.,Employee,Finance/HR,1,True,Payroll information submitted,Submit the missing payroll information,Employee,Please complete your payroll information.,Escalate to HR if payroll information remains missing.,Synthetic onboarding guide,G006,Mobile App Developer. Submit payroll and bank information. Provide the approved payroll information required to process salary payments.. Owner: Finance/HR.
G006,Mobile App Developer,Engineering,Individual Contributor,Technical,G006-T04,4,Preboarding,HR Forms,Complete employee information form,Complete required employee profile and emergency-contact information using the onboarding form.,Employee,HR,1,True,Completed HR form,Complete the employee information form,Employee,Please complete your employee information form.,Escalate to HR if incomplete.,Synthetic onboarding guide,G006,Mobile App Developer. Complete employee information form. Complete required employee profile and emergency-contact information using the onboarding form.. Owner: HR.
G006,Mobile App Developer,Engineering,Individual Contributor,Technical,G006-T05,5,Preboarding,Policy,Acknowledge company policies,Review and acknowledge the required employee policies and code of conduct.,Employee,HR,2,True,Policy acknowledgement,Review and acknowledge required policies,Employee,Please review and acknowledge the required policies.,Escalate to HR if acknowledgement is overdue.,Synthetic onboarding guide,G006,Mobile App Developer. Acknowledge company policies. Review and acknowledge the required employee policies and code of conduct.. Owner: HR.
G006,Mobile App Developer,Engineering,Individual Contributor,Technical,G006-T06,6,Preboarding,IT Access,Create company email account,IT creates the employee's corporate email account and confirms activation.,IT,IT,1,True,Email activation confirmation,IT should create and activate the company email,IT,IT has been asked to activate your company email.,Escalate to IT if activation is overdue.,Synthetic onboarding guide,G006,Mobile App Developer. Create company email account. IT creates the employee's corporate email account and confirms activation.. Owner: IT.
G006,Mobile App Developer,Engineering,Individual Contributor,Technical,G006-T07,7,Preboarding,IT Equipment,Provision laptop/workstation,IT prepares the approved laptop or workstation and records the device assignment.,IT,IT,2,True,Device assignment confirmation,IT should provision and assign the workstation,IT,IT needs to complete your workstation setup.,Escalate to IT if provisioning is overdue.,Synthetic onboarding guide,G006,Mobile App Developer. Provision laptop/workstation. IT prepares the approved laptop or workstation and records the device assignment.. Owner: IT.
G006,Mobile App Developer,Engineering,Individual Contributor,Technical,G006-T08,8,Preboarding,Access Management,Provision standard system access,IT provisions the standard applications and access required for the employee's role.,IT,IT,2,True,Access provisioning record,IT should provision standard role access,IT,Your standard system access is being prepared.,Escalate to IT if access is overdue.,Synthetic onboarding guide,G006,Mobile App Developer. Provision standard system access. IT provisions the standard applications and access required for the employee's role.. Owner: IT.
G006,Mobile App Developer,Engineering,Individual Contributor,Technical,G006-T09,9,Day 1,Orientation,Attend company orientation,"Attend the company orientation covering organization, workplace practices and key contacts.",Employee,HR,0,True,Orientation attendance,Attend the company orientation,Employee,Please attend your scheduled company orientation.,Escalate to HR if attendance is missing.,Synthetic onboarding guide,G006,"Mobile App Developer. Attend company orientation. Attend the company orientation covering organization, workplace practices and key contacts.. Owner: HR."
G006,Mobile App Developer,Engineering,Individual Contributor,Technical,G006-T10,10,Day 1,Security,Complete security awareness training,Complete mandatory security and acceptable-use training before full access is granted.,Employee,Security,1,True,Training completion record,Complete security awareness training,Employee,Please complete the required security training.,Escalate to Security/HR if overdue.,Synthetic onboarding guide,G006,Mobile App Developer. Complete security awareness training. Complete mandatory security and acceptable-use training before full access is granted.. Owner: Security.
G006,Mobile App Developer,Engineering,Individual Contributor,Technical,G006-T11,11,Day 1,Manager Setup,Meet reporting manager,Attend the initial meeting with the reporting manager to review responsibilities and first-week priorities.,Employee,Manager,1,True,Manager meeting confirmation,Complete the manager onboarding meeting,Employee,Please attend your manager onboarding meeting.,Escalate to the manager if not scheduled.,Synthetic onboarding guide,G006,Mobile App Developer. Meet reporting manager. Attend the initial meeting with the reporting manager to review responsibilities and first-week priorities.. Owner: Manager.
G006,Mobile App Developer,Engineering,Individual Contributor,Technical,G006-T12,12,Week 1,Team Integration,Complete team introduction,Meet key team members and understand team communication and collaboration practices.,Employee,Manager,3,True,Team introduction confirmation,Complete the team introduction activities,Employee,Please complete your team introductions.,Escalate to manager if not completed.,Synthetic onboarding guide,G006,Mobile App Developer. Complete team introduction. Meet key team members and understand team communication and collaboration practices.. Owner: Manager.
G006,Mobile App Developer,Engineering,Individual Contributor,Technical,G006-T13,13,Week 1,Onboarding Plan,Review role-specific onboarding plan,"Review the role-specific responsibilities, tools, goals and onboarding expectations with the manager.",Employee,Manager,5,True,Onboarding plan acknowledgement,Review the role-specific onboarding plan,Employee,Please review your role-specific onboarding plan.,Escalate to manager if incomplete.,Synthetic onboarding guide,G006,"Mobile App Developer. Review role-specific onboarding plan. Review the role-specific responsibilities, tools, goals and onboarding expectations with the manager.. Owner: Manager."
G006,Mobile App Developer,Engineering,Individual Contributor,Technical,G006-T14,14,Week 1,Access Management,Confirm required access,Employee confirms that all required systems and applications are accessible and reports missing access.,Employee,IT,5,True,Access confirmation or access issue,Confirm required system access,Employee,Please confirm that you can access the required systems.,Escalate missing access to IT.,Synthetic onboarding guide,G006,Mobile App Developer. Confirm required access. Employee confirms that all required systems and applications are accessible and reports missing access.. Owner: IT.
G006,Mobile App Developer,Engineering,Individual Contributor,Technical,G006-T15,15,Week 2,Manager Setup,Complete first-week check-in,"Complete a structured check-in with the manager to review progress, blockers and next priorities.",Employee,Manager,7,True,Check-in confirmation,Complete the manager check-in,Employee,Please complete your first-week manager check-in.,Escalate to manager if not completed.,Synthetic onboarding guide,G006,"Mobile App Developer. Complete first-week check-in. Complete a structured check-in with the manager to review progress, blockers and next priorities.. Owner: Manager."
G006,Mobile App Developer,Engineering,Individual Contributor,Technical,G006-T16,16,Role Setup,Engineering Access,Get mobile repository access,Receive access to mobile application repositories.,IT,IT,3,True,Task completion confirmation,Complete or confirm: Get mobile repository access,IT,Please complete the required onboarding task: Get mobile repository access.,Escalate to the role manager if Get mobile repository access is overdue.,Synthetic role-specific guide,G006,Mobile App Developer. Get mobile repository access. Receive access to mobile application repositories.. Owner: IT.
G006,Mobile App Developer,Engineering,Individual Contributor,Technical,G006-T17,17,Role Setup,Development Environment,Set up mobile development environment,Install and validate the approved mobile SDKs and tools.,Employee,IT,5,True,Task completion confirmation,Complete or confirm: Set up mobile development environment,Employee,Please complete the required onboarding task: Set up mobile development environment.,Escalate to the role manager if Set up mobile development environment is overdue.,Synthetic role-specific guide,G006,Mobile App Developer. Set up mobile development environment. Install and validate the approved mobile SDKs and tools.. Owner: IT.
G006,Mobile App Developer,Engineering,Individual Contributor,Technical,G006-T18,18,Role Setup,Release Process,Review mobile build and release process,"Review app build, testing and release procedures.",Employee,Manager,5,True,Task completion confirmation,Complete or confirm: Review mobile build and release process,Employee,Please complete the required onboarding task: Review mobile build and release process.,Escalate to the role manager if Review mobile build and release process is overdue.,Synthetic role-specific guide,G006,"Mobile App Developer. Review mobile build and release process. Review app build, testing and release procedures.. Owner: Manager."
G007,DevOps Engineer,Engineering,Individual Contributor,Technical,G007-T01,1,Preboarding,Identity & Compliance,Submit identity verification documents,Upload the required identity documents for employment verification.,Employee,HR,0,True,Identity documents submitted,Request the missing identity document,HR,Please submit the missing identity document.,Escalate to HR if not submitted within 2 business days.,Synthetic onboarding guide,G007,DevOps Engineer. Submit identity verification documents. Upload the required identity documents for employment verification.. Owner: HR.
G007,DevOps Engineer,Engineering,Individual Contributor,Technical,G007-T02,2,Preboarding,Employment,Review and sign employment agreement,Review the employment agreement and electronically sign it before the joining date.,Employee,HR,0,True,Signed employment agreement,Complete and sign the employment agreement,HR,Please review and sign your employment agreement.,Escalate to HR if signature is overdue.,Synthetic onboarding guide,G007,DevOps Engineer. Review and sign employment agreement. Review the employment agreement and electronically sign it before the joining date.. Owner: HR.
G007,DevOps Engineer,Engineering,Individual Contributor,Technical,G007-T03,3,Preboarding,Payroll,Submit payroll and bank information,Provide the approved payroll information required to process salary payments.,Employee,Finance/HR,1,True,Payroll information submitted,Submit the missing payroll information,Employee,Please complete your payroll information.,Escalate to HR if payroll information remains missing.,Synthetic onboarding guide,G007,DevOps Engineer. Submit payroll and bank information. Provide the approved payroll information required to process salary payments.. Owner: Finance/HR.
G007,DevOps Engineer,Engineering,Individual Contributor,Technical,G007-T04,4,Preboarding,HR Forms,Complete employee information form,Complete required employee profile and emergency-contact information using the onboarding form.,Employee,HR,1,True,Completed HR form,Complete the employee information form,Employee,Please complete your employee information form.,Escalate to HR if incomplete.,Synthetic onboarding guide,G007,DevOps Engineer. Complete employee information form. Complete required employee profile and emergency-contact information using the onboarding form.. Owner: HR.
G007,DevOps Engineer,Engineering,Individual Contributor,Technical,G007-T05,5,Preboarding,Policy,Acknowledge company policies,Review and acknowledge the required employee policies and code of conduct.,Employee,HR,2,True,Policy acknowledgement,Review and acknowledge required policies,Employee,Please review and acknowledge the required policies.,Escalate to HR if acknowledgement is overdue.,Synthetic onboarding guide,G007,DevOps Engineer. Acknowledge company policies. Review and acknowledge the required employee policies and code of conduct.. Owner: HR.
G007,DevOps Engineer,Engineering,Individual Contributor,Technical,G007-T06,6,Preboarding,IT Access,Create company email account,IT creates the employee's corporate email account and confirms activation.,IT,IT,1,True,Email activation confirmation,IT should create and activate the company email,IT,IT has been asked to activate your company email.,Escalate to IT if activation is overdue.,Synthetic onboarding guide,G007,DevOps Engineer. Create company email account. IT creates the employee's corporate email account and confirms activation.. Owner: IT.
G007,DevOps Engineer,Engineering,Individual Contributor,Technical,G007-T07,7,Preboarding,IT Equipment,Provision laptop/workstation,IT prepares the approved laptop or workstation and records the device assignment.,IT,IT,2,True,Device assignment confirmation,IT should provision and assign the workstation,IT,IT needs to complete your workstation setup.,Escalate to IT if provisioning is overdue.,Synthetic onboarding guide,G007,DevOps Engineer. Provision laptop/workstation. IT prepares the approved laptop or workstation and records the device assignment.. Owner: IT.
G007,DevOps Engineer,Engineering,Individual Contributor,Technical,G007-T08,8,Preboarding,Access Management,Provision standard system access,IT provisions the standard applications and access required for the employee's role.,IT,IT,2,True,Access provisioning record,IT should provision standard role access,IT,Your standard system access is being prepared.,Escalate to IT if access is overdue.,Synthetic onboarding guide,G007,DevOps Engineer. Provision standard system access. IT provisions the standard applications and access required for the employee's role.. Owner: IT.
G007,DevOps Engineer,Engineering,Individual Contributor,Technical,G007-T09,9,Day 1,Orientation,Attend company orientation,"Attend the company orientation covering organization, workplace practices and key contacts.",Employee,HR,0,True,Orientation attendance,Attend the company orientation,Employee,Please attend your scheduled company orientation.,Escalate to HR if attendance is missing.,Synthetic onboarding guide,G007,"DevOps Engineer. Attend company orientation. Attend the company orientation covering organization, workplace practices and key contacts.. Owner: HR."
G007,DevOps Engineer,Engineering,Individual Contributor,Technical,G007-T10,10,Day 1,Security,Complete security awareness training,Complete mandatory security and acceptable-use training before full access is granted.,Employee,Security,1,True,Training completion record,Complete security awareness training,Employee,Please complete the required security training.,Escalate to Security/HR if overdue.,Synthetic onboarding guide,G007,DevOps Engineer. Complete security awareness training. Complete mandatory security and acceptable-use training before full access is granted.. Owner: Security.
G007,DevOps Engineer,Engineering,Individual Contributor,Technical,G007-T11,11,Day 1,Manager Setup,Meet reporting manager,Attend the initial meeting with the reporting manager to review responsibilities and first-week priorities.,Employee,Manager,1,True,Manager meeting confirmation,Complete the manager onboarding meeting,Employee,Please attend your manager onboarding meeting.,Escalate to the manager if not scheduled.,Synthetic onboarding guide,G007,DevOps Engineer. Meet reporting manager. Attend the initial meeting with the reporting manager to review responsibilities and first-week priorities.. Owner: Manager.
G007,DevOps Engineer,Engineering,Individual Contributor,Technical,G007-T12,12,Week 1,Team Integration,Complete team introduction,Meet key team members and understand team communication and collaboration practices.,Employee,Manager,3,True,Team introduction confirmation,Complete the team introduction activities,Employee,Please complete your team introductions.,Escalate to manager if not completed.,Synthetic onboarding guide,G007,DevOps Engineer. Complete team introduction. Meet key team members and understand team communication and collaboration practices.. Owner: Manager.
G007,DevOps Engineer,Engineering,Individual Contributor,Technical,G007-T13,13,Week 1,Onboarding Plan,Review role-specific onboarding plan,"Review the role-specific responsibilities, tools, goals and onboarding expectations with the manager.",Employee,Manager,5,True,Onboarding plan acknowledgement,Review the role-specific onboarding plan,Employee,Please review your role-specific onboarding plan.,Escalate to manager if incomplete.,Synthetic onboarding guide,G007,"DevOps Engineer. Review role-specific onboarding plan. Review the role-specific responsibilities, tools, goals and onboarding expectations with the manager.. Owner: Manager."
G007,DevOps Engineer,Engineering,Individual Contributor,Technical,G007-T14,14,Week 1,Access Management,Confirm required access,Employee confirms that all required systems and applications are accessible and reports missing access.,Employee,IT,5,True,Access confirmation or access issue,Confirm required system access,Employee,Please confirm that you can access the required systems.,Escalate missing access to IT.,Synthetic onboarding guide,G007,DevOps Engineer. Confirm required access. Employee confirms that all required systems and applications are accessible and reports missing access.. Owner: IT.
G007,DevOps Engineer,Engineering,Individual Contributor,Technical,G007-T15,15,Week 2,Manager Setup,Complete first-week check-in,"Complete a structured check-in with the manager to review progress, blockers and next priorities.",Employee,Manager,7,True,Check-in confirmation,Complete the manager check-in,Employee,Please complete your first-week manager check-in.,Escalate to manager if not completed.,Synthetic onboarding guide,G007,"DevOps Engineer. Complete first-week check-in. Complete a structured check-in with the manager to review progress, blockers and next priorities.. Owner: Manager."
G007,DevOps Engineer,Engineering,Individual Contributor,Technical,G007-T16,16,Role Setup,Infrastructure Access,Get infrastructure and cloud access,Receive approved access to infrastructure and cloud environments.,IT,IT,3,True,Task completion confirmation,Complete or confirm: Get infrastructure and cloud access,IT,Please complete the required onboarding task: Get infrastructure and cloud access.,Escalate to the role manager if Get infrastructure and cloud access is overdue.,Synthetic role-specific guide,G007,DevOps Engineer. Get infrastructure and cloud access. Receive approved access to infrastructure and cloud environments.. Owner: IT.
G007,DevOps Engineer,Engineering,Individual Contributor,Technical,G007-T17,17,Role Setup,CI/CD,Review deployment pipeline,"Review build, deployment and rollback workflows.",Employee,Manager,5,True,Task completion confirmation,Complete or confirm: Review deployment pipeline,Employee,Please complete the required onboarding task: Review deployment pipeline.,Escalate to the role manager if Review deployment pipeline is overdue.,Synthetic role-specific guide,G007,"DevOps Engineer. Review deployment pipeline. Review build, deployment and rollback workflows.. Owner: Manager."
G007,DevOps Engineer,Engineering,Individual Contributor,Technical,G007-T18,18,Role Setup,Monitoring,Review monitoring and incident process,"Review service monitoring, alerts and incident response procedures.",Employee,Manager,5,True,Task completion confirmation,Complete or confirm: Review monitoring and incident process,Employee,Please complete the required onboarding task: Review monitoring and incident process.,Escalate to the role manager if Review monitoring and incident process is overdue.,Synthetic role-specific guide,G007,"DevOps Engineer. Review monitoring and incident process. Review service monitoring, alerts and incident response procedures.. Owner: Manager."
G008,Cloud Engineer,Engineering,Individual Contributor,Technical,G008-T01,1,Preboarding,Identity & Compliance,Submit identity verification documents,Upload the required identity documents for employment verification.,Employee,HR,0,True,Identity documents submitted,Request the missing identity document,HR,Please submit the missing identity document.,Escalate to HR if not submitted within 2 business days.,Synthetic onboarding guide,G008,Cloud Engineer. Submit identity verification documents. Upload the required identity documents for employment verification.. Owner: HR.
G008,Cloud Engineer,Engineering,Individual Contributor,Technical,G008-T02,2,Preboarding,Employment,Review and sign employment agreement,Review the employment agreement and electronically sign it before the joining date.,Employee,HR,0,True,Signed employment agreement,Complete and sign the employment agreement,HR,Please review and sign your employment agreement.,Escalate to HR if signature is overdue.,Synthetic onboarding guide,G008,Cloud Engineer. Review and sign employment agreement. Review the employment agreement and electronically sign it before the joining date.. Owner: HR.
G008,Cloud Engineer,Engineering,Individual Contributor,Technical,G008-T03,3,Preboarding,Payroll,Submit payroll and bank information,Provide the approved payroll information required to process salary payments.,Employee,Finance/HR,1,True,Payroll information submitted,Submit the missing payroll information,Employee,Please complete your payroll information.,Escalate to HR if payroll information remains missing.,Synthetic onboarding guide,G008,Cloud Engineer. Submit payroll and bank information. Provide the approved payroll information required to process salary payments.. Owner: Finance/HR.
G008,Cloud Engineer,Engineering,Individual Contributor,Technical,G008-T04,4,Preboarding,HR Forms,Complete employee information form,Complete required employee profile and emergency-contact information using the onboarding form.,Employee,HR,1,True,Completed HR form,Complete the employee information form,Employee,Please complete your employee information form.,Escalate to HR if incomplete.,Synthetic onboarding guide,G008,Cloud Engineer. Complete employee information form. Complete required employee profile and emergency-contact information using the onboarding form.. Owner: HR.
G008,Cloud Engineer,Engineering,Individual Contributor,Technical,G008-T05,5,Preboarding,Policy,Acknowledge company policies,Review and acknowledge the required employee policies and code of conduct.,Employee,HR,2,True,Policy acknowledgement,Review and acknowledge required policies,Employee,Please review and acknowledge the required policies.,Escalate to HR if acknowledgement is overdue.,Synthetic onboarding guide,G008,Cloud Engineer. Acknowledge company policies. Review and acknowledge the required employee policies and code of conduct.. Owner: HR.
G008,Cloud Engineer,Engineering,Individual Contributor,Technical,G008-T06,6,Preboarding,IT Access,Create company email account,IT creates the employee's corporate email account and confirms activation.,IT,IT,1,True,Email activation confirmation,IT should create and activate the company email,IT,IT has been asked to activate your company email.,Escalate to IT if activation is overdue.,Synthetic onboarding guide,G008,Cloud Engineer. Create company email account. IT creates the employee's corporate email account and confirms activation.. Owner: IT.
G008,Cloud Engineer,Engineering,Individual Contributor,Technical,G008-T07,7,Preboarding,IT Equipment,Provision laptop/workstation,IT prepares the approved laptop or workstation and records the device assignment.,IT,IT,2,True,Device assignment confirmation,IT should provision and assign the workstation,IT,IT needs to complete your workstation setup.,Escalate to IT if provisioning is overdue.,Synthetic onboarding guide,G008,Cloud Engineer. Provision laptop/workstation. IT prepares the approved laptop or workstation and records the device assignment.. Owner: IT.
G008,Cloud Engineer,Engineering,Individual Contributor,Technical,G008-T08,8,Preboarding,Access Management,Provision standard system access,IT provisions the standard applications and access required for the employee's role.,IT,IT,2,True,Access provisioning record,IT should provision standard role access,IT,Your standard system access is being prepared.,Escalate to IT if access is overdue.,Synthetic onboarding guide,G008,Cloud Engineer. Provision standard system access. IT provisions the standard applications and access required for the employee's role.. Owner: IT.
G008,Cloud Engineer,Engineering,Individual Contributor,Technical,G008-T09,9,Day 1,Orientation,Attend company orientation,"Attend the company orientation covering organization, workplace practices and key contacts.",Employee,HR,0,True,Orientation attendance,Attend the company orientation,Employee,Please attend your scheduled company orientation.,Escalate to HR if attendance is missing.,Synthetic onboarding guide,G008,"Cloud Engineer. Attend company orientation. Attend the company orientation covering organization, workplace practices and key contacts.. Owner: HR."
G008,Cloud Engineer,Engineering,Individual Contributor,Technical,G008-T10,10,Day 1,Security,Complete security awareness training,Complete mandatory security and acceptable-use training before full access is granted.,Employee,Security,1,True,Training completion record,Complete security awareness training,Employee,Please complete the required security training.,Escalate to Security/HR if overdue.,Synthetic onboarding guide,G008,Cloud Engineer. Complete security awareness training. Complete mandatory security and acceptable-use training before full access is granted.. Owner: Security.
G008,Cloud Engineer,Engineering,Individual Contributor,Technical,G008-T11,11,Day 1,Manager Setup,Meet reporting manager,Attend the initial meeting with the reporting manager to review responsibilities and first-week priorities.,Employee,Manager,1,True,Manager meeting confirmation,Complete the manager onboarding meeting,Employee,Please attend your manager onboarding meeting.,Escalate to the manager if not scheduled.,Synthetic onboarding guide,G008,Cloud Engineer. Meet reporting manager. Attend the initial meeting with the reporting manager to review responsibilities and first-week priorities.. Owner: Manager.
G008,Cloud Engineer,Engineering,Individual Contributor,Technical,G008-T12,12,Week 1,Team Integration,Complete team introduction,Meet key team members and understand team communication and collaboration practices.,Employee,Manager,3,True,Team introduction confirmation,Complete the team introduction activities,Employee,Please complete your team introductions.,Escalate to manager if not completed.,Synthetic onboarding guide,G008,Cloud Engineer. Complete team introduction. Meet key team members and understand team communication and collaboration practices.. Owner: Manager.
G008,Cloud Engineer,Engineering,Individual Contributor,Technical,G008-T13,13,Week 1,Onboarding Plan,Review role-specific onboarding plan,"Review the role-specific responsibilities, tools, goals and onboarding expectations with the manager.",Employee,Manager,5,True,Onboarding plan acknowledgement,Review the role-specific onboarding plan,Employee,Please review your role-specific onboarding plan.,Escalate to manager if incomplete.,Synthetic onboarding guide,G008,"Cloud Engineer. Review role-specific onboarding plan. Review the role-specific responsibilities, tools, goals and onboarding expectations with the manager.. Owner: Manager."
G008,Cloud Engineer,Engineering,Individual Contributor,Technical,G008-T14,14,Week 1,Access Management,Confirm required access,Employee confirms that all required systems and applications are accessible and reports missing access.,Employee,IT,5,True,Access confirmation or access issue,Confirm required system access,Employee,Please confirm that you can access the required systems.,Escalate missing access to IT.,Synthetic onboarding guide,G008,Cloud Engineer. Confirm required access. Employee confirms that all required systems and applications are accessible and reports missing access.. Owner: IT.
G008,Cloud Engineer,Engineering,Individual Contributor,Technical,G008-T15,15,Week 2,Manager Setup,Complete first-week check-in,"Complete a structured check-in with the manager to review progress, blockers and next priorities.",Employee,Manager,7,True,Check-in confirmation,Complete the manager check-in,Employee,Please complete your first-week manager check-in.,Escalate to manager if not completed.,Synthetic onboarding guide,G008,"Cloud Engineer. Complete first-week check-in. Complete a structured check-in with the manager to review progress, blockers and next priorities.. Owner: Manager."
G008,Cloud Engineer,Engineering,Individual Contributor,Technical,G008-T16,16,Role Setup,Cloud Access,Get cloud environment access,Receive approved access to required cloud environments.,IT,IT,3,True,Task completion confirmation,Complete or confirm: Get cloud environment access,IT,Please complete the required onboarding task: Get cloud environment access.,Escalate to the role manager if Get cloud environment access is overdue.,Synthetic role-specific guide,G008,Cloud Engineer. Get cloud environment access. Receive approved access to required cloud environments.. Owner: IT.
G008,Cloud Engineer,Engineering,Individual Contributor,Technical,G008-T17,17,Role Setup,Cloud Architecture,Review cloud architecture,"Review approved cloud architecture, accounts and key services.",Employee,Manager,5,True,Task completion confirmation,Complete or confirm: Review cloud architecture,Employee,Please complete the required onboarding task: Review cloud architecture.,Escalate to the role manager if Review cloud architecture is overdue.,Synthetic role-specific guide,G008,"Cloud Engineer. Review cloud architecture. Review approved cloud architecture, accounts and key services.. Owner: Manager."
G008,Cloud Engineer,Engineering,Individual Contributor,Technical,G008-T18,18,Role Setup,Security,Review cloud security controls,"Review access, logging and security practices for cloud resources.",Employee,Security,5,True,Task completion confirmation,Complete or confirm: Review cloud security controls,Employee,Please complete the required onboarding task: Review cloud security controls.,Escalate to the role manager if Review cloud security controls is overdue.,Synthetic role-specific guide,G008,"Cloud Engineer. Review cloud security controls. Review access, logging and security practices for cloud resources.. Owner: Security."
G009,Data Engineer,Data,Individual Contributor,Technical,G009-T01,1,Preboarding,Identity & Compliance,Submit identity verification documents,Upload the required identity documents for employment verification.,Employee,HR,0,True,Identity documents submitted,Request the missing identity document,HR,Please submit the missing identity document.,Escalate to HR if not submitted within 2 business days.,Synthetic onboarding guide,G009,Data Engineer. Submit identity verification documents. Upload the required identity documents for employment verification.. Owner: HR.
G009,Data Engineer,Data,Individual Contributor,Technical,G009-T02,2,Preboarding,Employment,Review and sign employment agreement,Review the employment agreement and electronically sign it before the joining date.,Employee,HR,0,True,Signed employment agreement,Complete and sign the employment agreement,HR,Please review and sign your employment agreement.,Escalate to HR if signature is overdue.,Synthetic onboarding guide,G009,Data Engineer. Review and sign employment agreement. Review the employment agreement and electronically sign it before the joining date.. Owner: HR.
G009,Data Engineer,Data,Individual Contributor,Technical,G009-T03,3,Preboarding,Payroll,Submit payroll and bank information,Provide the approved payroll information required to process salary payments.,Employee,Finance/HR,1,True,Payroll information submitted,Submit the missing payroll information,Employee,Please complete your payroll information.,Escalate to HR if payroll information remains missing.,Synthetic onboarding guide,G009,Data Engineer. Submit payroll and bank information. Provide the approved payroll information required to process salary payments.. Owner: Finance/HR.
G009,Data Engineer,Data,Individual Contributor,Technical,G009-T04,4,Preboarding,HR Forms,Complete employee information form,Complete required employee profile and emergency-contact information using the onboarding form.,Employee,HR,1,True,Completed HR form,Complete the employee information form,Employee,Please complete your employee information form.,Escalate to HR if incomplete.,Synthetic onboarding guide,G009,Data Engineer. Complete employee information form. Complete required employee profile and emergency-contact information using the onboarding form.. Owner: HR.
G009,Data Engineer,Data,Individual Contributor,Technical,G009-T05,5,Preboarding,Policy,Acknowledge company policies,Review and acknowledge the required employee policies and code of conduct.,Employee,HR,2,True,Policy acknowledgement,Review and acknowledge required policies,Employee,Please review and acknowledge the required policies.,Escalate to HR if acknowledgement is overdue.,Synthetic onboarding guide,G009,Data Engineer. Acknowledge company policies. Review and acknowledge the required employee policies and code of conduct.. Owner: HR.
G009,Data Engineer,Data,Individual Contributor,Technical,G009-T06,6,Preboarding,IT Access,Create company email account,IT creates the employee's corporate email account and confirms activation.,IT,IT,1,True,Email activation confirmation,IT should create and activate the company email,IT,IT has been asked to activate your company email.,Escalate to IT if activation is overdue.,Synthetic onboarding guide,G009,Data Engineer. Create company email account. IT creates the employee's corporate email account and confirms activation.. Owner: IT.
G009,Data Engineer,Data,Individual Contributor,Technical,G009-T07,7,Preboarding,IT Equipment,Provision laptop/workstation,IT prepares the approved laptop or workstation and records the device assignment.,IT,IT,2,True,Device assignment confirmation,IT should provision and assign the workstation,IT,IT needs to complete your workstation setup.,Escalate to IT if provisioning is overdue.,Synthetic onboarding guide,G009,Data Engineer. Provision laptop/workstation. IT prepares the approved laptop or workstation and records the device assignment.. Owner: IT.
G009,Data Engineer,Data,Individual Contributor,Technical,G009-T08,8,Preboarding,Access Management,Provision standard system access,IT provisions the standard applications and access required for the employee's role.,IT,IT,2,True,Access provisioning record,IT should provision standard role access,IT,Your standard system access is being prepared.,Escalate to IT if access is overdue.,Synthetic onboarding guide,G009,Data Engineer. Provision standard system access. IT provisions the standard applications and access required for the employee's role.. Owner: IT.
G009,Data Engineer,Data,Individual Contributor,Technical,G009-T09,9,Day 1,Orientation,Attend company orientation,"Attend the company orientation covering organization, workplace practices and key contacts.",Employee,HR,0,True,Orientation attendance,Attend the company orientation,Employee,Please attend your scheduled company orientation.,Escalate to HR if attendance is missing.,Synthetic onboarding guide,G009,"Data Engineer. Attend company orientation. Attend the company orientation covering organization, workplace practices and key contacts.. Owner: HR."
G009,Data Engineer,Data,Individual Contributor,Technical,G009-T10,10,Day 1,Security,Complete security awareness training,Complete mandatory security and acceptable-use training before full access is granted.,Employee,Security,1,True,Training completion record,Complete security awareness training,Employee,Please complete the required security training.,Escalate to Security/HR if overdue.,Synthetic onboarding guide,G009,Data Engineer. Complete security awareness training. Complete mandatory security and acceptable-use training before full access is granted.. Owner: Security.
G009,Data Engineer,Data,Individual Contributor,Technical,G009-T11,11,Day 1,Manager Setup,Meet reporting manager,Attend the initial meeting with the reporting manager to review responsibilities and first-week priorities.,Employee,Manager,1,True,Manager meeting confirmation,Complete the manager onboarding meeting,Employee,Please attend your manager onboarding meeting.,Escalate to the manager if not scheduled.,Synthetic onboarding guide,G009,Data Engineer. Meet reporting manager. Attend the initial meeting with the reporting manager to review responsibilities and first-week priorities.. Owner: Manager.
G009,Data Engineer,Data,Individual Contributor,Technical,G009-T12,12,Week 1,Team Integration,Complete team introduction,Meet key team members and understand team communication and collaboration practices.,Employee,Manager,3,True,Team introduction confirmation,Complete the team introduction activities,Employee,Please complete your team introductions.,Escalate to manager if not completed.,Synthetic onboarding guide,G009,Data Engineer. Complete team introduction. Meet key team members and understand team communication and collaboration practices.. Owner: Manager.
G009,Data Engineer,Data,Individual Contributor,Technical,G009-T13,13,Week 1,Onboarding Plan,Review role-specific onboarding plan,"Review the role-specific responsibilities, tools, goals and onboarding expectations with the manager.",Employee,Manager,5,True,Onboarding plan acknowledgement,Review the role-specific onboarding plan,Employee,Please review your role-specific onboarding plan.,Escalate to manager if incomplete.,Synthetic onboarding guide,G009,"Data Engineer. Review role-specific onboarding plan. Review the role-specific responsibilities, tools, goals and onboarding expectations with the manager.. Owner: Manager."
G009,Data Engineer,Data,Individual Contributor,Technical,G009-T14,14,Week 1,Access Management,Confirm required access,Employee confirms that all required systems and applications are accessible and reports missing access.,Employee,IT,5,True,Access confirmation or access issue,Confirm required system access,Employee,Please confirm that you can access the required systems.,Escalate missing access to IT.,Synthetic onboarding guide,G009,Data Engineer. Confirm required access. Employee confirms that all required systems and applications are accessible and reports missing access.. Owner: IT.
G009,Data Engineer,Data,Individual Contributor,Technical,G009-T15,15,Week 2,Manager Setup,Complete first-week check-in,"Complete a structured check-in with the manager to review progress, blockers and next priorities.",Employee,Manager,7,True,Check-in confirmation,Complete the manager check-in,Employee,Please complete your first-week manager check-in.,Escalate to manager if not completed.,Synthetic onboarding guide,G009,"Data Engineer. Complete first-week check-in. Complete a structured check-in with the manager to review progress, blockers and next priorities.. Owner: Manager."
G009,Data Engineer,Data,Individual Contributor,Technical,G009-T16,16,Role Setup,Data Platform,Get data platform access,Receive approved access to required data platforms and storage.,IT,IT,3,True,Task completion confirmation,Complete or confirm: Get data platform access,IT,Please complete the required onboarding task: Get data platform access.,Escalate to the role manager if Get data platform access is overdue.,Synthetic role-specific guide,G009,Data Engineer. Get data platform access. Receive approved access to required data platforms and storage.. Owner: IT.
G009,Data Engineer,Data,Individual Contributor,Technical,G009-T17,17,Role Setup,Data Pipelines,Review data pipelines,"Review critical ingestion, transformation and delivery pipelines.",Employee,Manager,5,True,Task completion confirmation,Complete or confirm: Review data pipelines,Employee,Please complete the required onboarding task: Review data pipelines.,Escalate to the role manager if Review data pipelines is overdue.,Synthetic role-specific guide,G009,"Data Engineer. Review data pipelines. Review critical ingestion, transformation and delivery pipelines.. Owner: Manager."
G009,Data Engineer,Data,Individual Contributor,Technical,G009-T18,18,Role Setup,Data Governance,Review data handling standards,"Review approved data quality, privacy and governance practices.",Employee,Manager,5,True,Task completion confirmation,Complete or confirm: Review data handling standards,Employee,Please complete the required onboarding task: Review data handling standards.,Escalate to the role manager if Review data handling standards is overdue.,Synthetic role-specific guide,G009,"Data Engineer. Review data handling standards. Review approved data quality, privacy and governance practices.. Owner: Manager."
G010,ML Engineer,Data,Individual Contributor,Technical,G010-T01,1,Preboarding,Identity & Compliance,Submit identity verification documents,Upload the required identity documents for employment verification.,Employee,HR,0,True,Identity documents submitted,Request the missing identity document,HR,Please submit the missing identity document.,Escalate to HR if not submitted within 2 business days.,Synthetic onboarding guide,G010,ML Engineer. Submit identity verification documents. Upload the required identity documents for employment verification.. Owner: HR.
G010,ML Engineer,Data,Individual Contributor,Technical,G010-T02,2,Preboarding,Employment,Review and sign employment agreement,Review the employment agreement and electronically sign it before the joining date.,Employee,HR,0,True,Signed employment agreement,Complete and sign the employment agreement,HR,Please review and sign your employment agreement.,Escalate to HR if signature is overdue.,Synthetic onboarding guide,G010,ML Engineer. Review and sign employment agreement. Review the employment agreement and electronically sign it before the joining date.. Owner: HR.
G010,ML Engineer,Data,Individual Contributor,Technical,G010-T03,3,Preboarding,Payroll,Submit payroll and bank information,Provide the approved payroll information required to process salary payments.,Employee,Finance/HR,1,True,Payroll information submitted,Submit the missing payroll information,Employee,Please complete your payroll information.,Escalate to HR if payroll information remains missing.,Synthetic onboarding guide,G010,ML Engineer. Submit payroll and bank information. Provide the approved payroll information required to process salary payments.. Owner: Finance/HR.
G010,ML Engineer,Data,Individual Contributor,Technical,G010-T04,4,Preboarding,HR Forms,Complete employee information form,Complete required employee profile and emergency-contact information using the onboarding form.,Employee,HR,1,True,Completed HR form,Complete the employee information form,Employee,Please complete your employee information form.,Escalate to HR if incomplete.,Synthetic onboarding guide,G010,ML Engineer. Complete employee information form. Complete required employee profile and emergency-contact information using the onboarding form.. Owner: HR.
G010,ML Engineer,Data,Individual Contributor,Technical,G010-T05,5,Preboarding,Policy,Acknowledge company policies,Review and acknowledge the required employee policies and code of conduct.,Employee,HR,2,True,Policy acknowledgement,Review and acknowledge required policies,Employee,Please review and acknowledge the required policies.,Escalate to HR if acknowledgement is overdue.,Synthetic onboarding guide,G010,ML Engineer. Acknowledge company policies. Review and acknowledge the required employee policies and code of conduct.. Owner: HR.
G010,ML Engineer,Data,Individual Contributor,Technical,G010-T06,6,Preboarding,IT Access,Create company email account,IT creates the employee's corporate email account and confirms activation.,IT,IT,1,True,Email activation confirmation,IT should create and activate the company email,IT,IT has been asked to activate your company email.,Escalate to IT if activation is overdue.,Synthetic onboarding guide,G010,ML Engineer. Create company email account. IT creates the employee's corporate email account and confirms activation.. Owner: IT.
G010,ML Engineer,Data,Individual Contributor,Technical,G010-T07,7,Preboarding,IT Equipment,Provision laptop/workstation,IT prepares the approved laptop or workstation and records the device assignment.,IT,IT,2,True,Device assignment confirmation,IT should provision and assign the workstation,IT,IT needs to complete your workstation setup.,Escalate to IT if provisioning is overdue.,Synthetic onboarding guide,G010,ML Engineer. Provision laptop/workstation. IT prepares the approved laptop or workstation and records the device assignment.. Owner: IT.
G010,ML Engineer,Data,Individual Contributor,Technical,G010-T08,8,Preboarding,Access Management,Provision standard system access,IT provisions the standard applications and access required for the employee's role.,IT,IT,2,True,Access provisioning record,IT should provision standard role access,IT,Your standard system access is being prepared.,Escalate to IT if access is overdue.,Synthetic onboarding guide,G010,ML Engineer. Provision standard system access. IT provisions the standard applications and access required for the employee's role.. Owner: IT.
G010,ML Engineer,Data,Individual Contributor,Technical,G010-T09,9,Day 1,Orientation,Attend company orientation,"Attend the company orientation covering organization, workplace practices and key contacts.",Employee,HR,0,True,Orientation attendance,Attend the company orientation,Employee,Please attend your scheduled company orientation.,Escalate to HR if attendance is missing.,Synthetic onboarding guide,G010,"ML Engineer. Attend company orientation. Attend the company orientation covering organization, workplace practices and key contacts.. Owner: HR."
G010,ML Engineer,Data,Individual Contributor,Technical,G010-T10,10,Day 1,Security,Complete security awareness training,Complete mandatory security and acceptable-use training before full access is granted.,Employee,Security,1,True,Training completion record,Complete security awareness training,Employee,Please complete the required security training.,Escalate to Security/HR if overdue.,Synthetic onboarding guide,G010,ML Engineer. Complete security awareness training. Complete mandatory security and acceptable-use training before full access is granted.. Owner: Security.
G010,ML Engineer,Data,Individual Contributor,Technical,G010-T11,11,Day 1,Manager Setup,Meet reporting manager,Attend the initial meeting with the reporting manager to review responsibilities and first-week priorities.,Employee,Manager,1,True,Manager meeting confirmation,Complete the manager onboarding meeting,Employee,Please attend your manager onboarding meeting.,Escalate to the manager if not scheduled.,Synthetic onboarding guide,G010,ML Engineer. Meet reporting manager. Attend the initial meeting with the reporting manager to review responsibilities and first-week priorities.. Owner: Manager.
G010,ML Engineer,Data,Individual Contributor,Technical,G010-T12,12,Week 1,Team Integration,Complete team introduction,Meet key team members and understand team communication and collaboration practices.,Employee,Manager,3,True,Team introduction confirmation,Complete the team introduction activities,Employee,Please complete your team introductions.,Escalate to manager if not completed.,Synthetic onboarding guide,G010,ML Engineer. Complete team introduction. Meet key team members and understand team communication and collaboration practices.. Owner: Manager.
G010,ML Engineer,Data,Individual Contributor,Technical,G010-T13,13,Week 1,Onboarding Plan,Review role-specific onboarding plan,"Review the role-specific responsibilities, tools, goals and onboarding expectations with the manager.",Employee,Manager,5,True,Onboarding plan acknowledgement,Review the role-specific onboarding plan,Employee,Please review your role-specific onboarding plan.,Escalate to manager if incomplete.,Synthetic onboarding guide,G010,"ML Engineer. Review role-specific onboarding plan. Review the role-specific responsibilities, tools, goals and onboarding expectations with the manager.. Owner: Manager."
G010,ML Engineer,Data,Individual Contributor,Technical,G010-T14,14,Week 1,Access Management,Confirm required access,Employee confirms that all required systems and applications are accessible and reports missing access.,Employee,IT,5,True,Access confirmation or access issue,Confirm required system access,Employee,Please confirm that you can access the required systems.,Escalate missing access to IT.,Synthetic onboarding guide,G010,ML Engineer. Confirm required access. Employee confirms that all required systems and applications are accessible and reports missing access.. Owner: IT.
G010,ML Engineer,Data,Individual Contributor,Technical,G010-T15,15,Week 2,Manager Setup,Complete first-week check-in,"Complete a structured check-in with the manager to review progress, blockers and next priorities.",Employee,Manager,7,True,Check-in confirmation,Complete the manager check-in,Employee,Please complete your first-week manager check-in.,Escalate to manager if not completed.,Synthetic onboarding guide,G010,"ML Engineer. Complete first-week check-in. Complete a structured check-in with the manager to review progress, blockers and next priorities.. Owner: Manager."
G010,ML Engineer,Data,Individual Contributor,Technical,G010-T16,16,Role Setup,ML Platform,Get ML platform access,"Receive approved access to ML environments, repositories and compute.",IT,IT,3,True,Task completion confirmation,Complete or confirm: Get ML platform access,IT,Please complete the required onboarding task: Get ML platform access.,Escalate to the role manager if Get ML platform access is overdue.,Synthetic role-specific guide,G010,"ML Engineer. Get ML platform access. Receive approved access to ML environments, repositories and compute.. Owner: IT."
G010,ML Engineer,Data,Individual Contributor,Technical,G010-T17,17,Role Setup,ML Workflow,Review model development workflow,"Review experimentation, training, validation and deployment workflow.",Employee,Manager,5,True,Task completion confirmation,Complete or confirm: Review model development workflow,Employee,Please complete the required onboarding task: Review model development workflow.,Escalate to the role manager if Review model development workflow is overdue.,Synthetic role-specific guide,G010,"ML Engineer. Review model development workflow. Review experimentation, training, validation and deployment workflow.. Owner: Manager."
G010,ML Engineer,Data,Individual Contributor,Technical,G010-T18,18,Role Setup,Data Governance,Review ML data handling standards,Review approved data and model governance requirements.,Employee,Manager,5,True,Task completion confirmation,Complete or confirm: Review ML data handling standards,Employee,Please complete the required onboarding task: Review ML data handling standards.,Escalate to the role manager if Review ML data handling standards is overdue.,Synthetic role-specific guide,G010,ML Engineer. Review ML data handling standards. Review approved data and model governance requirements.. Owner: Manager.
G011,AI Engineer,Data,Individual Contributor,Technical,G011-T01,1,Preboarding,Identity & Compliance,Submit identity verification documents,Upload the required identity documents for employment verification.,Employee,HR,0,True,Identity documents submitted,Request the missing identity document,HR,Please submit the missing identity document.,Escalate to HR if not submitted within 2 business days.,Synthetic onboarding guide,G011,AI Engineer. Submit identity verification documents. Upload the required identity documents for employment verification.. Owner: HR.
G011,AI Engineer,Data,Individual Contributor,Technical,G011-T02,2,Preboarding,Employment,Review and sign employment agreement,Review the employment agreement and electronically sign it before the joining date.,Employee,HR,0,True,Signed employment agreement,Complete and sign the employment agreement,HR,Please review and sign your employment agreement.,Escalate to HR if signature is overdue.,Synthetic onboarding guide,G011,AI Engineer. Review and sign employment agreement. Review the employment agreement and electronically sign it before the joining date.. Owner: HR.
G011,AI Engineer,Data,Individual Contributor,Technical,G011-T03,3,Preboarding,Payroll,Submit payroll and bank information,Provide the approved payroll information required to process salary payments.,Employee,Finance/HR,1,True,Payroll information submitted,Submit the missing payroll information,Employee,Please complete your payroll information.,Escalate to HR if payroll information remains missing.,Synthetic onboarding guide,G011,AI Engineer. Submit payroll and bank information. Provide the approved payroll information required to process salary payments.. Owner: Finance/HR.
G011,AI Engineer,Data,Individual Contributor,Technical,G011-T04,4,Preboarding,HR Forms,Complete employee information form,Complete required employee profile and emergency-contact information using the onboarding form.,Employee,HR,1,True,Completed HR form,Complete the employee information form,Employee,Please complete your employee information form.,Escalate to HR if incomplete.,Synthetic onboarding guide,G011,AI Engineer. Complete employee information form. Complete required employee profile and emergency-contact information using the onboarding form.. Owner: HR.
G011,AI Engineer,Data,Individual Contributor,Technical,G011-T05,5,Preboarding,Policy,Acknowledge company policies,Review and acknowledge the required employee policies and code of conduct.,Employee,HR,2,True,Policy acknowledgement,Review and acknowledge required policies,Employee,Please review and acknowledge the required policies.,Escalate to HR if acknowledgement is overdue.,Synthetic onboarding guide,G011,AI Engineer. Acknowledge company policies. Review and acknowledge the required employee policies and code of conduct.. Owner: HR.
G011,AI Engineer,Data,Individual Contributor,Technical,G011-T06,6,Preboarding,IT Access,Create company email account,IT creates the employee's corporate email account and confirms activation.,IT,IT,1,True,Email activation confirmation,IT should create and activate the company email,IT,IT has been asked to activate your company email.,Escalate to IT if activation is overdue.,Synthetic onboarding guide,G011,AI Engineer. Create company email account. IT creates the employee's corporate email account and confirms activation.. Owner: IT.
G011,AI Engineer,Data,Individual Contributor,Technical,G011-T07,7,Preboarding,IT Equipment,Provision laptop/workstation,IT prepares the approved laptop or workstation and records the device assignment.,IT,IT,2,True,Device assignment confirmation,IT should provision and assign the workstation,IT,IT needs to complete your workstation setup.,Escalate to IT if provisioning is overdue.,Synthetic onboarding guide,G011,AI Engineer. Provision laptop/workstation. IT prepares the approved laptop or workstation and records the device assignment.. Owner: IT.
G011,AI Engineer,Data,Individual Contributor,Technical,G011-T08,8,Preboarding,Access Management,Provision standard system access,IT provisions the standard applications and access required for the employee's role.,IT,IT,2,True,Access provisioning record,IT should provision standard role access,IT,Your standard system access is being prepared.,Escalate to IT if access is overdue.,Synthetic onboarding guide,G011,AI Engineer. Provision standard system access. IT provisions the standard applications and access required for the employee's role.. Owner: IT.
G011,AI Engineer,Data,Individual Contributor,Technical,G011-T09,9,Day 1,Orientation,Attend company orientation,"Attend the company orientation covering organization, workplace practices and key contacts.",Employee,HR,0,True,Orientation attendance,Attend the company orientation,Employee,Please attend your scheduled company orientation.,Escalate to HR if attendance is missing.,Synthetic onboarding guide,G011,"AI Engineer. Attend company orientation. Attend the company orientation covering organization, workplace practices and key contacts.. Owner: HR."
G011,AI Engineer,Data,Individual Contributor,Technical,G011-T10,10,Day 1,Security,Complete security awareness training,Complete mandatory security and acceptable-use training before full access is granted.,Employee,Security,1,True,Training completion record,Complete security awareness training,Employee,Please complete the required security training.,Escalate to Security/HR if overdue.,Synthetic onboarding guide,G011,AI Engineer. Complete security awareness training. Complete mandatory security and acceptable-use training before full access is granted.. Owner: Security.
G011,AI Engineer,Data,Individual Contributor,Technical,G011-T11,11,Day 1,Manager Setup,Meet reporting manager,Attend the initial meeting with the reporting manager to review responsibilities and first-week priorities.,Employee,Manager,1,True,Manager meeting confirmation,Complete the manager onboarding meeting,Employee,Please attend your manager onboarding meeting.,Escalate to the manager if not scheduled.,Synthetic onboarding guide,G011,AI Engineer. Meet reporting manager. Attend the initial meeting with the reporting manager to review responsibilities and first-week priorities.. Owner: Manager.
G011,AI Engineer,Data,Individual Contributor,Technical,G011-T12,12,Week 1,Team Integration,Complete team introduction,Meet key team members and understand team communication and collaboration practices.,Employee,Manager,3,True,Team introduction confirmation,Complete the team introduction activities,Employee,Please complete your team introductions.,Escalate to manager if not completed.,Synthetic onboarding guide,G011,AI Engineer. Complete team introduction. Meet key team members and understand team communication and collaboration practices.. Owner: Manager.
G011,AI Engineer,Data,Individual Contributor,Technical,G011-T13,13,Week 1,Onboarding Plan,Review role-specific onboarding plan,"Review the role-specific responsibilities, tools, goals and onboarding expectations with the manager.",Employee,Manager,5,True,Onboarding plan acknowledgement,Review the role-specific onboarding plan,Employee,Please review your role-specific onboarding plan.,Escalate to manager if incomplete.,Synthetic onboarding guide,G011,"AI Engineer. Review role-specific onboarding plan. Review the role-specific responsibilities, tools, goals and onboarding expectations with the manager.. Owner: Manager."
G011,AI Engineer,Data,Individual Contributor,Technical,G011-T14,14,Week 1,Access Management,Confirm required access,Employee confirms that all required systems and applications are accessible and reports missing access.,Employee,IT,5,True,Access confirmation or access issue,Confirm required system access,Employee,Please confirm that you can access the required systems.,Escalate missing access to IT.,Synthetic onboarding guide,G011,AI Engineer. Confirm required access. Employee confirms that all required systems and applications are accessible and reports missing access.. Owner: IT.
G011,AI Engineer,Data,Individual Contributor,Technical,G011-T15,15,Week 2,Manager Setup,Complete first-week check-in,"Complete a structured check-in with the manager to review progress, blockers and next priorities.",Employee,Manager,7,True,Check-in confirmation,Complete the manager check-in,Employee,Please complete your first-week manager check-in.,Escalate to manager if not completed.,Synthetic onboarding guide,G011,"AI Engineer. Complete first-week check-in. Complete a structured check-in with the manager to review progress, blockers and next priorities.. Owner: Manager."
G011,AI Engineer,Data,Individual Contributor,Technical,G011-T16,16,Role Setup,AI Platform,Get AI development access,"Receive approved access to AI platforms, repositories and environments.",IT,IT,3,True,Task completion confirmation,Complete or confirm: Get AI development access,IT,Please complete the required onboarding task: Get AI development access.,Escalate to the role manager if Get AI development access is overdue.,Synthetic role-specific guide,G011,"AI Engineer. Get AI development access. Receive approved access to AI platforms, repositories and environments.. Owner: IT."
G011,AI Engineer,Data,Individual Contributor,Technical,G011-T17,17,Role Setup,AI Workflow,Review AI development and evaluation workflow,"Review approved development, evaluation and deployment practices.",Employee,Manager,5,True,Task completion confirmation,Complete or confirm: Review AI development and evaluation workflow,Employee,Please complete the required onboarding task: Review AI development and evaluation workflow.,Escalate to the role manager if Review AI development and evaluation workflow is overdue.,Synthetic role-specific guide,G011,"AI Engineer. Review AI development and evaluation workflow. Review approved development, evaluation and deployment practices.. Owner: Manager."
G011,AI Engineer,Data,Individual Contributor,Technical,G011-T18,18,Role Setup,Responsible AI,Review AI usage and safety guidelines,"Review approved AI usage, privacy and safety guidelines.",Employee,Security,5,True,Task completion confirmation,Complete or confirm: Review AI usage and safety guidelines,Employee,Please complete the required onboarding task: Review AI usage and safety guidelines.,Escalate to the role manager if Review AI usage and safety guidelines is overdue.,Synthetic role-specific guide,G011,"AI Engineer. Review AI usage and safety guidelines. Review approved AI usage, privacy and safety guidelines.. Owner: Security."
G012,QA Engineer,Engineering,Individual Contributor,Technical,G012-T01,1,Preboarding,Identity & Compliance,Submit identity verification documents,Upload the required identity documents for employment verification.,Employee,HR,0,True,Identity documents submitted,Request the missing identity document,HR,Please submit the missing identity document.,Escalate to HR if not submitted within 2 business days.,Synthetic onboarding guide,G012,QA Engineer. Submit identity verification documents. Upload the required identity documents for employment verification.. Owner: HR.
G012,QA Engineer,Engineering,Individual Contributor,Technical,G012-T02,2,Preboarding,Employment,Review and sign employment agreement,Review the employment agreement and electronically sign it before the joining date.,Employee,HR,0,True,Signed employment agreement,Complete and sign the employment agreement,HR,Please review and sign your employment agreement.,Escalate to HR if signature is overdue.,Synthetic onboarding guide,G012,QA Engineer. Review and sign employment agreement. Review the employment agreement and electronically sign it before the joining date.. Owner: HR.
G012,QA Engineer,Engineering,Individual Contributor,Technical,G012-T03,3,Preboarding,Payroll,Submit payroll and bank information,Provide the approved payroll information required to process salary payments.,Employee,Finance/HR,1,True,Payroll information submitted,Submit the missing payroll information,Employee,Please complete your payroll information.,Escalate to HR if payroll information remains missing.,Synthetic onboarding guide,G012,QA Engineer. Submit payroll and bank information. Provide the approved payroll information required to process salary payments.. Owner: Finance/HR.
G012,QA Engineer,Engineering,Individual Contributor,Technical,G012-T04,4,Preboarding,HR Forms,Complete employee information form,Complete required employee profile and emergency-contact information using the onboarding form.,Employee,HR,1,True,Completed HR form,Complete the employee information form,Employee,Please complete your employee information form.,Escalate to HR if incomplete.,Synthetic onboarding guide,G012,QA Engineer. Complete employee information form. Complete required employee profile and emergency-contact information using the onboarding form.. Owner: HR.
G012,QA Engineer,Engineering,Individual Contributor,Technical,G012-T05,5,Preboarding,Policy,Acknowledge company policies,Review and acknowledge the required employee policies and code of conduct.,Employee,HR,2,True,Policy acknowledgement,Review and acknowledge required policies,Employee,Please review and acknowledge the required policies.,Escalate to HR if acknowledgement is overdue.,Synthetic onboarding guide,G012,QA Engineer. Acknowledge company policies. Review and acknowledge the required employee policies and code of conduct.. Owner: HR.
G012,QA Engineer,Engineering,Individual Contributor,Technical,G012-T06,6,Preboarding,IT Access,Create company email account,IT creates the employee's corporate email account and confirms activation.,IT,IT,1,True,Email activation confirmation,IT should create and activate the company email,IT,IT has been asked to activate your company email.,Escalate to IT if activation is overdue.,Synthetic onboarding guide,G012,QA Engineer. Create company email account. IT creates the employee's corporate email account and confirms activation.. Owner: IT.
G012,QA Engineer,Engineering,Individual Contributor,Technical,G012-T07,7,Preboarding,IT Equipment,Provision laptop/workstation,IT prepares the approved laptop or workstation and records the device assignment.,IT,IT,2,True,Device assignment confirmation,IT should provision and assign the workstation,IT,IT needs to complete your workstation setup.,Escalate to IT if provisioning is overdue.,Synthetic onboarding guide,G012,QA Engineer. Provision laptop/workstation. IT prepares the approved laptop or workstation and records the device assignment.. Owner: IT.
G012,QA Engineer,Engineering,Individual Contributor,Technical,G012-T08,8,Preboarding,Access Management,Provision standard system access,IT provisions the standard applications and access required for the employee's role.,IT,IT,2,True,Access provisioning record,IT should provision standard role access,IT,Your standard system access is being prepared.,Escalate to IT if access is overdue.,Synthetic onboarding guide,G012,QA Engineer. Provision standard system access. IT provisions the standard applications and access required for the employee's role.. Owner: IT.
G012,QA Engineer,Engineering,Individual Contributor,Technical,G012-T09,9,Day 1,Orientation,Attend company orientation,"Attend the company orientation covering organization, workplace practices and key contacts.",Employee,HR,0,True,Orientation attendance,Attend the company orientation,Employee,Please attend your scheduled company orientation.,Escalate to HR if attendance is missing.,Synthetic onboarding guide,G012,"QA Engineer. Attend company orientation. Attend the company orientation covering organization, workplace practices and key contacts.. Owner: HR."
G012,QA Engineer,Engineering,Individual Contributor,Technical,G012-T10,10,Day 1,Security,Complete security awareness training,Complete mandatory security and acceptable-use training before full access is granted.,Employee,Security,1,True,Training completion record,Complete security awareness training,Employee,Please complete the required security training.,Escalate to Security/HR if overdue.,Synthetic onboarding guide,G012,QA Engineer. Complete security awareness training. Complete mandatory security and acceptable-use training before full access is granted.. Owner: Security.
G012,QA Engineer,Engineering,Individual Contributor,Technical,G012-T11,11,Day 1,Manager Setup,Meet reporting manager,Attend the initial meeting with the reporting manager to review responsibilities and first-week priorities.,Employee,Manager,1,True,Manager meeting confirmation,Complete the manager onboarding meeting,Employee,Please attend your manager onboarding meeting.,Escalate to the manager if not scheduled.,Synthetic onboarding guide,G012,QA Engineer. Meet reporting manager. Attend the initial meeting with the reporting manager to review responsibilities and first-week priorities.. Owner: Manager.
G012,QA Engineer,Engineering,Individual Contributor,Technical,G012-T12,12,Week 1,Team Integration,Complete team introduction,Meet key team members and understand team communication and collaboration practices.,Employee,Manager,3,True,Team introduction confirmation,Complete the team introduction activities,Employee,Please complete your team introductions.,Escalate to manager if not completed.,Synthetic onboarding guide,G012,QA Engineer. Complete team introduction. Meet key team members and understand team communication and collaboration practices.. Owner: Manager.
G012,QA Engineer,Engineering,Individual Contributor,Technical,G012-T13,13,Week 1,Onboarding Plan,Review role-specific onboarding plan,"Review the role-specific responsibilities, tools, goals and onboarding expectations with the manager.",Employee,Manager,5,True,Onboarding plan acknowledgement,Review the role-specific onboarding plan,Employee,Please review your role-specific onboarding plan.,Escalate to manager if incomplete.,Synthetic onboarding guide,G012,"QA Engineer. Review role-specific onboarding plan. Review the role-specific responsibilities, tools, goals and onboarding expectations with the manager.. Owner: Manager."
G012,QA Engineer,Engineering,Individual Contributor,Technical,G012-T14,14,Week 1,Access Management,Confirm required access,Employee confirms that all required systems and applications are accessible and reports missing access.,Employee,IT,5,True,Access confirmation or access issue,Confirm required system access,Employee,Please confirm that you can access the required systems.,Escalate missing access to IT.,Synthetic onboarding guide,G012,QA Engineer. Confirm required access. Employee confirms that all required systems and applications are accessible and reports missing access.. Owner: IT.
G012,QA Engineer,Engineering,Individual Contributor,Technical,G012-T15,15,Week 2,Manager Setup,Complete first-week check-in,"Complete a structured check-in with the manager to review progress, blockers and next priorities.",Employee,Manager,7,True,Check-in confirmation,Complete the manager check-in,Employee,Please complete your first-week manager check-in.,Escalate to manager if not completed.,Synthetic onboarding guide,G012,"QA Engineer. Complete first-week check-in. Complete a structured check-in with the manager to review progress, blockers and next priorities.. Owner: Manager."
G012,QA Engineer,Engineering,Individual Contributor,Technical,G012-T16,16,Role Setup,QA Access,Get test environment access,Receive access to approved test environments and tools.,IT,IT,3,True,Task completion confirmation,Complete or confirm: Get test environment access,IT,Please complete the required onboarding task: Get test environment access.,Escalate to the role manager if Get test environment access is overdue.,Synthetic role-specific guide,G012,QA Engineer. Get test environment access. Receive access to approved test environments and tools.. Owner: IT.
G012,QA Engineer,Engineering,Individual Contributor,Technical,G012-T17,17,Role Setup,QA Process,Review test strategy and defect workflow,"Review test planning, execution and defect reporting practices.",Employee,QA Manager,5,True,Task completion confirmation,Complete or confirm: Review test strategy and defect workflow,Employee,Please complete the required onboarding task: Review test strategy and defect workflow.,Escalate to the role manager if Review test strategy and defect workflow is overdue.,Synthetic role-specific guide,G012,"QA Engineer. Review test strategy and defect workflow. Review test planning, execution and defect reporting practices.. Owner: QA Manager."
G012,QA Engineer,Engineering,Individual Contributor,Technical,G012-T18,18,Role Setup,Test Data,Review approved test data process,Review how approved test data is requested and handled.,Employee,QA Manager,5,True,Task completion confirmation,Complete or confirm: Review approved test data process,Employee,Please complete the required onboarding task: Review approved test data process.,Escalate to the role manager if Review approved test data process is overdue.,Synthetic role-specific guide,G012,QA Engineer. Review approved test data process. Review how approved test data is requested and handled.. Owner: QA Manager.
G013,Automation Test Engineer,Engineering,Individual Contributor,Technical,G013-T01,1,Preboarding,Identity & Compliance,Submit identity verification documents,Upload the required identity documents for employment verification.,Employee,HR,0,True,Identity documents submitted,Request the missing identity document,HR,Please submit the missing identity document.,Escalate to HR if not submitted within 2 business days.,Synthetic onboarding guide,G013,Automation Test Engineer. Submit identity verification documents. Upload the required identity documents for employment verification.. Owner: HR.
G013,Automation Test Engineer,Engineering,Individual Contributor,Technical,G013-T02,2,Preboarding,Employment,Review and sign employment agreement,Review the employment agreement and electronically sign it before the joining date.,Employee,HR,0,True,Signed employment agreement,Complete and sign the employment agreement,HR,Please review and sign your employment agreement.,Escalate to HR if signature is overdue.,Synthetic onboarding guide,G013,Automation Test Engineer. Review and sign employment agreement. Review the employment agreement and electronically sign it before the joining date.. Owner: HR.
G013,Automation Test Engineer,Engineering,Individual Contributor,Technical,G013-T03,3,Preboarding,Payroll,Submit payroll and bank information,Provide the approved payroll information required to process salary payments.,Employee,Finance/HR,1,True,Payroll information submitted,Submit the missing payroll information,Employee,Please complete your payroll information.,Escalate to HR if payroll information remains missing.,Synthetic onboarding guide,G013,Automation Test Engineer. Submit payroll and bank information. Provide the approved payroll information required to process salary payments.. Owner: Finance/HR.
G013,Automation Test Engineer,Engineering,Individual Contributor,Technical,G013-T04,4,Preboarding,HR Forms,Complete employee information form,Complete required employee profile and emergency-contact information using the onboarding form.,Employee,HR,1,True,Completed HR form,Complete the employee information form,Employee,Please complete your employee information form.,Escalate to HR if incomplete.,Synthetic onboarding guide,G013,Automation Test Engineer. Complete employee information form. Complete required employee profile and emergency-contact information using the onboarding form.. Owner: HR.
G013,Automation Test Engineer,Engineering,Individual Contributor,Technical,G013-T05,5,Preboarding,Policy,Acknowledge company policies,Review and acknowledge the required employee policies and code of conduct.,Employee,HR,2,True,Policy acknowledgement,Review and acknowledge required policies,Employee,Please review and acknowledge the required policies.,Escalate to HR if acknowledgement is overdue.,Synthetic onboarding guide,G013,Automation Test Engineer. Acknowledge company policies. Review and acknowledge the required employee policies and code of conduct.. Owner: HR.
G013,Automation Test Engineer,Engineering,Individual Contributor,Technical,G013-T06,6,Preboarding,IT Access,Create company email account,IT creates the employee's corporate email account and confirms activation.,IT,IT,1,True,Email activation confirmation,IT should create and activate the company email,IT,IT has been asked to activate your company email.,Escalate to IT if activation is overdue.,Synthetic onboarding guide,G013,Automation Test Engineer. Create company email account. IT creates the employee's corporate email account and confirms activation.. Owner: IT.
G013,Automation Test Engineer,Engineering,Individual Contributor,Technical,G013-T07,7,Preboarding,IT Equipment,Provision laptop/workstation,IT prepares the approved laptop or workstation and records the device assignment.,IT,IT,2,True,Device assignment confirmation,IT should provision and assign the workstation,IT,IT needs to complete your workstation setup.,Escalate to IT if provisioning is overdue.,Synthetic onboarding guide,G013,Automation Test Engineer. Provision laptop/workstation. IT prepares the approved laptop or workstation and records the device assignment.. Owner: IT.
G013,Automation Test Engineer,Engineering,Individual Contributor,Technical,G013-T08,8,Preboarding,Access Management,Provision standard system access,IT provisions the standard applications and access required for the employee's role.,IT,IT,2,True,Access provisioning record,IT should provision standard role access,IT,Your standard system access is being prepared.,Escalate to IT if access is overdue.,Synthetic onboarding guide,G013,Automation Test Engineer. Provision standard system access. IT provisions the standard applications and access required for the employee's role.. Owner: IT.
G013,Automation Test Engineer,Engineering,Individual Contributor,Technical,G013-T09,9,Day 1,Orientation,Attend company orientation,"Attend the company orientation covering organization, workplace practices and key contacts.",Employee,HR,0,True,Orientation attendance,Attend the company orientation,Employee,Please attend your scheduled company orientation.,Escalate to HR if attendance is missing.,Synthetic onboarding guide,G013,"Automation Test Engineer. Attend company orientation. Attend the company orientation covering organization, workplace practices and key contacts.. Owner: HR."
G013,Automation Test Engineer,Engineering,Individual Contributor,Technical,G013-T10,10,Day 1,Security,Complete security awareness training,Complete mandatory security and acceptable-use training before full access is granted.,Employee,Security,1,True,Training completion record,Complete security awareness training,Employee,Please complete the required security training.,Escalate to Security/HR if overdue.,Synthetic onboarding guide,G013,Automation Test Engineer. Complete security awareness training. Complete mandatory security and acceptable-use training before full access is granted.. Owner: Security.
G013,Automation Test Engineer,Engineering,Individual Contributor,Technical,G013-T11,11,Day 1,Manager Setup,Meet reporting manager,Attend the initial meeting with the reporting manager to review responsibilities and first-week priorities.,Employee,Manager,1,True,Manager meeting confirmation,Complete the manager onboarding meeting,Employee,Please attend your manager onboarding meeting.,Escalate to the manager if not scheduled.,Synthetic onboarding guide,G013,Automation Test Engineer. Meet reporting manager. Attend the initial meeting with the reporting manager to review responsibilities and first-week priorities.. Owner: Manager.
G013,Automation Test Engineer,Engineering,Individual Contributor,Technical,G013-T12,12,Week 1,Team Integration,Complete team introduction,Meet key team members and understand team communication and collaboration practices.,Employee,Manager,3,True,Team introduction confirmation,Complete the team introduction activities,Employee,Please complete your team introductions.,Escalate to manager if not completed.,Synthetic onboarding guide,G013,Automation Test Engineer. Complete team introduction. Meet key team members and understand team communication and collaboration practices.. Owner: Manager.
G013,Automation Test Engineer,Engineering,Individual Contributor,Technical,G013-T13,13,Week 1,Onboarding Plan,Review role-specific onboarding plan,"Review the role-specific responsibilities, tools, goals and onboarding expectations with the manager.",Employee,Manager,5,True,Onboarding plan acknowledgement,Review the role-specific onboarding plan,Employee,Please review your role-specific onboarding plan.,Escalate to manager if incomplete.,Synthetic onboarding guide,G013,"Automation Test Engineer. Review role-specific onboarding plan. Review the role-specific responsibilities, tools, goals and onboarding expectations with the manager.. Owner: Manager."
G013,Automation Test Engineer,Engineering,Individual Contributor,Technical,G013-T14,14,Week 1,Access Management,Confirm required access,Employee confirms that all required systems and applications are accessible and reports missing access.,Employee,IT,5,True,Access confirmation or access issue,Confirm required system access,Employee,Please confirm that you can access the required systems.,Escalate missing access to IT.,Synthetic onboarding guide,G013,Automation Test Engineer. Confirm required access. Employee confirms that all required systems and applications are accessible and reports missing access.. Owner: IT.
G013,Automation Test Engineer,Engineering,Individual Contributor,Technical,G013-T15,15,Week 2,Manager Setup,Complete first-week check-in,"Complete a structured check-in with the manager to review progress, blockers and next priorities.",Employee,Manager,7,True,Check-in confirmation,Complete the manager check-in,Employee,Please complete your first-week manager check-in.,Escalate to manager if not completed.,Synthetic onboarding guide,G013,"Automation Test Engineer. Complete first-week check-in. Complete a structured check-in with the manager to review progress, blockers and next priorities.. Owner: Manager."
G013,Automation Test Engineer,Engineering,Individual Contributor,Technical,G013-T16,16,Role Setup,QA Access,Get automation repository access,Receive access to automation repositories and test environments.,IT,IT,3,True,Task completion confirmation,Complete or confirm: Get automation repository access,IT,Please complete the required onboarding task: Get automation repository access.,Escalate to the role manager if Get automation repository access is overdue.,Synthetic role-specific guide,G013,Automation Test Engineer. Get automation repository access. Receive access to automation repositories and test environments.. Owner: IT.
G013,Automation Test Engineer,Engineering,Individual Contributor,Technical,G013-T17,17,Role Setup,Automation,Run initial automation test suite,Run the baseline automation suite and confirm the environment works.,Employee,QA Manager,5,True,Task completion confirmation,Complete or confirm: Run initial automation test suite,Employee,Please complete the required onboarding task: Run initial automation test suite.,Escalate to the role manager if Run initial automation test suite is overdue.,Synthetic role-specific guide,G013,Automation Test Engineer. Run initial automation test suite. Run the baseline automation suite and confirm the environment works.. Owner: QA Manager.
G013,Automation Test Engineer,Engineering,Individual Contributor,Technical,G013-T18,18,Role Setup,QA Process,Review automation standards,"Review automation framework, reporting and defect workflow.",Employee,QA Manager,5,True,Task completion confirmation,Complete or confirm: Review automation standards,Employee,Please complete the required onboarding task: Review automation standards.,Escalate to the role manager if Review automation standards is overdue.,Synthetic role-specific guide,G013,"Automation Test Engineer. Review automation standards. Review automation framework, reporting and defect workflow.. Owner: QA Manager."
G014,Systems Engineer,IT,Individual Contributor,Technical,G014-T01,1,Preboarding,Identity & Compliance,Submit identity verification documents,Upload the required identity documents for employment verification.,Employee,HR,0,True,Identity documents submitted,Request the missing identity document,HR,Please submit the missing identity document.,Escalate to HR if not submitted within 2 business days.,Synthetic onboarding guide,G014,Systems Engineer. Submit identity verification documents. Upload the required identity documents for employment verification.. Owner: HR.
G014,Systems Engineer,IT,Individual Contributor,Technical,G014-T02,2,Preboarding,Employment,Review and sign employment agreement,Review the employment agreement and electronically sign it before the joining date.,Employee,HR,0,True,Signed employment agreement,Complete and sign the employment agreement,HR,Please review and sign your employment agreement.,Escalate to HR if signature is overdue.,Synthetic onboarding guide,G014,Systems Engineer. Review and sign employment agreement. Review the employment agreement and electronically sign it before the joining date.. Owner: HR.
G014,Systems Engineer,IT,Individual Contributor,Technical,G014-T03,3,Preboarding,Payroll,Submit payroll and bank information,Provide the approved payroll information required to process salary payments.,Employee,Finance/HR,1,True,Payroll information submitted,Submit the missing payroll information,Employee,Please complete your payroll information.,Escalate to HR if payroll information remains missing.,Synthetic onboarding guide,G014,Systems Engineer. Submit payroll and bank information. Provide the approved payroll information required to process salary payments.. Owner: Finance/HR.
G014,Systems Engineer,IT,Individual Contributor,Technical,G014-T04,4,Preboarding,HR Forms,Complete employee information form,Complete required employee profile and emergency-contact information using the onboarding form.,Employee,HR,1,True,Completed HR form,Complete the employee information form,Employee,Please complete your employee information form.,Escalate to HR if incomplete.,Synthetic onboarding guide,G014,Systems Engineer. Complete employee information form. Complete required employee profile and emergency-contact information using the onboarding form.. Owner: HR.
G014,Systems Engineer,IT,Individual Contributor,Technical,G014-T05,5,Preboarding,Policy,Acknowledge company policies,Review and acknowledge the required employee policies and code of conduct.,Employee,HR,2,True,Policy acknowledgement,Review and acknowledge required policies,Employee,Please review and acknowledge the required policies.,Escalate to HR if acknowledgement is overdue.,Synthetic onboarding guide,G014,Systems Engineer. Acknowledge company policies. Review and acknowledge the required employee policies and code of conduct.. Owner: HR.
G014,Systems Engineer,IT,Individual Contributor,Technical,G014-T06,6,Preboarding,IT Access,Create company email account,IT creates the employee's corporate email account and confirms activation.,IT,IT,1,True,Email activation confirmation,IT should create and activate the company email,IT,IT has been asked to activate your company email.,Escalate to IT if activation is overdue.,Synthetic onboarding guide,G014,Systems Engineer. Create company email account. IT creates the employee's corporate email account and confirms activation.. Owner: IT.
G014,Systems Engineer,IT,Individual Contributor,Technical,G014-T07,7,Preboarding,IT Equipment,Provision laptop/workstation,IT prepares the approved laptop or workstation and records the device assignment.,IT,IT,2,True,Device assignment confirmation,IT should provision and assign the workstation,IT,IT needs to complete your workstation setup.,Escalate to IT if provisioning is overdue.,Synthetic onboarding guide,G014,Systems Engineer. Provision laptop/workstation. IT prepares the approved laptop or workstation and records the device assignment.. Owner: IT.
G014,Systems Engineer,IT,Individual Contributor,Technical,G014-T08,8,Preboarding,Access Management,Provision standard system access,IT provisions the standard applications and access required for the employee's role.,IT,IT,2,True,Access provisioning record,IT should provision standard role access,IT,Your standard system access is being prepared.,Escalate to IT if access is overdue.,Synthetic onboarding guide,G014,Systems Engineer. Provision standard system access. IT provisions the standard applications and access required for the employee's role.. Owner: IT.
G014,Systems Engineer,IT,Individual Contributor,Technical,G014-T09,9,Day 1,Orientation,Attend company orientation,"Attend the company orientation covering organization, workplace practices and key contacts.",Employee,HR,0,True,Orientation attendance,Attend the company orientation,Employee,Please attend your scheduled company orientation.,Escalate to HR if attendance is missing.,Synthetic onboarding guide,G014,"Systems Engineer. Attend company orientation. Attend the company orientation covering organization, workplace practices and key contacts.. Owner: HR."
G014,Systems Engineer,IT,Individual Contributor,Technical,G014-T10,10,Day 1,Security,Complete security awareness training,Complete mandatory security and acceptable-use training before full access is granted.,Employee,Security,1,True,Training completion record,Complete security awareness training,Employee,Please complete the required security training.,Escalate to Security/HR if overdue.,Synthetic onboarding guide,G014,Systems Engineer. Complete security awareness training. Complete mandatory security and acceptable-use training before full access is granted.. Owner: Security.
G014,Systems Engineer,IT,Individual Contributor,Technical,G014-T11,11,Day 1,Manager Setup,Meet reporting manager,Attend the initial meeting with the reporting manager to review responsibilities and first-week priorities.,Employee,Manager,1,True,Manager meeting confirmation,Complete the manager onboarding meeting,Employee,Please attend your manager onboarding meeting.,Escalate to the manager if not scheduled.,Synthetic onboarding guide,G014,Systems Engineer. Meet reporting manager. Attend the initial meeting with the reporting manager to review responsibilities and first-week priorities.. Owner: Manager.
G014,Systems Engineer,IT,Individual Contributor,Technical,G014-T12,12,Week 1,Team Integration,Complete team introduction,Meet key team members and understand team communication and collaboration practices.,Employee,Manager,3,True,Team introduction confirmation,Complete the team introduction activities,Employee,Please complete your team introductions.,Escalate to manager if not completed.,Synthetic onboarding guide,G014,Systems Engineer. Complete team introduction. Meet key team members and understand team communication and collaboration practices.. Owner: Manager.
G014,Systems Engineer,IT,Individual Contributor,Technical,G014-T13,13,Week 1,Onboarding Plan,Review role-specific onboarding plan,"Review the role-specific responsibilities, tools, goals and onboarding expectations with the manager.",Employee,Manager,5,True,Onboarding plan acknowledgement,Review the role-specific onboarding plan,Employee,Please review your role-specific onboarding plan.,Escalate to manager if incomplete.,Synthetic onboarding guide,G014,"Systems Engineer. Review role-specific onboarding plan. Review the role-specific responsibilities, tools, goals and onboarding expectations with the manager.. Owner: Manager."
G014,Systems Engineer,IT,Individual Contributor,Technical,G014-T14,14,Week 1,Access Management,Confirm required access,Employee confirms that all required systems and applications are accessible and reports missing access.,Employee,IT,5,True,Access confirmation or access issue,Confirm required system access,Employee,Please confirm that you can access the required systems.,Escalate missing access to IT.,Synthetic onboarding guide,G014,Systems Engineer. Confirm required access. Employee confirms that all required systems and applications are accessible and reports missing access.. Owner: IT.
G014,Systems Engineer,IT,Individual Contributor,Technical,G014-T15,15,Week 2,Manager Setup,Complete first-week check-in,"Complete a structured check-in with the manager to review progress, blockers and next priorities.",Employee,Manager,7,True,Check-in confirmation,Complete the manager check-in,Employee,Please complete your first-week manager check-in.,Escalate to manager if not completed.,Synthetic onboarding guide,G014,"Systems Engineer. Complete first-week check-in. Complete a structured check-in with the manager to review progress, blockers and next priorities.. Owner: Manager."
G014,Systems Engineer,IT,Individual Contributor,Technical,G014-T16,16,Role Setup,Systems Access,Get systems administration access,Receive approved access to required systems and administration tools.,IT,IT,3,True,Task completion confirmation,Complete or confirm: Get systems administration access,IT,Please complete the required onboarding task: Get systems administration access.,Escalate to the role manager if Get systems administration access is overdue.,Synthetic role-specific guide,G014,Systems Engineer. Get systems administration access. Receive approved access to required systems and administration tools.. Owner: IT.
G014,Systems Engineer,IT,Individual Contributor,Technical,G014-T17,17,Role Setup,Infrastructure,Review systems architecture,"Review core systems, dependencies and support ownership.",Employee,IT Manager,5,True,Task completion confirmation,Complete or confirm: Review systems architecture,Employee,Please complete the required onboarding task: Review systems architecture.,Escalate to the role manager if Review systems architecture is overdue.,Synthetic role-specific guide,G014,"Systems Engineer. Review systems architecture. Review core systems, dependencies and support ownership.. Owner: IT Manager."
G014,Systems Engineer,IT,Individual Contributor,Technical,G014-T18,18,Role Setup,Operations,Review maintenance and escalation process,"Review maintenance, monitoring and escalation procedures.",Employee,IT Manager,5,True,Task completion confirmation,Complete or confirm: Review maintenance and escalation process,Employee,Please complete the required onboarding task: Review maintenance and escalation process.,Escalate to the role manager if Review maintenance and escalation process is overdue.,Synthetic role-specific guide,G014,"Systems Engineer. Review maintenance and escalation process. Review maintenance, monitoring and escalation procedures.. Owner: IT Manager."
G015,Network Engineer,IT,Individual Contributor,Technical,G015-T01,1,Preboarding,Identity & Compliance,Submit identity verification documents,Upload the required identity documents for employment verification.,Employee,HR,0,True,Identity documents submitted,Request the missing identity document,HR,Please submit the missing identity document.,Escalate to HR if not submitted within 2 business days.,Synthetic onboarding guide,G015,Network Engineer. Submit identity verification documents. Upload the required identity documents for employment verification.. Owner: HR.
G015,Network Engineer,IT,Individual Contributor,Technical,G015-T02,2,Preboarding,Employment,Review and sign employment agreement,Review the employment agreement and electronically sign it before the joining date.,Employee,HR,0,True,Signed employment agreement,Complete and sign the employment agreement,HR,Please review and sign your employment agreement.,Escalate to HR if signature is overdue.,Synthetic onboarding guide,G015,Network Engineer. Review and sign employment agreement. Review the employment agreement and electronically sign it before the joining date.. Owner: HR.
G015,Network Engineer,IT,Individual Contributor,Technical,G015-T03,3,Preboarding,Payroll,Submit payroll and bank information,Provide the approved payroll information required to process salary payments.,Employee,Finance/HR,1,True,Payroll information submitted,Submit the missing payroll information,Employee,Please complete your payroll information.,Escalate to HR if payroll information remains missing.,Synthetic onboarding guide,G015,Network Engineer. Submit payroll and bank information. Provide the approved payroll information required to process salary payments.. Owner: Finance/HR.
G015,Network Engineer,IT,Individual Contributor,Technical,G015-T04,4,Preboarding,HR Forms,Complete employee information form,Complete required employee profile and emergency-contact information using the onboarding form.,Employee,HR,1,True,Completed HR form,Complete the employee information form,Employee,Please complete your employee information form.,Escalate to HR if incomplete.,Synthetic onboarding guide,G015,Network Engineer. Complete employee information form. Complete required employee profile and emergency-contact information using the onboarding form.. Owner: HR.
G015,Network Engineer,IT,Individual Contributor,Technical,G015-T05,5,Preboarding,Policy,Acknowledge company policies,Review and acknowledge the required employee policies and code of conduct.,Employee,HR,2,True,Policy acknowledgement,Review and acknowledge required policies,Employee,Please review and acknowledge the required policies.,Escalate to HR if acknowledgement is overdue.,Synthetic onboarding guide,G015,Network Engineer. Acknowledge company policies. Review and acknowledge the required employee policies and code of conduct.. Owner: HR.
G015,Network Engineer,IT,Individual Contributor,Technical,G015-T06,6,Preboarding,IT Access,Create company email account,IT creates the employee's corporate email account and confirms activation.,IT,IT,1,True,Email activation confirmation,IT should create and activate the company email,IT,IT has been asked to activate your company email.,Escalate to IT if activation is overdue.,Synthetic onboarding guide,G015,Network Engineer. Create company email account. IT creates the employee's corporate email account and confirms activation.. Owner: IT.
G015,Network Engineer,IT,Individual Contributor,Technical,G015-T07,7,Preboarding,IT Equipment,Provision laptop/workstation,IT prepares the approved laptop or workstation and records the device assignment.,IT,IT,2,True,Device assignment confirmation,IT should provision and assign the workstation,IT,IT needs to complete your workstation setup.,Escalate to IT if provisioning is overdue.,Synthetic onboarding guide,G015,Network Engineer. Provision laptop/workstation. IT prepares the approved laptop or workstation and records the device assignment.. Owner: IT.
G015,Network Engineer,IT,Individual Contributor,Technical,G015-T08,8,Preboarding,Access Management,Provision standard system access,IT provisions the standard applications and access required for the employee's role.,IT,IT,2,True,Access provisioning record,IT should provision standard role access,IT,Your standard system access is being prepared.,Escalate to IT if access is overdue.,Synthetic onboarding guide,G015,Network Engineer. Provision standard system access. IT provisions the standard applications and access required for the employee's role.. Owner: IT.
G015,Network Engineer,IT,Individual Contributor,Technical,G015-T09,9,Day 1,Orientation,Attend company orientation,"Attend the company orientation covering organization, workplace practices and key contacts.",Employee,HR,0,True,Orientation attendance,Attend the company orientation,Employee,Please attend your scheduled company orientation.,Escalate to HR if attendance is missing.,Synthetic onboarding guide,G015,"Network Engineer. Attend company orientation. Attend the company orientation covering organization, workplace practices and key contacts.. Owner: HR."
G015,Network Engineer,IT,Individual Contributor,Technical,G015-T10,10,Day 1,Security,Complete security awareness training,Complete mandatory security and acceptable-use training before full access is granted.,Employee,Security,1,True,Training completion record,Complete security awareness training,Employee,Please complete the required security training.,Escalate to Security/HR if overdue.,Synthetic onboarding guide,G015,Network Engineer. Complete security awareness training. Complete mandatory security and acceptable-use training before full access is granted.. Owner: Security.
G015,Network Engineer,IT,Individual Contributor,Technical,G015-T11,11,Day 1,Manager Setup,Meet reporting manager,Attend the initial meeting with the reporting manager to review responsibilities and first-week priorities.,Employee,Manager,1,True,Manager meeting confirmation,Complete the manager onboarding meeting,Employee,Please attend your manager onboarding meeting.,Escalate to the manager if not scheduled.,Synthetic onboarding guide,G015,Network Engineer. Meet reporting manager. Attend the initial meeting with the reporting manager to review responsibilities and first-week priorities.. Owner: Manager.
G015,Network Engineer,IT,Individual Contributor,Technical,G015-T12,12,Week 1,Team Integration,Complete team introduction,Meet key team members and understand team communication and collaboration practices.,Employee,Manager,3,True,Team introduction confirmation,Complete the team introduction activities,Employee,Please complete your team introductions.,Escalate to manager if not completed.,Synthetic onboarding guide,G015,Network Engineer. Complete team introduction. Meet key team members and understand team communication and collaboration practices.. Owner: Manager.
G015,Network Engineer,IT,Individual Contributor,Technical,G015-T13,13,Week 1,Onboarding Plan,Review role-specific onboarding plan,"Review the role-specific responsibilities, tools, goals and onboarding expectations with the manager.",Employee,Manager,5,True,Onboarding plan acknowledgement,Review the role-specific onboarding plan,Employee,Please review your role-specific onboarding plan.,Escalate to manager if incomplete.,Synthetic onboarding guide,G015,"Network Engineer. Review role-specific onboarding plan. Review the role-specific responsibilities, tools, goals and onboarding expectations with the manager.. Owner: Manager."
G015,Network Engineer,IT,Individual Contributor,Technical,G015-T14,14,Week 1,Access Management,Confirm required access,Employee confirms that all required systems and applications are accessible and reports missing access.,Employee,IT,5,True,Access confirmation or access issue,Confirm required system access,Employee,Please confirm that you can access the required systems.,Escalate missing access to IT.,Synthetic onboarding guide,G015,Network Engineer. Confirm required access. Employee confirms that all required systems and applications are accessible and reports missing access.. Owner: IT.
G015,Network Engineer,IT,Individual Contributor,Technical,G015-T15,15,Week 2,Manager Setup,Complete first-week check-in,"Complete a structured check-in with the manager to review progress, blockers and next priorities.",Employee,Manager,7,True,Check-in confirmation,Complete the manager check-in,Employee,Please complete your first-week manager check-in.,Escalate to manager if not completed.,Synthetic onboarding guide,G015,"Network Engineer. Complete first-week check-in. Complete a structured check-in with the manager to review progress, blockers and next priorities.. Owner: Manager."
G015,Network Engineer,IT,Individual Contributor,Technical,G015-T16,16,Role Setup,Network Access,Get network management access,Receive approved access to network management tools.,IT,IT,3,True,Task completion confirmation,Complete or confirm: Get network management access,IT,Please complete the required onboarding task: Get network management access.,Escalate to the role manager if Get network management access is overdue.,Synthetic role-specific guide,G015,Network Engineer. Get network management access. Receive approved access to network management tools.. Owner: IT.
G015,Network Engineer,IT,Individual Contributor,Technical,G015-T17,17,Role Setup,Network Architecture,Review network topology,Review approved network architecture and major dependencies.,Employee,Network Manager,5,True,Task completion confirmation,Complete or confirm: Review network topology,Employee,Please complete the required onboarding task: Review network topology.,Escalate to the role manager if Review network topology is overdue.,Synthetic role-specific guide,G015,Network Engineer. Review network topology. Review approved network architecture and major dependencies.. Owner: Network Manager.
G015,Network Engineer,IT,Individual Contributor,Technical,G015-T18,18,Role Setup,Operations,Review network incident process,"Review monitoring, incident response and escalation procedures.",Employee,IT Manager,5,True,Task completion confirmation,Complete or confirm: Review network incident process,Employee,Please complete the required onboarding task: Review network incident process.,Escalate to the role manager if Review network incident process is overdue.,Synthetic role-specific guide,G015,"Network Engineer. Review network incident process. Review monitoring, incident response and escalation procedures.. Owner: IT Manager."
G016,Database Administrator,IT,Individual Contributor,Technical,G016-T01,1,Preboarding,Identity & Compliance,Submit identity verification documents,Upload the required identity documents for employment verification.,Employee,HR,0,True,Identity documents submitted,Request the missing identity document,HR,Please submit the missing identity document.,Escalate to HR if not submitted within 2 business days.,Synthetic onboarding guide,G016,Database Administrator. Submit identity verification documents. Upload the required identity documents for employment verification.. Owner: HR.
G016,Database Administrator,IT,Individual Contributor,Technical,G016-T02,2,Preboarding,Employment,Review and sign employment agreement,Review the employment agreement and electronically sign it before the joining date.,Employee,HR,0,True,Signed employment agreement,Complete and sign the employment agreement,HR,Please review and sign your employment agreement.,Escalate to HR if signature is overdue.,Synthetic onboarding guide,G016,Database Administrator. Review and sign employment agreement. Review the employment agreement and electronically sign it before the joining date.. Owner: HR.
G016,Database Administrator,IT,Individual Contributor,Technical,G016-T03,3,Preboarding,Payroll,Submit payroll and bank information,Provide the approved payroll information required to process salary payments.,Employee,Finance/HR,1,True,Payroll information submitted,Submit the missing payroll information,Employee,Please complete your payroll information.,Escalate to HR if payroll information remains missing.,Synthetic onboarding guide,G016,Database Administrator. Submit payroll and bank information. Provide the approved payroll information required to process salary payments.. Owner: Finance/HR.
G016,Database Administrator,IT,Individual Contributor,Technical,G016-T04,4,Preboarding,HR Forms,Complete employee information form,Complete required employee profile and emergency-contact information using the onboarding form.,Employee,HR,1,True,Completed HR form,Complete the employee information form,Employee,Please complete your employee information form.,Escalate to HR if incomplete.,Synthetic onboarding guide,G016,Database Administrator. Complete employee information form. Complete required employee profile and emergency-contact information using the onboarding form.. Owner: HR.
G016,Database Administrator,IT,Individual Contributor,Technical,G016-T05,5,Preboarding,Policy,Acknowledge company policies,Review and acknowledge the required employee policies and code of conduct.,Employee,HR,2,True,Policy acknowledgement,Review and acknowledge required policies,Employee,Please review and acknowledge the required policies.,Escalate to HR if acknowledgement is overdue.,Synthetic onboarding guide,G016,Database Administrator. Acknowledge company policies. Review and acknowledge the required employee policies and code of conduct.. Owner: HR.
G016,Database Administrator,IT,Individual Contributor,Technical,G016-T06,6,Preboarding,IT Access,Create company email account,IT creates the employee's corporate email account and confirms activation.,IT,IT,1,True,Email activation confirmation,IT should create and activate the company email,IT,IT has been asked to activate your company email.,Escalate to IT if activation is overdue.,Synthetic onboarding guide,G016,Database Administrator. Create company email account. IT creates the employee's corporate email account and confirms activation.. Owner: IT.
G016,Database Administrator,IT,Individual Contributor,Technical,G016-T07,7,Preboarding,IT Equipment,Provision laptop/workstation,IT prepares the approved laptop or workstation and records the device assignment.,IT,IT,2,True,Device assignment confirmation,IT should provision and assign the workstation,IT,IT needs to complete your workstation setup.,Escalate to IT if provisioning is overdue.,Synthetic onboarding guide,G016,Database Administrator. Provision laptop/workstation. IT prepares the approved laptop or workstation and records the device assignment.. Owner: IT.
G016,Database Administrator,IT,Individual Contributor,Technical,G016-T08,8,Preboarding,Access Management,Provision standard system access,IT provisions the standard applications and access required for the employee's role.,IT,IT,2,True,Access provisioning record,IT should provision standard role access,IT,Your standard system access is being prepared.,Escalate to IT if access is overdue.,Synthetic onboarding guide,G016,Database Administrator. Provision standard system access. IT provisions the standard applications and access required for the employee's role.. Owner: IT.
G016,Database Administrator,IT,Individual Contributor,Technical,G016-T09,9,Day 1,Orientation,Attend company orientation,"Attend the company orientation covering organization, workplace practices and key contacts.",Employee,HR,0,True,Orientation attendance,Attend the company orientation,Employee,Please attend your scheduled company orientation.,Escalate to HR if attendance is missing.,Synthetic onboarding guide,G016,"Database Administrator. Attend company orientation. Attend the company orientation covering organization, workplace practices and key contacts.. Owner: HR."
G016,Database Administrator,IT,Individual Contributor,Technical,G016-T10,10,Day 1,Security,Complete security awareness training,Complete mandatory security and acceptable-use training before full access is granted.,Employee,Security,1,True,Training completion record,Complete security awareness training,Employee,Please complete the required security training.,Escalate to Security/HR if overdue.,Synthetic onboarding guide,G016,Database Administrator. Complete security awareness training. Complete mandatory security and acceptable-use training before full access is granted.. Owner: Security.
G016,Database Administrator,IT,Individual Contributor,Technical,G016-T11,11,Day 1,Manager Setup,Meet reporting manager,Attend the initial meeting with the reporting manager to review responsibilities and first-week priorities.,Employee,Manager,1,True,Manager meeting confirmation,Complete the manager onboarding meeting,Employee,Please attend your manager onboarding meeting.,Escalate to the manager if not scheduled.,Synthetic onboarding guide,G016,Database Administrator. Meet reporting manager. Attend the initial meeting with the reporting manager to review responsibilities and first-week priorities.. Owner: Manager.
G016,Database Administrator,IT,Individual Contributor,Technical,G016-T12,12,Week 1,Team Integration,Complete team introduction,Meet key team members and understand team communication and collaboration practices.,Employee,Manager,3,True,Team introduction confirmation,Complete the team introduction activities,Employee,Please complete your team introductions.,Escalate to manager if not completed.,Synthetic onboarding guide,G016,Database Administrator. Complete team introduction. Meet key team members and understand team communication and collaboration practices.. Owner: Manager.
G016,Database Administrator,IT,Individual Contributor,Technical,G016-T13,13,Week 1,Onboarding Plan,Review role-specific onboarding plan,"Review the role-specific responsibilities, tools, goals and onboarding expectations with the manager.",Employee,Manager,5,True,Onboarding plan acknowledgement,Review the role-specific onboarding plan,Employee,Please review your role-specific onboarding plan.,Escalate to manager if incomplete.,Synthetic onboarding guide,G016,"Database Administrator. Review role-specific onboarding plan. Review the role-specific responsibilities, tools, goals and onboarding expectations with the manager.. Owner: Manager."
G016,Database Administrator,IT,Individual Contributor,Technical,G016-T14,14,Week 1,Access Management,Confirm required access,Employee confirms that all required systems and applications are accessible and reports missing access.,Employee,IT,5,True,Access confirmation or access issue,Confirm required system access,Employee,Please confirm that you can access the required systems.,Escalate missing access to IT.,Synthetic onboarding guide,G016,Database Administrator. Confirm required access. Employee confirms that all required systems and applications are accessible and reports missing access.. Owner: IT.
G016,Database Administrator,IT,Individual Contributor,Technical,G016-T15,15,Week 2,Manager Setup,Complete first-week check-in,"Complete a structured check-in with the manager to review progress, blockers and next priorities.",Employee,Manager,7,True,Check-in confirmation,Complete the manager check-in,Employee,Please complete your first-week manager check-in.,Escalate to manager if not completed.,Synthetic onboarding guide,G016,"Database Administrator. Complete first-week check-in. Complete a structured check-in with the manager to review progress, blockers and next priorities.. Owner: Manager."
G016,Database Administrator,IT,Individual Contributor,Technical,G016-T16,16,Role Setup,Database Access,Get database administration access,Receive approved access to required database environments.,IT,IT,3,True,Task completion confirmation,Complete or confirm: Get database administration access,IT,Please complete the required onboarding task: Get database administration access.,Escalate to the role manager if Get database administration access is overdue.,Synthetic role-specific guide,G016,Database Administrator. Get database administration access. Receive approved access to required database environments.. Owner: IT.
G016,Database Administrator,IT,Individual Contributor,Technical,G016-T17,17,Role Setup,Database Operations,Review backup and recovery process,"Review approved backup, recovery and maintenance procedures.",Employee,Database Manager,5,True,Task completion confirmation,Complete or confirm: Review backup and recovery process,Employee,Please complete the required onboarding task: Review backup and recovery process.,Escalate to the role manager if Review backup and recovery process is overdue.,Synthetic role-specific guide,G016,"Database Administrator. Review backup and recovery process. Review approved backup, recovery and maintenance procedures.. Owner: Database Manager."
G016,Database Administrator,IT,Individual Contributor,Technical,G016-T18,18,Role Setup,Security,Review database access controls,Review approved database security and access management practices.,Employee,Database Manager,5,True,Task completion confirmation,Complete or confirm: Review database access controls,Employee,Please complete the required onboarding task: Review database access controls.,Escalate to the role manager if Review database access controls is overdue.,Synthetic role-specific guide,G016,Database Administrator. Review database access controls. Review approved database security and access management practices.. Owner: Database Manager.
G017,Database Manager,IT,Manager,Technical,G017-T01,1,Preboarding,Identity & Compliance,Submit identity verification documents,Upload the required identity documents for employment verification.,Employee,HR,0,True,Identity documents submitted,Request the missing identity document,HR,Please submit the missing identity document.,Escalate to HR if not submitted within 2 business days.,Synthetic onboarding guide,G017,Database Manager. Submit identity verification documents. Upload the required identity documents for employment verification.. Owner: HR.
G017,Database Manager,IT,Manager,Technical,G017-T02,2,Preboarding,Employment,Review and sign employment agreement,Review the employment agreement and electronically sign it before the joining date.,Employee,HR,0,True,Signed employment agreement,Complete and sign the employment agreement,HR,Please review and sign your employment agreement.,Escalate to HR if signature is overdue.,Synthetic onboarding guide,G017,Database Manager. Review and sign employment agreement. Review the employment agreement and electronically sign it before the joining date.. Owner: HR.
G017,Database Manager,IT,Manager,Technical,G017-T03,3,Preboarding,Payroll,Submit payroll and bank information,Provide the approved payroll information required to process salary payments.,Employee,Finance/HR,1,True,Payroll information submitted,Submit the missing payroll information,Employee,Please complete your payroll information.,Escalate to HR if payroll information remains missing.,Synthetic onboarding guide,G017,Database Manager. Submit payroll and bank information. Provide the approved payroll information required to process salary payments.. Owner: Finance/HR.
G017,Database Manager,IT,Manager,Technical,G017-T04,4,Preboarding,HR Forms,Complete employee information form,Complete required employee profile and emergency-contact information using the onboarding form.,Employee,HR,1,True,Completed HR form,Complete the employee information form,Employee,Please complete your employee information form.,Escalate to HR if incomplete.,Synthetic onboarding guide,G017,Database Manager. Complete employee information form. Complete required employee profile and emergency-contact information using the onboarding form.. Owner: HR.
G017,Database Manager,IT,Manager,Technical,G017-T05,5,Preboarding,Policy,Acknowledge company policies,Review and acknowledge the required employee policies and code of conduct.,Employee,HR,2,True,Policy acknowledgement,Review and acknowledge required policies,Employee,Please review and acknowledge the required policies.,Escalate to HR if acknowledgement is overdue.,Synthetic onboarding guide,G017,Database Manager. Acknowledge company policies. Review and acknowledge the required employee policies and code of conduct.. Owner: HR.
G017,Database Manager,IT,Manager,Technical,G017-T06,6,Preboarding,IT Access,Create company email account,IT creates the employee's corporate email account and confirms activation.,IT,IT,1,True,Email activation confirmation,IT should create and activate the company email,IT,IT has been asked to activate your company email.,Escalate to IT if activation is overdue.,Synthetic onboarding guide,G017,Database Manager. Create company email account. IT creates the employee's corporate email account and confirms activation.. Owner: IT.
G017,Database Manager,IT,Manager,Technical,G017-T07,7,Preboarding,IT Equipment,Provision laptop/workstation,IT prepares the approved laptop or workstation and records the device assignment.,IT,IT,2,True,Device assignment confirmation,IT should provision and assign the workstation,IT,IT needs to complete your workstation setup.,Escalate to IT if provisioning is overdue.,Synthetic onboarding guide,G017,Database Manager. Provision laptop/workstation. IT prepares the approved laptop or workstation and records the device assignment.. Owner: IT.
G017,Database Manager,IT,Manager,Technical,G017-T08,8,Preboarding,Access Management,Provision standard system access,IT provisions the standard applications and access required for the employee's role.,IT,IT,2,True,Access provisioning record,IT should provision standard role access,IT,Your standard system access is being prepared.,Escalate to IT if access is overdue.,Synthetic onboarding guide,G017,Database Manager. Provision standard system access. IT provisions the standard applications and access required for the employee's role.. Owner: IT.
G017,Database Manager,IT,Manager,Technical,G017-T09,9,Day 1,Orientation,Attend company orientation,"Attend the company orientation covering organization, workplace practices and key contacts.",Employee,HR,0,True,Orientation attendance,Attend the company orientation,Employee,Please attend your scheduled company orientation.,Escalate to HR if attendance is missing.,Synthetic onboarding guide,G017,"Database Manager. Attend company orientation. Attend the company orientation covering organization, workplace practices and key contacts.. Owner: HR."
G017,Database Manager,IT,Manager,Technical,G017-T10,10,Day 1,Security,Complete security awareness training,Complete mandatory security and acceptable-use training before full access is granted.,Employee,Security,1,True,Training completion record,Complete security awareness training,Employee,Please complete the required security training.,Escalate to Security/HR if overdue.,Synthetic onboarding guide,G017,Database Manager. Complete security awareness training. Complete mandatory security and acceptable-use training before full access is granted.. Owner: Security.
G017,Database Manager,IT,Manager,Technical,G017-T11,11,Day 1,Manager Setup,Meet reporting manager,Attend the initial meeting with the reporting manager to review responsibilities and first-week priorities.,Employee,Manager,1,True,Manager meeting confirmation,Complete the manager onboarding meeting,Employee,Please attend your manager onboarding meeting.,Escalate to the manager if not scheduled.,Synthetic onboarding guide,G017,Database Manager. Meet reporting manager. Attend the initial meeting with the reporting manager to review responsibilities and first-week priorities.. Owner: Manager.
G017,Database Manager,IT,Manager,Technical,G017-T12,12,Week 1,Team Integration,Complete team introduction,Meet key team members and understand team communication and collaboration practices.,Employee,Manager,3,True,Team introduction confirmation,Complete the team introduction activities,Employee,Please complete your team introductions.,Escalate to manager if not completed.,Synthetic onboarding guide,G017,Database Manager. Complete team introduction. Meet key team members and understand team communication and collaboration practices.. Owner: Manager.
G017,Database Manager,IT,Manager,Technical,G017-T13,13,Week 1,Onboarding Plan,Review role-specific onboarding plan,"Review the role-specific responsibilities, tools, goals and onboarding expectations with the manager.",Employee,Manager,5,True,Onboarding plan acknowledgement,Review the role-specific onboarding plan,Employee,Please review your role-specific onboarding plan.,Escalate to manager if incomplete.,Synthetic onboarding guide,G017,"Database Manager. Review role-specific onboarding plan. Review the role-specific responsibilities, tools, goals and onboarding expectations with the manager.. Owner: Manager."
G017,Database Manager,IT,Manager,Technical,G017-T14,14,Week 1,Access Management,Confirm required access,Employee confirms that all required systems and applications are accessible and reports missing access.,Employee,IT,5,True,Access confirmation or access issue,Confirm required system access,Employee,Please confirm that you can access the required systems.,Escalate missing access to IT.,Synthetic onboarding guide,G017,Database Manager. Confirm required access. Employee confirms that all required systems and applications are accessible and reports missing access.. Owner: IT.
G017,Database Manager,IT,Manager,Technical,G017-T15,15,Week 2,Manager Setup,Complete first-week check-in,"Complete a structured check-in with the manager to review progress, blockers and next priorities.",Employee,Manager,7,True,Check-in confirmation,Complete the manager check-in,Employee,Please complete your first-week manager check-in.,Escalate to manager if not completed.,Synthetic onboarding guide,G017,"Database Manager. Complete first-week check-in. Complete a structured check-in with the manager to review progress, blockers and next priorities.. Owner: Manager."
G017,Database Manager,IT,Manager,Technical,G017-T16,16,Role Setup,Database Management,Get database management access,Receive approved access to database management tools and environments.,IT,IT,3,True,Task completion confirmation,Complete or confirm: Get database management access,IT,Please complete the required onboarding task: Get database management access.,Escalate to the role manager if Get database management access is overdue.,Synthetic role-specific guide,G017,Database Manager. Get database management access. Receive approved access to database management tools and environments.. Owner: IT.
G017,Database Manager,IT,Manager,Technical,G017-T17,17,Role Setup,Governance,Review database governance,"Review database ownership, standards and change controls.",Employee,IT Manager,5,True,Task completion confirmation,Complete or confirm: Review database governance,Employee,Please complete the required onboarding task: Review database governance.,Escalate to the role manager if Review database governance is overdue.,Synthetic role-specific guide,G017,"Database Manager. Review database governance. Review database ownership, standards and change controls.. Owner: IT Manager."
G017,Database Manager,IT,Manager,Technical,G017-T18,18,Role Setup,Operations,Review database continuity process,"Review backup, recovery and availability procedures.",Employee,IT Manager,5,True,Task completion confirmation,Complete or confirm: Review database continuity process,Employee,Please complete the required onboarding task: Review database continuity process.,Escalate to the role manager if Review database continuity process is overdue.,Synthetic role-specific guide,G017,"Database Manager. Review database continuity process. Review backup, recovery and availability procedures.. Owner: IT Manager."
G018,IT Support Specialist,IT,Individual Contributor,Technical,G018-T01,1,Preboarding,Identity & Compliance,Submit identity verification documents,Upload the required identity documents for employment verification.,Employee,HR,0,True,Identity documents submitted,Request the missing identity document,HR,Please submit the missing identity document.,Escalate to HR if not submitted within 2 business days.,Synthetic onboarding guide,G018,IT Support Specialist. Submit identity verification documents. Upload the required identity documents for employment verification.. Owner: HR.
G018,IT Support Specialist,IT,Individual Contributor,Technical,G018-T02,2,Preboarding,Employment,Review and sign employment agreement,Review the employment agreement and electronically sign it before the joining date.,Employee,HR,0,True,Signed employment agreement,Complete and sign the employment agreement,HR,Please review and sign your employment agreement.,Escalate to HR if signature is overdue.,Synthetic onboarding guide,G018,IT Support Specialist. Review and sign employment agreement. Review the employment agreement and electronically sign it before the joining date.. Owner: HR.
G018,IT Support Specialist,IT,Individual Contributor,Technical,G018-T03,3,Preboarding,Payroll,Submit payroll and bank information,Provide the approved payroll information required to process salary payments.,Employee,Finance/HR,1,True,Payroll information submitted,Submit the missing payroll information,Employee,Please complete your payroll information.,Escalate to HR if payroll information remains missing.,Synthetic onboarding guide,G018,IT Support Specialist. Submit payroll and bank information. Provide the approved payroll information required to process salary payments.. Owner: Finance/HR.
G018,IT Support Specialist,IT,Individual Contributor,Technical,G018-T04,4,Preboarding,HR Forms,Complete employee information form,Complete required employee profile and emergency-contact information using the onboarding form.,Employee,HR,1,True,Completed HR form,Complete the employee information form,Employee,Please complete your employee information form.,Escalate to HR if incomplete.,Synthetic onboarding guide,G018,IT Support Specialist. Complete employee information form. Complete required employee profile and emergency-contact information using the onboarding form.. Owner: HR.
G018,IT Support Specialist,IT,Individual Contributor,Technical,G018-T05,5,Preboarding,Policy,Acknowledge company policies,Review and acknowledge the required employee policies and code of conduct.,Employee,HR,2,True,Policy acknowledgement,Review and acknowledge required policies,Employee,Please review and acknowledge the required policies.,Escalate to HR if acknowledgement is overdue.,Synthetic onboarding guide,G018,IT Support Specialist. Acknowledge company policies. Review and acknowledge the required employee policies and code of conduct.. Owner: HR.
G018,IT Support Specialist,IT,Individual Contributor,Technical,G018-T06,6,Preboarding,IT Access,Create company email account,IT creates the employee's corporate email account and confirms activation.,IT,IT,1,True,Email activation confirmation,IT should create and activate the company email,IT,IT has been asked to activate your company email.,Escalate to IT if activation is overdue.,Synthetic onboarding guide,G018,IT Support Specialist. Create company email account. IT creates the employee's corporate email account and confirms activation.. Owner: IT.
G018,IT Support Specialist,IT,Individual Contributor,Technical,G018-T07,7,Preboarding,IT Equipment,Provision laptop/workstation,IT prepares the approved laptop or workstation and records the device assignment.,IT,IT,2,True,Device assignment confirmation,IT should provision and assign the workstation,IT,IT needs to complete your workstation setup.,Escalate to IT if provisioning is overdue.,Synthetic onboarding guide,G018,IT Support Specialist. Provision laptop/workstation. IT prepares the approved laptop or workstation and records the device assignment.. Owner: IT.
G018,IT Support Specialist,IT,Individual Contributor,Technical,G018-T08,8,Preboarding,Access Management,Provision standard system access,IT provisions the standard applications and access required for the employee's role.,IT,IT,2,True,Access provisioning record,IT should provision standard role access,IT,Your standard system access is being prepared.,Escalate to IT if access is overdue.,Synthetic onboarding guide,G018,IT Support Specialist. Provision standard system access. IT provisions the standard applications and access required for the employee's role.. Owner: IT.
G018,IT Support Specialist,IT,Individual Contributor,Technical,G018-T09,9,Day 1,Orientation,Attend company orientation,"Attend the company orientation covering organization, workplace practices and key contacts.",Employee,HR,0,True,Orientation attendance,Attend the company orientation,Employee,Please attend your scheduled company orientation.,Escalate to HR if attendance is missing.,Synthetic onboarding guide,G018,"IT Support Specialist. Attend company orientation. Attend the company orientation covering organization, workplace practices and key contacts.. Owner: HR."
G018,IT Support Specialist,IT,Individual Contributor,Technical,G018-T10,10,Day 1,Security,Complete security awareness training,Complete mandatory security and acceptable-use training before full access is granted.,Employee,Security,1,True,Training completion record,Complete security awareness training,Employee,Please complete the required security training.,Escalate to Security/HR if overdue.,Synthetic onboarding guide,G018,IT Support Specialist. Complete security awareness training. Complete mandatory security and acceptable-use training before full access is granted.. Owner: Security.
G018,IT Support Specialist,IT,Individual Contributor,Technical,G018-T11,11,Day 1,Manager Setup,Meet reporting manager,Attend the initial meeting with the reporting manager to review responsibilities and first-week priorities.,Employee,Manager,1,True,Manager meeting confirmation,Complete the manager onboarding meeting,Employee,Please attend your manager onboarding meeting.,Escalate to the manager if not scheduled.,Synthetic onboarding guide,G018,IT Support Specialist. Meet reporting manager. Attend the initial meeting with the reporting manager to review responsibilities and first-week priorities.. Owner: Manager.
G018,IT Support Specialist,IT,Individual Contributor,Technical,G018-T12,12,Week 1,Team Integration,Complete team introduction,Meet key team members and understand team communication and collaboration practices.,Employee,Manager,3,True,Team introduction confirmation,Complete the team introduction activities,Employee,Please complete your team introductions.,Escalate to manager if not completed.,Synthetic onboarding guide,G018,IT Support Specialist. Complete team introduction. Meet key team members and understand team communication and collaboration practices.. Owner: Manager.
G018,IT Support Specialist,IT,Individual Contributor,Technical,G018-T13,13,Week 1,Onboarding Plan,Review role-specific onboarding plan,"Review the role-specific responsibilities, tools, goals and onboarding expectations with the manager.",Employee,Manager,5,True,Onboarding plan acknowledgement,Review the role-specific onboarding plan,Employee,Please review your role-specific onboarding plan.,Escalate to manager if incomplete.,Synthetic onboarding guide,G018,"IT Support Specialist. Review role-specific onboarding plan. Review the role-specific responsibilities, tools, goals and onboarding expectations with the manager.. Owner: Manager."
G018,IT Support Specialist,IT,Individual Contributor,Technical,G018-T14,14,Week 1,Access Management,Confirm required access,Employee confirms that all required systems and applications are accessible and reports missing access.,Employee,IT,5,True,Access confirmation or access issue,Confirm required system access,Employee,Please confirm that you can access the required systems.,Escalate missing access to IT.,Synthetic onboarding guide,G018,IT Support Specialist. Confirm required access. Employee confirms that all required systems and applications are accessible and reports missing access.. Owner: IT.
G018,IT Support Specialist,IT,Individual Contributor,Technical,G018-T15,15,Week 2,Manager Setup,Complete first-week check-in,"Complete a structured check-in with the manager to review progress, blockers and next priorities.",Employee,Manager,7,True,Check-in confirmation,Complete the manager check-in,Employee,Please complete your first-week manager check-in.,Escalate to manager if not completed.,Synthetic onboarding guide,G018,"IT Support Specialist. Complete first-week check-in. Complete a structured check-in with the manager to review progress, blockers and next priorities.. Owner: Manager."
G018,IT Support Specialist,IT,Individual Contributor,Technical,G018-T16,16,Role Setup,Support Tools,Get service desk access,Receive access to approved ticketing and support tools.,IT,IT Manager,3,True,Task completion confirmation,Complete or confirm: Get service desk access,IT,Please complete the required onboarding task: Get service desk access.,Escalate to the role manager if Get service desk access is overdue.,Synthetic role-specific guide,G018,IT Support Specialist. Get service desk access. Receive access to approved ticketing and support tools.. Owner: IT Manager.
G018,IT Support Specialist,IT,Individual Contributor,Technical,G018-T17,17,Role Setup,Support Process,Review ticket triage process,"Review ticket categorization, prioritization and escalation.",Employee,IT Manager,5,True,Task completion confirmation,Complete or confirm: Review ticket triage process,Employee,Please complete the required onboarding task: Review ticket triage process.,Escalate to the role manager if Review ticket triage process is overdue.,Synthetic role-specific guide,G018,"IT Support Specialist. Review ticket triage process. Review ticket categorization, prioritization and escalation.. Owner: IT Manager."
G018,IT Support Specialist,IT,Individual Contributor,Technical,G018-T18,18,Role Setup,Knowledge Base,Review support knowledge base,Review common support procedures and approved knowledge resources.,Employee,IT Manager,5,True,Task completion confirmation,Complete or confirm: Review support knowledge base,Employee,Please complete the required onboarding task: Review support knowledge base.,Escalate to the role manager if Review support knowledge base is overdue.,Synthetic role-specific guide,G018,IT Support Specialist. Review support knowledge base. Review common support procedures and approved knowledge resources.. Owner: IT Manager.
G019,Cybersecurity Analyst,Cybersecurity,Individual Contributor,Technical,G019-T01,1,Preboarding,Identity & Compliance,Submit identity verification documents,Upload the required identity documents for employment verification.,Employee,HR,0,True,Identity documents submitted,Request the missing identity document,HR,Please submit the missing identity document.,Escalate to HR if not submitted within 2 business days.,Synthetic onboarding guide,G019,Cybersecurity Analyst. Submit identity verification documents. Upload the required identity documents for employment verification.. Owner: HR.
G019,Cybersecurity Analyst,Cybersecurity,Individual Contributor,Technical,G019-T02,2,Preboarding,Employment,Review and sign employment agreement,Review the employment agreement and electronically sign it before the joining date.,Employee,HR,0,True,Signed employment agreement,Complete and sign the employment agreement,HR,Please review and sign your employment agreement.,Escalate to HR if signature is overdue.,Synthetic onboarding guide,G019,Cybersecurity Analyst. Review and sign employment agreement. Review the employment agreement and electronically sign it before the joining date.. Owner: HR.
G019,Cybersecurity Analyst,Cybersecurity,Individual Contributor,Technical,G019-T03,3,Preboarding,Payroll,Submit payroll and bank information,Provide the approved payroll information required to process salary payments.,Employee,Finance/HR,1,True,Payroll information submitted,Submit the missing payroll information,Employee,Please complete your payroll information.,Escalate to HR if payroll information remains missing.,Synthetic onboarding guide,G019,Cybersecurity Analyst. Submit payroll and bank information. Provide the approved payroll information required to process salary payments.. Owner: Finance/HR.
G019,Cybersecurity Analyst,Cybersecurity,Individual Contributor,Technical,G019-T04,4,Preboarding,HR Forms,Complete employee information form,Complete required employee profile and emergency-contact information using the onboarding form.,Employee,HR,1,True,Completed HR form,Complete the employee information form,Employee,Please complete your employee information form.,Escalate to HR if incomplete.,Synthetic onboarding guide,G019,Cybersecurity Analyst. Complete employee information form. Complete required employee profile and emergency-contact information using the onboarding form.. Owner: HR.
G019,Cybersecurity Analyst,Cybersecurity,Individual Contributor,Technical,G019-T05,5,Preboarding,Policy,Acknowledge company policies,Review and acknowledge the required employee policies and code of conduct.,Employee,HR,2,True,Policy acknowledgement,Review and acknowledge required policies,Employee,Please review and acknowledge the required policies.,Escalate to HR if acknowledgement is overdue.,Synthetic onboarding guide,G019,Cybersecurity Analyst. Acknowledge company policies. Review and acknowledge the required employee policies and code of conduct.. Owner: HR.
G019,Cybersecurity Analyst,Cybersecurity,Individual Contributor,Technical,G019-T06,6,Preboarding,IT Access,Create company email account,IT creates the employee's corporate email account and confirms activation.,IT,IT,1,True,Email activation confirmation,IT should create and activate the company email,IT,IT has been asked to activate your company email.,Escalate to IT if activation is overdue.,Synthetic onboarding guide,G019,Cybersecurity Analyst. Create company email account. IT creates the employee's corporate email account and confirms activation.. Owner: IT.
G019,Cybersecurity Analyst,Cybersecurity,Individual Contributor,Technical,G019-T07,7,Preboarding,IT Equipment,Provision laptop/workstation,IT prepares the approved laptop or workstation and records the device assignment.,IT,IT,2,True,Device assignment confirmation,IT should provision and assign the workstation,IT,IT needs to complete your workstation setup.,Escalate to IT if provisioning is overdue.,Synthetic onboarding guide,G019,Cybersecurity Analyst. Provision laptop/workstation. IT prepares the approved laptop or workstation and records the device assignment.. Owner: IT.
G019,Cybersecurity Analyst,Cybersecurity,Individual Contributor,Technical,G019-T08,8,Preboarding,Access Management,Provision standard system access,IT provisions the standard applications and access required for the employee's role.,IT,IT,2,True,Access provisioning record,IT should provision standard role access,IT,Your standard system access is being prepared.,Escalate to IT if access is overdue.,Synthetic onboarding guide,G019,Cybersecurity Analyst. Provision standard system access. IT provisions the standard applications and access required for the employee's role.. Owner: IT.
G019,Cybersecurity Analyst,Cybersecurity,Individual Contributor,Technical,G019-T09,9,Day 1,Orientation,Attend company orientation,"Attend the company orientation covering organization, workplace practices and key contacts.",Employee,HR,0,True,Orientation attendance,Attend the company orientation,Employee,Please attend your scheduled company orientation.,Escalate to HR if attendance is missing.,Synthetic onboarding guide,G019,"Cybersecurity Analyst. Attend company orientation. Attend the company orientation covering organization, workplace practices and key contacts.. Owner: HR."
G019,Cybersecurity Analyst,Cybersecurity,Individual Contributor,Technical,G019-T10,10,Day 1,Security,Complete security awareness training,Complete mandatory security and acceptable-use training before full access is granted.,Employee,Security,1,True,Training completion record,Complete security awareness training,Employee,Please complete the required security training.,Escalate to Security/HR if overdue.,Synthetic onboarding guide,G019,Cybersecurity Analyst. Complete security awareness training. Complete mandatory security and acceptable-use training before full access is granted.. Owner: Security.
G019,Cybersecurity Analyst,Cybersecurity,Individual Contributor,Technical,G019-T11,11,Day 1,Manager Setup,Meet reporting manager,Attend the initial meeting with the reporting manager to review responsibilities and first-week priorities.,Employee,Manager,1,True,Manager meeting confirmation,Complete the manager onboarding meeting,Employee,Please attend your manager onboarding meeting.,Escalate to the manager if not scheduled.,Synthetic onboarding guide,G019,Cybersecurity Analyst. Meet reporting manager. Attend the initial meeting with the reporting manager to review responsibilities and first-week priorities.. Owner: Manager.
G019,Cybersecurity Analyst,Cybersecurity,Individual Contributor,Technical,G019-T12,12,Week 1,Team Integration,Complete team introduction,Meet key team members and understand team communication and collaboration practices.,Employee,Manager,3,True,Team introduction confirmation,Complete the team introduction activities,Employee,Please complete your team introductions.,Escalate to manager if not completed.,Synthetic onboarding guide,G019,Cybersecurity Analyst. Complete team introduction. Meet key team members and understand team communication and collaboration practices.. Owner: Manager.
G019,Cybersecurity Analyst,Cybersecurity,Individual Contributor,Technical,G019-T13,13,Week 1,Onboarding Plan,Review role-specific onboarding plan,"Review the role-specific responsibilities, tools, goals and onboarding expectations with the manager.",Employee,Manager,5,True,Onboarding plan acknowledgement,Review the role-specific onboarding plan,Employee,Please review your role-specific onboarding plan.,Escalate to manager if incomplete.,Synthetic onboarding guide,G019,"Cybersecurity Analyst. Review role-specific onboarding plan. Review the role-specific responsibilities, tools, goals and onboarding expectations with the manager.. Owner: Manager."
G019,Cybersecurity Analyst,Cybersecurity,Individual Contributor,Technical,G019-T14,14,Week 1,Access Management,Confirm required access,Employee confirms that all required systems and applications are accessible and reports missing access.,Employee,IT,5,True,Access confirmation or access issue,Confirm required system access,Employee,Please confirm that you can access the required systems.,Escalate missing access to IT.,Synthetic onboarding guide,G019,Cybersecurity Analyst. Confirm required access. Employee confirms that all required systems and applications are accessible and reports missing access.. Owner: IT.
G019,Cybersecurity Analyst,Cybersecurity,Individual Contributor,Technical,G019-T15,15,Week 2,Manager Setup,Complete first-week check-in,"Complete a structured check-in with the manager to review progress, blockers and next priorities.",Employee,Manager,7,True,Check-in confirmation,Complete the manager check-in,Employee,Please complete your first-week manager check-in.,Escalate to manager if not completed.,Synthetic onboarding guide,G019,"Cybersecurity Analyst. Complete first-week check-in. Complete a structured check-in with the manager to review progress, blockers and next priorities.. Owner: Manager."
G019,Cybersecurity Analyst,Cybersecurity,Individual Contributor,Technical,G019-T16,16,Role Setup,Security Tools,Get security monitoring access,Receive approved access to security monitoring and investigation tools.,IT,Security,3,True,Task completion confirmation,Complete or confirm: Get security monitoring access,IT,Please complete the required onboarding task: Get security monitoring access.,Escalate to the role manager if Get security monitoring access is overdue.,Synthetic role-specific guide,G019,Cybersecurity Analyst. Get security monitoring access. Receive approved access to security monitoring and investigation tools.. Owner: Security.
G019,Cybersecurity Analyst,Cybersecurity,Individual Contributor,Technical,G019-T17,17,Role Setup,Incident Response,Review incident response process,"Review approved security incident detection, triage and escalation.",Employee,Security Manager,5,True,Task completion confirmation,Complete or confirm: Review incident response process,Employee,Please complete the required onboarding task: Review incident response process.,Escalate to the role manager if Review incident response process is overdue.,Synthetic role-specific guide,G019,"Cybersecurity Analyst. Review incident response process. Review approved security incident detection, triage and escalation.. Owner: Security Manager."
G019,Cybersecurity Analyst,Cybersecurity,Individual Contributor,Technical,G019-T18,18,Role Setup,Security Policy,Review security policies,Review applicable security policies and reporting requirements.,Employee,Security Manager,5,True,Task completion confirmation,Complete or confirm: Review security policies,Employee,Please complete the required onboarding task: Review security policies.,Escalate to the role manager if Review security policies is overdue.,Synthetic role-specific guide,G019,Cybersecurity Analyst. Review security policies. Review applicable security policies and reporting requirements.. Owner: Security Manager.
G020,Security Engineer,Cybersecurity,Individual Contributor,Technical,G020-T01,1,Preboarding,Identity & Compliance,Submit identity verification documents,Upload the required identity documents for employment verification.,Employee,HR,0,True,Identity documents submitted,Request the missing identity document,HR,Please submit the missing identity document.,Escalate to HR if not submitted within 2 business days.,Synthetic onboarding guide,G020,Security Engineer. Submit identity verification documents. Upload the required identity documents for employment verification.. Owner: HR.
G020,Security Engineer,Cybersecurity,Individual Contributor,Technical,G020-T02,2,Preboarding,Employment,Review and sign employment agreement,Review the employment agreement and electronically sign it before the joining date.,Employee,HR,0,True,Signed employment agreement,Complete and sign the employment agreement,HR,Please review and sign your employment agreement.,Escalate to HR if signature is overdue.,Synthetic onboarding guide,G020,Security Engineer. Review and sign employment agreement. Review the employment agreement and electronically sign it before the joining date.. Owner: HR.
G020,Security Engineer,Cybersecurity,Individual Contributor,Technical,G020-T03,3,Preboarding,Payroll,Submit payroll and bank information,Provide the approved payroll information required to process salary payments.,Employee,Finance/HR,1,True,Payroll information submitted,Submit the missing payroll information,Employee,Please complete your payroll information.,Escalate to HR if payroll information remains missing.,Synthetic onboarding guide,G020,Security Engineer. Submit payroll and bank information. Provide the approved payroll information required to process salary payments.. Owner: Finance/HR.
G020,Security Engineer,Cybersecurity,Individual Contributor,Technical,G020-T04,4,Preboarding,HR Forms,Complete employee information form,Complete required employee profile and emergency-contact information using the onboarding form.,Employee,HR,1,True,Completed HR form,Complete the employee information form,Employee,Please complete your employee information form.,Escalate to HR if incomplete.,Synthetic onboarding guide,G020,Security Engineer. Complete employee information form. Complete required employee profile and emergency-contact information using the onboarding form.. Owner: HR.
G020,Security Engineer,Cybersecurity,Individual Contributor,Technical,G020-T05,5,Preboarding,Policy,Acknowledge company policies,Review and acknowledge the required employee policies and code of conduct.,Employee,HR,2,True,Policy acknowledgement,Review and acknowledge required policies,Employee,Please review and acknowledge the required policies.,Escalate to HR if acknowledgement is overdue.,Synthetic onboarding guide,G020,Security Engineer. Acknowledge company policies. Review and acknowledge the required employee policies and code of conduct.. Owner: HR.
G020,Security Engineer,Cybersecurity,Individual Contributor,Technical,G020-T06,6,Preboarding,IT Access,Create company email account,IT creates the employee's corporate email account and confirms activation.,IT,IT,1,True,Email activation confirmation,IT should create and activate the company email,IT,IT has been asked to activate your company email.,Escalate to IT if activation is overdue.,Synthetic onboarding guide,G020,Security Engineer. Create company email account. IT creates the employee's corporate email account and confirms activation.. Owner: IT.
G020,Security Engineer,Cybersecurity,Individual Contributor,Technical,G020-T07,7,Preboarding,IT Equipment,Provision laptop/workstation,IT prepares the approved laptop or workstation and records the device assignment.,IT,IT,2,True,Device assignment confirmation,IT should provision and assign the workstation,IT,IT needs to complete your workstation setup.,Escalate to IT if provisioning is overdue.,Synthetic onboarding guide,G020,Security Engineer. Provision laptop/workstation. IT prepares the approved laptop or workstation and records the device assignment.. Owner: IT.
G020,Security Engineer,Cybersecurity,Individual Contributor,Technical,G020-T08,8,Preboarding,Access Management,Provision standard system access,IT provisions the standard applications and access required for the employee's role.,IT,IT,2,True,Access provisioning record,IT should provision standard role access,IT,Your standard system access is being prepared.,Escalate to IT if access is overdue.,Synthetic onboarding guide,G020,Security Engineer. Provision standard system access. IT provisions the standard applications and access required for the employee's role.. Owner: IT.
G020,Security Engineer,Cybersecurity,Individual Contributor,Technical,G020-T09,9,Day 1,Orientation,Attend company orientation,"Attend the company orientation covering organization, workplace practices and key contacts.",Employee,HR,0,True,Orientation attendance,Attend the company orientation,Employee,Please attend your scheduled company orientation.,Escalate to HR if attendance is missing.,Synthetic onboarding guide,G020,"Security Engineer. Attend company orientation. Attend the company orientation covering organization, workplace practices and key contacts.. Owner: HR."
G020,Security Engineer,Cybersecurity,Individual Contributor,Technical,G020-T10,10,Day 1,Security,Complete security awareness training,Complete mandatory security and acceptable-use training before full access is granted.,Employee,Security,1,True,Training completion record,Complete security awareness training,Employee,Please complete the required security training.,Escalate to Security/HR if overdue.,Synthetic onboarding guide,G020,Security Engineer. Complete security awareness training. Complete mandatory security and acceptable-use training before full access is granted.. Owner: Security.
G020,Security Engineer,Cybersecurity,Individual Contributor,Technical,G020-T11,11,Day 1,Manager Setup,Meet reporting manager,Attend the initial meeting with the reporting manager to review responsibilities and first-week priorities.,Employee,Manager,1,True,Manager meeting confirmation,Complete the manager onboarding meeting,Employee,Please attend your manager onboarding meeting.,Escalate to the manager if not scheduled.,Synthetic onboarding guide,G020,Security Engineer. Meet reporting manager. Attend the initial meeting with the reporting manager to review responsibilities and first-week priorities.. Owner: Manager.
G020,Security Engineer,Cybersecurity,Individual Contributor,Technical,G020-T12,12,Week 1,Team Integration,Complete team introduction,Meet key team members and understand team communication and collaboration practices.,Employee,Manager,3,True,Team introduction confirmation,Complete the team introduction activities,Employee,Please complete your team introductions.,Escalate to manager if not completed.,Synthetic onboarding guide,G020,Security Engineer. Complete team introduction. Meet key team members and understand team communication and collaboration practices.. Owner: Manager.
G020,Security Engineer,Cybersecurity,Individual Contributor,Technical,G020-T13,13,Week 1,Onboarding Plan,Review role-specific onboarding plan,"Review the role-specific responsibilities, tools, goals and onboarding expectations with the manager.",Employee,Manager,5,True,Onboarding plan acknowledgement,Review the role-specific onboarding plan,Employee,Please review your role-specific onboarding plan.,Escalate to manager if incomplete.,Synthetic onboarding guide,G020,"Security Engineer. Review role-specific onboarding plan. Review the role-specific responsibilities, tools, goals and onboarding expectations with the manager.. Owner: Manager."
G020,Security Engineer,Cybersecurity,Individual Contributor,Technical,G020-T14,14,Week 1,Access Management,Confirm required access,Employee confirms that all required systems and applications are accessible and reports missing access.,Employee,IT,5,True,Access confirmation or access issue,Confirm required system access,Employee,Please confirm that you can access the required systems.,Escalate missing access to IT.,Synthetic onboarding guide,G020,Security Engineer. Confirm required access. Employee confirms that all required systems and applications are accessible and reports missing access.. Owner: IT.
G020,Security Engineer,Cybersecurity,Individual Contributor,Technical,G020-T15,15,Week 2,Manager Setup,Complete first-week check-in,"Complete a structured check-in with the manager to review progress, blockers and next priorities.",Employee,Manager,7,True,Check-in confirmation,Complete the manager check-in,Employee,Please complete your first-week manager check-in.,Escalate to manager if not completed.,Synthetic onboarding guide,G020,"Security Engineer. Complete first-week check-in. Complete a structured check-in with the manager to review progress, blockers and next priorities.. Owner: Manager."
G020,Security Engineer,Cybersecurity,Individual Contributor,Technical,G020-T16,16,Role Setup,Security Tools,Get security engineering access,Receive approved access to security engineering tools and environments.,IT,Security,3,True,Task completion confirmation,Complete or confirm: Get security engineering access,IT,Please complete the required onboarding task: Get security engineering access.,Escalate to the role manager if Get security engineering access is overdue.,Synthetic role-specific guide,G020,Security Engineer. Get security engineering access. Receive approved access to security engineering tools and environments.. Owner: Security.
G020,Security Engineer,Cybersecurity,Individual Contributor,Technical,G020-T17,17,Role Setup,Security Architecture,Review security architecture,Review approved security controls and architecture.,Employee,Security Manager,5,True,Task completion confirmation,Complete or confirm: Review security architecture,Employee,Please complete the required onboarding task: Review security architecture.,Escalate to the role manager if Review security architecture is overdue.,Synthetic role-specific guide,G020,Security Engineer. Review security architecture. Review approved security controls and architecture.. Owner: Security Manager.
G020,Security Engineer,Cybersecurity,Individual Contributor,Technical,G020-T18,18,Role Setup,Change Management,Review security change process,"Review testing, approval and deployment requirements for security changes.",Employee,Security Manager,5,True,Task completion confirmation,Complete or confirm: Review security change process,Employee,Please complete the required onboarding task: Review security change process.,Escalate to the role manager if Review security change process is overdue.,Synthetic role-specific guide,G020,"Security Engineer. Review security change process. Review testing, approval and deployment requirements for security changes.. Owner: Security Manager."
G021,Product Manager,Product,Manager,Business,G021-T01,1,Preboarding,Identity & Compliance,Submit identity verification documents,Upload the required identity documents for employment verification.,Employee,HR,0,True,Identity documents submitted,Request the missing identity document,HR,Please submit the missing identity document.,Escalate to HR if not submitted within 2 business days.,Synthetic onboarding guide,G021,Product Manager. Submit identity verification documents. Upload the required identity documents for employment verification.. Owner: HR.
G021,Product Manager,Product,Manager,Business,G021-T02,2,Preboarding,Employment,Review and sign employment agreement,Review the employment agreement and electronically sign it before the joining date.,Employee,HR,0,True,Signed employment agreement,Complete and sign the employment agreement,HR,Please review and sign your employment agreement.,Escalate to HR if signature is overdue.,Synthetic onboarding guide,G021,Product Manager. Review and sign employment agreement. Review the employment agreement and electronically sign it before the joining date.. Owner: HR.
G021,Product Manager,Product,Manager,Business,G021-T03,3,Preboarding,Payroll,Submit payroll and bank information,Provide the approved payroll information required to process salary payments.,Employee,Finance/HR,1,True,Payroll information submitted,Submit the missing payroll information,Employee,Please complete your payroll information.,Escalate to HR if payroll information remains missing.,Synthetic onboarding guide,G021,Product Manager. Submit payroll and bank information. Provide the approved payroll information required to process salary payments.. Owner: Finance/HR.
G021,Product Manager,Product,Manager,Business,G021-T04,4,Preboarding,HR Forms,Complete employee information form,Complete required employee profile and emergency-contact information using the onboarding form.,Employee,HR,1,True,Completed HR form,Complete the employee information form,Employee,Please complete your employee information form.,Escalate to HR if incomplete.,Synthetic onboarding guide,G021,Product Manager. Complete employee information form. Complete required employee profile and emergency-contact information using the onboarding form.. Owner: HR.
G021,Product Manager,Product,Manager,Business,G021-T05,5,Preboarding,Policy,Acknowledge company policies,Review and acknowledge the required employee policies and code of conduct.,Employee,HR,2,True,Policy acknowledgement,Review and acknowledge required policies,Employee,Please review and acknowledge the required policies.,Escalate to HR if acknowledgement is overdue.,Synthetic onboarding guide,G021,Product Manager. Acknowledge company policies. Review and acknowledge the required employee policies and code of conduct.. Owner: HR.
G021,Product Manager,Product,Manager,Business,G021-T06,6,Preboarding,IT Access,Create company email account,IT creates the employee's corporate email account and confirms activation.,IT,IT,1,True,Email activation confirmation,IT should create and activate the company email,IT,IT has been asked to activate your company email.,Escalate to IT if activation is overdue.,Synthetic onboarding guide,G021,Product Manager. Create company email account. IT creates the employee's corporate email account and confirms activation.. Owner: IT.
G021,Product Manager,Product,Manager,Business,G021-T07,7,Preboarding,IT Equipment,Provision laptop/workstation,IT prepares the approved laptop or workstation and records the device assignment.,IT,IT,2,True,Device assignment confirmation,IT should provision and assign the workstation,IT,IT needs to complete your workstation setup.,Escalate to IT if provisioning is overdue.,Synthetic onboarding guide,G021,Product Manager. Provision laptop/workstation. IT prepares the approved laptop or workstation and records the device assignment.. Owner: IT.
G021,Product Manager,Product,Manager,Business,G021-T08,8,Preboarding,Access Management,Provision standard system access,IT provisions the standard applications and access required for the employee's role.,IT,IT,2,True,Access provisioning record,IT should provision standard role access,IT,Your standard system access is being prepared.,Escalate to IT if access is overdue.,Synthetic onboarding guide,G021,Product Manager. Provision standard system access. IT provisions the standard applications and access required for the employee's role.. Owner: IT.
G021,Product Manager,Product,Manager,Business,G021-T09,9,Day 1,Orientation,Attend company orientation,"Attend the company orientation covering organization, workplace practices and key contacts.",Employee,HR,0,True,Orientation attendance,Attend the company orientation,Employee,Please attend your scheduled company orientation.,Escalate to HR if attendance is missing.,Synthetic onboarding guide,G021,"Product Manager. Attend company orientation. Attend the company orientation covering organization, workplace practices and key contacts.. Owner: HR."
G021,Product Manager,Product,Manager,Business,G021-T10,10,Day 1,Security,Complete security awareness training,Complete mandatory security and acceptable-use training before full access is granted.,Employee,Security,1,True,Training completion record,Complete security awareness training,Employee,Please complete the required security training.,Escalate to Security/HR if overdue.,Synthetic onboarding guide,G021,Product Manager. Complete security awareness training. Complete mandatory security and acceptable-use training before full access is granted.. Owner: Security.
G021,Product Manager,Product,Manager,Business,G021-T11,11,Day 1,Manager Setup,Meet reporting manager,Attend the initial meeting with the reporting manager to review responsibilities and first-week priorities.,Employee,Manager,1,True,Manager meeting confirmation,Complete the manager onboarding meeting,Employee,Please attend your manager onboarding meeting.,Escalate to the manager if not scheduled.,Synthetic onboarding guide,G021,Product Manager. Meet reporting manager. Attend the initial meeting with the reporting manager to review responsibilities and first-week priorities.. Owner: Manager.
G021,Product Manager,Product,Manager,Business,G021-T12,12,Week 1,Team Integration,Complete team introduction,Meet key team members and understand team communication and collaboration practices.,Employee,Manager,3,True,Team introduction confirmation,Complete the team introduction activities,Employee,Please complete your team introductions.,Escalate to manager if not completed.,Synthetic onboarding guide,G021,Product Manager. Complete team introduction. Meet key team members and understand team communication and collaboration practices.. Owner: Manager.
G021,Product Manager,Product,Manager,Business,G021-T13,13,Week 1,Onboarding Plan,Review role-specific onboarding plan,"Review the role-specific responsibilities, tools, goals and onboarding expectations with the manager.",Employee,Manager,5,True,Onboarding plan acknowledgement,Review the role-specific onboarding plan,Employee,Please review your role-specific onboarding plan.,Escalate to manager if incomplete.,Synthetic onboarding guide,G021,"Product Manager. Review role-specific onboarding plan. Review the role-specific responsibilities, tools, goals and onboarding expectations with the manager.. Owner: Manager."
G021,Product Manager,Product,Manager,Business,G021-T14,14,Week 1,Access Management,Confirm required access,Employee confirms that all required systems and applications are accessible and reports missing access.,Employee,IT,5,True,Access confirmation or access issue,Confirm required system access,Employee,Please confirm that you can access the required systems.,Escalate missing access to IT.,Synthetic onboarding guide,G021,Product Manager. Confirm required access. Employee confirms that all required systems and applications are accessible and reports missing access.. Owner: IT.
G021,Product Manager,Product,Manager,Business,G021-T15,15,Week 2,Manager Setup,Complete first-week check-in,"Complete a structured check-in with the manager to review progress, blockers and next priorities.",Employee,Manager,7,True,Check-in confirmation,Complete the manager check-in,Employee,Please complete your first-week manager check-in.,Escalate to manager if not completed.,Synthetic onboarding guide,G021,"Product Manager. Complete first-week check-in. Complete a structured check-in with the manager to review progress, blockers and next priorities.. Owner: Manager."
G021,Product Manager,Product,Manager,Business,G021-T16,16,Role Setup,Product Tools,Get product management tool access,"Receive access to product planning, analytics and collaboration tools.",IT,IT,3,True,Task completion confirmation,Complete or confirm: Get product management tool access,IT,Please complete the required onboarding task: Get product management tool access.,Escalate to the role manager if Get product management tool access is overdue.,Synthetic role-specific guide,G021,"Product Manager. Get product management tool access. Receive access to product planning, analytics and collaboration tools.. Owner: IT."
G021,Product Manager,Product,Manager,Business,G021-T17,17,Role Setup,Product Knowledge,Review product roadmap,"Review current roadmap, priorities and product goals.",Employee,Product Director,5,True,Task completion confirmation,Complete or confirm: Review product roadmap,Employee,Please complete the required onboarding task: Review product roadmap.,Escalate to the role manager if Review product roadmap is overdue.,Synthetic role-specific guide,G021,"Product Manager. Review product roadmap. Review current roadmap, priorities and product goals.. Owner: Product Director."
G021,Product Manager,Product,Manager,Business,G021-T18,18,Role Setup,Stakeholders,Meet key product stakeholders,"Meet key business, design and engineering stakeholders.",Employee,Product Director,5,True,Task completion confirmation,Complete or confirm: Meet key product stakeholders,Employee,Please complete the required onboarding task: Meet key product stakeholders.,Escalate to the role manager if Meet key product stakeholders is overdue.,Synthetic role-specific guide,G021,"Product Manager. Meet key product stakeholders. Meet key business, design and engineering stakeholders.. Owner: Product Director."
G022,Project Manager,Project Management,Manager,Business,G022-T01,1,Preboarding,Identity & Compliance,Submit identity verification documents,Upload the required identity documents for employment verification.,Employee,HR,0,True,Identity documents submitted,Request the missing identity document,HR,Please submit the missing identity document.,Escalate to HR if not submitted within 2 business days.,Synthetic onboarding guide,G022,Project Manager. Submit identity verification documents. Upload the required identity documents for employment verification.. Owner: HR.
G022,Project Manager,Project Management,Manager,Business,G022-T02,2,Preboarding,Employment,Review and sign employment agreement,Review the employment agreement and electronically sign it before the joining date.,Employee,HR,0,True,Signed employment agreement,Complete and sign the employment agreement,HR,Please review and sign your employment agreement.,Escalate to HR if signature is overdue.,Synthetic onboarding guide,G022,Project Manager. Review and sign employment agreement. Review the employment agreement and electronically sign it before the joining date.. Owner: HR.
G022,Project Manager,Project Management,Manager,Business,G022-T03,3,Preboarding,Payroll,Submit payroll and bank information,Provide the approved payroll information required to process salary payments.,Employee,Finance/HR,1,True,Payroll information submitted,Submit the missing payroll information,Employee,Please complete your payroll information.,Escalate to HR if payroll information remains missing.,Synthetic onboarding guide,G022,Project Manager. Submit payroll and bank information. Provide the approved payroll information required to process salary payments.. Owner: Finance/HR.
G022,Project Manager,Project Management,Manager,Business,G022-T04,4,Preboarding,HR Forms,Complete employee information form,Complete required employee profile and emergency-contact information using the onboarding form.,Employee,HR,1,True,Completed HR form,Complete the employee information form,Employee,Please complete your employee information form.,Escalate to HR if incomplete.,Synthetic onboarding guide,G022,Project Manager. Complete employee information form. Complete required employee profile and emergency-contact information using the onboarding form.. Owner: HR.
G022,Project Manager,Project Management,Manager,Business,G022-T05,5,Preboarding,Policy,Acknowledge company policies,Review and acknowledge the required employee policies and code of conduct.,Employee,HR,2,True,Policy acknowledgement,Review and acknowledge required policies,Employee,Please review and acknowledge the required policies.,Escalate to HR if acknowledgement is overdue.,Synthetic onboarding guide,G022,Project Manager. Acknowledge company policies. Review and acknowledge the required employee policies and code of conduct.. Owner: HR.
G022,Project Manager,Project Management,Manager,Business,G022-T06,6,Preboarding,IT Access,Create company email account,IT creates the employee's corporate email account and confirms activation.,IT,IT,1,True,Email activation confirmation,IT should create and activate the company email,IT,IT has been asked to activate your company email.,Escalate to IT if activation is overdue.,Synthetic onboarding guide,G022,Project Manager. Create company email account. IT creates the employee's corporate email account and confirms activation.. Owner: IT.
G022,Project Manager,Project Management,Manager,Business,G022-T07,7,Preboarding,IT Equipment,Provision laptop/workstation,IT prepares the approved laptop or workstation and records the device assignment.,IT,IT,2,True,Device assignment confirmation,IT should provision and assign the workstation,IT,IT needs to complete your workstation setup.,Escalate to IT if provisioning is overdue.,Synthetic onboarding guide,G022,Project Manager. Provision laptop/workstation. IT prepares the approved laptop or workstation and records the device assignment.. Owner: IT.
G022,Project Manager,Project Management,Manager,Business,G022-T08,8,Preboarding,Access Management,Provision standard system access,IT provisions the standard applications and access required for the employee's role.,IT,IT,2,True,Access provisioning record,IT should provision standard role access,IT,Your standard system access is being prepared.,Escalate to IT if access is overdue.,Synthetic onboarding guide,G022,Project Manager. Provision standard system access. IT provisions the standard applications and access required for the employee's role.. Owner: IT.
G022,Project Manager,Project Management,Manager,Business,G022-T09,9,Day 1,Orientation,Attend company orientation,"Attend the company orientation covering organization, workplace practices and key contacts.",Employee,HR,0,True,Orientation attendance,Attend the company orientation,Employee,Please attend your scheduled company orientation.,Escalate to HR if attendance is missing.,Synthetic onboarding guide,G022,"Project Manager. Attend company orientation. Attend the company orientation covering organization, workplace practices and key contacts.. Owner: HR."
G022,Project Manager,Project Management,Manager,Business,G022-T10,10,Day 1,Security,Complete security awareness training,Complete mandatory security and acceptable-use training before full access is granted.,Employee,Security,1,True,Training completion record,Complete security awareness training,Employee,Please complete the required security training.,Escalate to Security/HR if overdue.,Synthetic onboarding guide,G022,Project Manager. Complete security awareness training. Complete mandatory security and acceptable-use training before full access is granted.. Owner: Security.
G022,Project Manager,Project Management,Manager,Business,G022-T11,11,Day 1,Manager Setup,Meet reporting manager,Attend the initial meeting with the reporting manager to review responsibilities and first-week priorities.,Employee,Manager,1,True,Manager meeting confirmation,Complete the manager onboarding meeting,Employee,Please attend your manager onboarding meeting.,Escalate to the manager if not scheduled.,Synthetic onboarding guide,G022,Project Manager. Meet reporting manager. Attend the initial meeting with the reporting manager to review responsibilities and first-week priorities.. Owner: Manager.
G022,Project Manager,Project Management,Manager,Business,G022-T12,12,Week 1,Team Integration,Complete team introduction,Meet key team members and understand team communication and collaboration practices.,Employee,Manager,3,True,Team introduction confirmation,Complete the team introduction activities,Employee,Please complete your team introductions.,Escalate to manager if not completed.,Synthetic onboarding guide,G022,Project Manager. Complete team introduction. Meet key team members and understand team communication and collaboration practices.. Owner: Manager.
G022,Project Manager,Project Management,Manager,Business,G022-T13,13,Week 1,Onboarding Plan,Review role-specific onboarding plan,"Review the role-specific responsibilities, tools, goals and onboarding expectations with the manager.",Employee,Manager,5,True,Onboarding plan acknowledgement,Review the role-specific onboarding plan,Employee,Please review your role-specific onboarding plan.,Escalate to manager if incomplete.,Synthetic onboarding guide,G022,"Project Manager. Review role-specific onboarding plan. Review the role-specific responsibilities, tools, goals and onboarding expectations with the manager.. Owner: Manager."
G022,Project Manager,Project Management,Manager,Business,G022-T14,14,Week 1,Access Management,Confirm required access,Employee confirms that all required systems and applications are accessible and reports missing access.,Employee,IT,5,True,Access confirmation or access issue,Confirm required system access,Employee,Please confirm that you can access the required systems.,Escalate missing access to IT.,Synthetic onboarding guide,G022,Project Manager. Confirm required access. Employee confirms that all required systems and applications are accessible and reports missing access.. Owner: IT.
G022,Project Manager,Project Management,Manager,Business,G022-T15,15,Week 2,Manager Setup,Complete first-week check-in,"Complete a structured check-in with the manager to review progress, blockers and next priorities.",Employee,Manager,7,True,Check-in confirmation,Complete the manager check-in,Employee,Please complete your first-week manager check-in.,Escalate to manager if not completed.,Synthetic onboarding guide,G022,"Project Manager. Complete first-week check-in. Complete a structured check-in with the manager to review progress, blockers and next priorities.. Owner: Manager."
G022,Project Manager,Project Management,Manager,Business,G022-T16,16,Role Setup,Project Tools,Get project management tool access,Receive access to approved project planning and tracking tools.,IT,IT,3,True,Task completion confirmation,Complete or confirm: Get project management tool access,IT,Please complete the required onboarding task: Get project management tool access.,Escalate to the role manager if Get project management tool access is overdue.,Synthetic role-specific guide,G022,Project Manager. Get project management tool access. Receive access to approved project planning and tracking tools.. Owner: IT.
G022,Project Manager,Project Management,Manager,Business,G022-T17,17,Role Setup,Project Knowledge,Review active project portfolio,"Review current projects, milestones, risks and dependencies.",Employee,PMO,5,True,Task completion confirmation,Complete or confirm: Review active project portfolio,Employee,Please complete the required onboarding task: Review active project portfolio.,Escalate to the role manager if Review active project portfolio is overdue.,Synthetic role-specific guide,G022,"Project Manager. Review active project portfolio. Review current projects, milestones, risks and dependencies.. Owner: PMO."
G022,Project Manager,Project Management,Manager,Business,G022-T18,18,Role Setup,Governance,Review project reporting process,Review approved status reporting and escalation practices.,Employee,PMO,5,True,Task completion confirmation,Complete or confirm: Review project reporting process,Employee,Please complete the required onboarding task: Review project reporting process.,Escalate to the role manager if Review project reporting process is overdue.,Synthetic role-specific guide,G022,Project Manager. Review project reporting process. Review approved status reporting and escalation practices.. Owner: PMO.
G023,Business Analyst,Business Analysis,Individual Contributor,Business,G023-T01,1,Preboarding,Identity & Compliance,Submit identity verification documents,Upload the required identity documents for employment verification.,Employee,HR,0,True,Identity documents submitted,Request the missing identity document,HR,Please submit the missing identity document.,Escalate to HR if not submitted within 2 business days.,Synthetic onboarding guide,G023,Business Analyst. Submit identity verification documents. Upload the required identity documents for employment verification.. Owner: HR.
G023,Business Analyst,Business Analysis,Individual Contributor,Business,G023-T02,2,Preboarding,Employment,Review and sign employment agreement,Review the employment agreement and electronically sign it before the joining date.,Employee,HR,0,True,Signed employment agreement,Complete and sign the employment agreement,HR,Please review and sign your employment agreement.,Escalate to HR if signature is overdue.,Synthetic onboarding guide,G023,Business Analyst. Review and sign employment agreement. Review the employment agreement and electronically sign it before the joining date.. Owner: HR.
G023,Business Analyst,Business Analysis,Individual Contributor,Business,G023-T03,3,Preboarding,Payroll,Submit payroll and bank information,Provide the approved payroll information required to process salary payments.,Employee,Finance/HR,1,True,Payroll information submitted,Submit the missing payroll information,Employee,Please complete your payroll information.,Escalate to HR if payroll information remains missing.,Synthetic onboarding guide,G023,Business Analyst. Submit payroll and bank information. Provide the approved payroll information required to process salary payments.. Owner: Finance/HR.
G023,Business Analyst,Business Analysis,Individual Contributor,Business,G023-T04,4,Preboarding,HR Forms,Complete employee information form,Complete required employee profile and emergency-contact information using the onboarding form.,Employee,HR,1,True,Completed HR form,Complete the employee information form,Employee,Please complete your employee information form.,Escalate to HR if incomplete.,Synthetic onboarding guide,G023,Business Analyst. Complete employee information form. Complete required employee profile and emergency-contact information using the onboarding form.. Owner: HR.
G023,Business Analyst,Business Analysis,Individual Contributor,Business,G023-T05,5,Preboarding,Policy,Acknowledge company policies,Review and acknowledge the required employee policies and code of conduct.,Employee,HR,2,True,Policy acknowledgement,Review and acknowledge required policies,Employee,Please review and acknowledge the required policies.,Escalate to HR if acknowledgement is overdue.,Synthetic onboarding guide,G023,Business Analyst. Acknowledge company policies. Review and acknowledge the required employee policies and code of conduct.. Owner: HR.
G023,Business Analyst,Business Analysis,Individual Contributor,Business,G023-T06,6,Preboarding,IT Access,Create company email account,IT creates the employee's corporate email account and confirms activation.,IT,IT,1,True,Email activation confirmation,IT should create and activate the company email,IT,IT has been asked to activate your company email.,Escalate to IT if activation is overdue.,Synthetic onboarding guide,G023,Business Analyst. Create company email account. IT creates the employee's corporate email account and confirms activation.. Owner: IT.
G023,Business Analyst,Business Analysis,Individual Contributor,Business,G023-T07,7,Preboarding,IT Equipment,Provision laptop/workstation,IT prepares the approved laptop or workstation and records the device assignment.,IT,IT,2,True,Device assignment confirmation,IT should provision and assign the workstation,IT,IT needs to complete your workstation setup.,Escalate to IT if provisioning is overdue.,Synthetic onboarding guide,G023,Business Analyst. Provision laptop/workstation. IT prepares the approved laptop or workstation and records the device assignment.. Owner: IT.
G023,Business Analyst,Business Analysis,Individual Contributor,Business,G023-T08,8,Preboarding,Access Management,Provision standard system access,IT provisions the standard applications and access required for the employee's role.,IT,IT,2,True,Access provisioning record,IT should provision standard role access,IT,Your standard system access is being prepared.,Escalate to IT if access is overdue.,Synthetic onboarding guide,G023,Business Analyst. Provision standard system access. IT provisions the standard applications and access required for the employee's role.. Owner: IT.
G023,Business Analyst,Business Analysis,Individual Contributor,Business,G023-T09,9,Day 1,Orientation,Attend company orientation,"Attend the company orientation covering organization, workplace practices and key contacts.",Employee,HR,0,True,Orientation attendance,Attend the company orientation,Employee,Please attend your scheduled company orientation.,Escalate to HR if attendance is missing.,Synthetic onboarding guide,G023,"Business Analyst. Attend company orientation. Attend the company orientation covering organization, workplace practices and key contacts.. Owner: HR."
G023,Business Analyst,Business Analysis,Individual Contributor,Business,G023-T10,10,Day 1,Security,Complete security awareness training,Complete mandatory security and acceptable-use training before full access is granted.,Employee,Security,1,True,Training completion record,Complete security awareness training,Employee,Please complete the required security training.,Escalate to Security/HR if overdue.,Synthetic onboarding guide,G023,Business Analyst. Complete security awareness training. Complete mandatory security and acceptable-use training before full access is granted.. Owner: Security.
G023,Business Analyst,Business Analysis,Individual Contributor,Business,G023-T11,11,Day 1,Manager Setup,Meet reporting manager,Attend the initial meeting with the reporting manager to review responsibilities and first-week priorities.,Employee,Manager,1,True,Manager meeting confirmation,Complete the manager onboarding meeting,Employee,Please attend your manager onboarding meeting.,Escalate to the manager if not scheduled.,Synthetic onboarding guide,G023,Business Analyst. Meet reporting manager. Attend the initial meeting with the reporting manager to review responsibilities and first-week priorities.. Owner: Manager.
G023,Business Analyst,Business Analysis,Individual Contributor,Business,G023-T12,12,Week 1,Team Integration,Complete team introduction,Meet key team members and understand team communication and collaboration practices.,Employee,Manager,3,True,Team introduction confirmation,Complete the team introduction activities,Employee,Please complete your team introductions.,Escalate to manager if not completed.,Synthetic onboarding guide,G023,Business Analyst. Complete team introduction. Meet key team members and understand team communication and collaboration practices.. Owner: Manager.
G023,Business Analyst,Business Analysis,Individual Contributor,Business,G023-T13,13,Week 1,Onboarding Plan,Review role-specific onboarding plan,"Review the role-specific responsibilities, tools, goals and onboarding expectations with the manager.",Employee,Manager,5,True,Onboarding plan acknowledgement,Review the role-specific onboarding plan,Employee,Please review your role-specific onboarding plan.,Escalate to manager if incomplete.,Synthetic onboarding guide,G023,"Business Analyst. Review role-specific onboarding plan. Review the role-specific responsibilities, tools, goals and onboarding expectations with the manager.. Owner: Manager."
G023,Business Analyst,Business Analysis,Individual Contributor,Business,G023-T14,14,Week 1,Access Management,Confirm required access,Employee confirms that all required systems and applications are accessible and reports missing access.,Employee,IT,5,True,Access confirmation or access issue,Confirm required system access,Employee,Please confirm that you can access the required systems.,Escalate missing access to IT.,Synthetic onboarding guide,G023,Business Analyst. Confirm required access. Employee confirms that all required systems and applications are accessible and reports missing access.. Owner: IT.
G023,Business Analyst,Business Analysis,Individual Contributor,Business,G023-T15,15,Week 2,Manager Setup,Complete first-week check-in,"Complete a structured check-in with the manager to review progress, blockers and next priorities.",Employee,Manager,7,True,Check-in confirmation,Complete the manager check-in,Employee,Please complete your first-week manager check-in.,Escalate to manager if not completed.,Synthetic onboarding guide,G023,"Business Analyst. Complete first-week check-in. Complete a structured check-in with the manager to review progress, blockers and next priorities.. Owner: Manager."
G023,Business Analyst,Business Analysis,Individual Contributor,Business,G023-T16,16,Role Setup,BA Tools,Get business analysis tool access,Receive access to approved requirements and analytics tools.,IT,IT,3,True,Task completion confirmation,Complete or confirm: Get business analysis tool access,IT,Please complete the required onboarding task: Get business analysis tool access.,Escalate to the role manager if Get business analysis tool access is overdue.,Synthetic role-specific guide,G023,Business Analyst. Get business analysis tool access. Receive access to approved requirements and analytics tools.. Owner: IT.
G023,Business Analyst,Business Analysis,Individual Contributor,Business,G023-T17,17,Role Setup,Business Knowledge,Review active requirements,"Review current requirements, stakeholders and business priorities.",Employee,Manager,5,True,Task completion confirmation,Complete or confirm: Review active requirements,Employee,Please complete the required onboarding task: Review active requirements.,Escalate to the role manager if Review active requirements is overdue.,Synthetic role-specific guide,G023,"Business Analyst. Review active requirements. Review current requirements, stakeholders and business priorities.. Owner: Manager."
G023,Business Analyst,Business Analysis,Individual Contributor,Business,G023-T18,18,Role Setup,Process,Review requirements workflow,"Review requirements gathering, validation and change procedures.",Employee,Manager,5,True,Task completion confirmation,Complete or confirm: Review requirements workflow,Employee,Please complete the required onboarding task: Review requirements workflow.,Escalate to the role manager if Review requirements workflow is overdue.,Synthetic role-specific guide,G023,"Business Analyst. Review requirements workflow. Review requirements gathering, validation and change procedures.. Owner: Manager."
G024,Data Analyst,Data,Individual Contributor,Business,G024-T01,1,Preboarding,Identity & Compliance,Submit identity verification documents,Upload the required identity documents for employment verification.,Employee,HR,0,True,Identity documents submitted,Request the missing identity document,HR,Please submit the missing identity document.,Escalate to HR if not submitted within 2 business days.,Synthetic onboarding guide,G024,Data Analyst. Submit identity verification documents. Upload the required identity documents for employment verification.. Owner: HR.
G024,Data Analyst,Data,Individual Contributor,Business,G024-T02,2,Preboarding,Employment,Review and sign employment agreement,Review the employment agreement and electronically sign it before the joining date.,Employee,HR,0,True,Signed employment agreement,Complete and sign the employment agreement,HR,Please review and sign your employment agreement.,Escalate to HR if signature is overdue.,Synthetic onboarding guide,G024,Data Analyst. Review and sign employment agreement. Review the employment agreement and electronically sign it before the joining date.. Owner: HR.
G024,Data Analyst,Data,Individual Contributor,Business,G024-T03,3,Preboarding,Payroll,Submit payroll and bank information,Provide the approved payroll information required to process salary payments.,Employee,Finance/HR,1,True,Payroll information submitted,Submit the missing payroll information,Employee,Please complete your payroll information.,Escalate to HR if payroll information remains missing.,Synthetic onboarding guide,G024,Data Analyst. Submit payroll and bank information. Provide the approved payroll information required to process salary payments.. Owner: Finance/HR.
G024,Data Analyst,Data,Individual Contributor,Business,G024-T04,4,Preboarding,HR Forms,Complete employee information form,Complete required employee profile and emergency-contact information using the onboarding form.,Employee,HR,1,True,Completed HR form,Complete the employee information form,Employee,Please complete your employee information form.,Escalate to HR if incomplete.,Synthetic onboarding guide,G024,Data Analyst. Complete employee information form. Complete required employee profile and emergency-contact information using the onboarding form.. Owner: HR.
G024,Data Analyst,Data,Individual Contributor,Business,G024-T05,5,Preboarding,Policy,Acknowledge company policies,Review and acknowledge the required employee policies and code of conduct.,Employee,HR,2,True,Policy acknowledgement,Review and acknowledge required policies,Employee,Please review and acknowledge the required policies.,Escalate to HR if acknowledgement is overdue.,Synthetic onboarding guide,G024,Data Analyst. Acknowledge company policies. Review and acknowledge the required employee policies and code of conduct.. Owner: HR.
G024,Data Analyst,Data,Individual Contributor,Business,G024-T06,6,Preboarding,IT Access,Create company email account,IT creates the employee's corporate email account and confirms activation.,IT,IT,1,True,Email activation confirmation,IT should create and activate the company email,IT,IT has been asked to activate your company email.,Escalate to IT if activation is overdue.,Synthetic onboarding guide,G024,Data Analyst. Create company email account. IT creates the employee's corporate email account and confirms activation.. Owner: IT.
G024,Data Analyst,Data,Individual Contributor,Business,G024-T07,7,Preboarding,IT Equipment,Provision laptop/workstation,IT prepares the approved laptop or workstation and records the device assignment.,IT,IT,2,True,Device assignment confirmation,IT should provision and assign the workstation,IT,IT needs to complete your workstation setup.,Escalate to IT if provisioning is overdue.,Synthetic onboarding guide,G024,Data Analyst. Provision laptop/workstation. IT prepares the approved laptop or workstation and records the device assignment.. Owner: IT.
G024,Data Analyst,Data,Individual Contributor,Business,G024-T08,8,Preboarding,Access Management,Provision standard system access,IT provisions the standard applications and access required for the employee's role.,IT,IT,2,True,Access provisioning record,IT should provision standard role access,IT,Your standard system access is being prepared.,Escalate to IT if access is overdue.,Synthetic onboarding guide,G024,Data Analyst. Provision standard system access. IT provisions the standard applications and access required for the employee's role.. Owner: IT.
G024,Data Analyst,Data,Individual Contributor,Business,G024-T09,9,Day 1,Orientation,Attend company orientation,"Attend the company orientation covering organization, workplace practices and key contacts.",Employee,HR,0,True,Orientation attendance,Attend the company orientation,Employee,Please attend your scheduled company orientation.,Escalate to HR if attendance is missing.,Synthetic onboarding guide,G024,"Data Analyst. Attend company orientation. Attend the company orientation covering organization, workplace practices and key contacts.. Owner: HR."
G024,Data Analyst,Data,Individual Contributor,Business,G024-T10,10,Day 1,Security,Complete security awareness training,Complete mandatory security and acceptable-use training before full access is granted.,Employee,Security,1,True,Training completion record,Complete security awareness training,Employee,Please complete the required security training.,Escalate to Security/HR if overdue.,Synthetic onboarding guide,G024,Data Analyst. Complete security awareness training. Complete mandatory security and acceptable-use training before full access is granted.. Owner: Security.
G024,Data Analyst,Data,Individual Contributor,Business,G024-T11,11,Day 1,Manager Setup,Meet reporting manager,Attend the initial meeting with the reporting manager to review responsibilities and first-week priorities.,Employee,Manager,1,True,Manager meeting confirmation,Complete the manager onboarding meeting,Employee,Please attend your manager onboarding meeting.,Escalate to the manager if not scheduled.,Synthetic onboarding guide,G024,Data Analyst. Meet reporting manager. Attend the initial meeting with the reporting manager to review responsibilities and first-week priorities.. Owner: Manager.
G024,Data Analyst,Data,Individual Contributor,Business,G024-T12,12,Week 1,Team Integration,Complete team introduction,Meet key team members and understand team communication and collaboration practices.,Employee,Manager,3,True,Team introduction confirmation,Complete the team introduction activities,Employee,Please complete your team introductions.,Escalate to manager if not completed.,Synthetic onboarding guide,G024,Data Analyst. Complete team introduction. Meet key team members and understand team communication and collaboration practices.. Owner: Manager.
G024,Data Analyst,Data,Individual Contributor,Business,G024-T13,13,Week 1,Onboarding Plan,Review role-specific onboarding plan,"Review the role-specific responsibilities, tools, goals and onboarding expectations with the manager.",Employee,Manager,5,True,Onboarding plan acknowledgement,Review the role-specific onboarding plan,Employee,Please review your role-specific onboarding plan.,Escalate to manager if incomplete.,Synthetic onboarding guide,G024,"Data Analyst. Review role-specific onboarding plan. Review the role-specific responsibilities, tools, goals and onboarding expectations with the manager.. Owner: Manager."
G024,Data Analyst,Data,Individual Contributor,Business,G024-T14,14,Week 1,Access Management,Confirm required access,Employee confirms that all required systems and applications are accessible and reports missing access.,Employee,IT,5,True,Access confirmation or access issue,Confirm required system access,Employee,Please confirm that you can access the required systems.,Escalate missing access to IT.,Synthetic onboarding guide,G024,Data Analyst. Confirm required access. Employee confirms that all required systems and applications are accessible and reports missing access.. Owner: IT.
G024,Data Analyst,Data,Individual Contributor,Business,G024-T15,15,Week 2,Manager Setup,Complete first-week check-in,"Complete a structured check-in with the manager to review progress, blockers and next priorities.",Employee,Manager,7,True,Check-in confirmation,Complete the manager check-in,Employee,Please complete your first-week manager check-in.,Escalate to manager if not completed.,Synthetic onboarding guide,G024,"Data Analyst. Complete first-week check-in. Complete a structured check-in with the manager to review progress, blockers and next priorities.. Owner: Manager."
G024,Data Analyst,Data,Individual Contributor,Business,G024-T16,16,Role Setup,Analytics Access,Get analytics platform access,Receive access to approved analytics and reporting platforms.,IT,IT,3,True,Task completion confirmation,Complete or confirm: Get analytics platform access,IT,Please complete the required onboarding task: Get analytics platform access.,Escalate to the role manager if Get analytics platform access is overdue.,Synthetic role-specific guide,G024,Data Analyst. Get analytics platform access. Receive access to approved analytics and reporting platforms.. Owner: IT.
G024,Data Analyst,Data,Individual Contributor,Business,G024-T17,17,Role Setup,Data Knowledge,Review key dashboards,"Review key business dashboards, metrics and data sources.",Employee,Manager,5,True,Task completion confirmation,Complete or confirm: Review key dashboards,Employee,Please complete the required onboarding task: Review key dashboards.,Escalate to the role manager if Review key dashboards is overdue.,Synthetic role-specific guide,G024,"Data Analyst. Review key dashboards. Review key business dashboards, metrics and data sources.. Owner: Manager."
G024,Data Analyst,Data,Individual Contributor,Business,G024-T18,18,Role Setup,Data Governance,Review analytics data standards,Review approved data quality and reporting standards.,Employee,Manager,5,True,Task completion confirmation,Complete or confirm: Review analytics data standards,Employee,Please complete the required onboarding task: Review analytics data standards.,Escalate to the role manager if Review analytics data standards is overdue.,Synthetic role-specific guide,G024,Data Analyst. Review analytics data standards. Review approved data quality and reporting standards.. Owner: Manager.
G025,UX Designer,Design,Individual Contributor,Creative,G025-T01,1,Preboarding,Identity & Compliance,Submit identity verification documents,Upload the required identity documents for employment verification.,Employee,HR,0,True,Identity documents submitted,Request the missing identity document,HR,Please submit the missing identity document.,Escalate to HR if not submitted within 2 business days.,Synthetic onboarding guide,G025,UX Designer. Submit identity verification documents. Upload the required identity documents for employment verification.. Owner: HR.
G025,UX Designer,Design,Individual Contributor,Creative,G025-T02,2,Preboarding,Employment,Review and sign employment agreement,Review the employment agreement and electronically sign it before the joining date.,Employee,HR,0,True,Signed employment agreement,Complete and sign the employment agreement,HR,Please review and sign your employment agreement.,Escalate to HR if signature is overdue.,Synthetic onboarding guide,G025,UX Designer. Review and sign employment agreement. Review the employment agreement and electronically sign it before the joining date.. Owner: HR.
G025,UX Designer,Design,Individual Contributor,Creative,G025-T03,3,Preboarding,Payroll,Submit payroll and bank information,Provide the approved payroll information required to process salary payments.,Employee,Finance/HR,1,True,Payroll information submitted,Submit the missing payroll information,Employee,Please complete your payroll information.,Escalate to HR if payroll information remains missing.,Synthetic onboarding guide,G025,UX Designer. Submit payroll and bank information. Provide the approved payroll information required to process salary payments.. Owner: Finance/HR.
G025,UX Designer,Design,Individual Contributor,Creative,G025-T04,4,Preboarding,HR Forms,Complete employee information form,Complete required employee profile and emergency-contact information using the onboarding form.,Employee,HR,1,True,Completed HR form,Complete the employee information form,Employee,Please complete your employee information form.,Escalate to HR if incomplete.,Synthetic onboarding guide,G025,UX Designer. Complete employee information form. Complete required employee profile and emergency-contact information using the onboarding form.. Owner: HR.
G025,UX Designer,Design,Individual Contributor,Creative,G025-T05,5,Preboarding,Policy,Acknowledge company policies,Review and acknowledge the required employee policies and code of conduct.,Employee,HR,2,True,Policy acknowledgement,Review and acknowledge required policies,Employee,Please review and acknowledge the required policies.,Escalate to HR if acknowledgement is overdue.,Synthetic onboarding guide,G025,UX Designer. Acknowledge company policies. Review and acknowledge the required employee policies and code of conduct.. Owner: HR.
G025,UX Designer,Design,Individual Contributor,Creative,G025-T06,6,Preboarding,IT Access,Create company email account,IT creates the employee's corporate email account and confirms activation.,IT,IT,1,True,Email activation confirmation,IT should create and activate the company email,IT,IT has been asked to activate your company email.,Escalate to IT if activation is overdue.,Synthetic onboarding guide,G025,UX Designer. Create company email account. IT creates the employee's corporate email account and confirms activation.. Owner: IT.
G025,UX Designer,Design,Individual Contributor,Creative,G025-T07,7,Preboarding,IT Equipment,Provision laptop/workstation,IT prepares the approved laptop or workstation and records the device assignment.,IT,IT,2,True,Device assignment confirmation,IT should provision and assign the workstation,IT,IT needs to complete your workstation setup.,Escalate to IT if provisioning is overdue.,Synthetic onboarding guide,G025,UX Designer. Provision laptop/workstation. IT prepares the approved laptop or workstation and records the device assignment.. Owner: IT.
G025,UX Designer,Design,Individual Contributor,Creative,G025-T08,8,Preboarding,Access Management,Provision standard system access,IT provisions the standard applications and access required for the employee's role.,IT,IT,2,True,Access provisioning record,IT should provision standard role access,IT,Your standard system access is being prepared.,Escalate to IT if access is overdue.,Synthetic onboarding guide,G025,UX Designer. Provision standard system access. IT provisions the standard applications and access required for the employee's role.. Owner: IT.
G025,UX Designer,Design,Individual Contributor,Creative,G025-T09,9,Day 1,Orientation,Attend company orientation,"Attend the company orientation covering organization, workplace practices and key contacts.",Employee,HR,0,True,Orientation attendance,Attend the company orientation,Employee,Please attend your scheduled company orientation.,Escalate to HR if attendance is missing.,Synthetic onboarding guide,G025,"UX Designer. Attend company orientation. Attend the company orientation covering organization, workplace practices and key contacts.. Owner: HR."
G025,UX Designer,Design,Individual Contributor,Creative,G025-T10,10,Day 1,Security,Complete security awareness training,Complete mandatory security and acceptable-use training before full access is granted.,Employee,Security,1,True,Training completion record,Complete security awareness training,Employee,Please complete the required security training.,Escalate to Security/HR if overdue.,Synthetic onboarding guide,G025,UX Designer. Complete security awareness training. Complete mandatory security and acceptable-use training before full access is granted.. Owner: Security.
G025,UX Designer,Design,Individual Contributor,Creative,G025-T11,11,Day 1,Manager Setup,Meet reporting manager,Attend the initial meeting with the reporting manager to review responsibilities and first-week priorities.,Employee,Manager,1,True,Manager meeting confirmation,Complete the manager onboarding meeting,Employee,Please attend your manager onboarding meeting.,Escalate to the manager if not scheduled.,Synthetic onboarding guide,G025,UX Designer. Meet reporting manager. Attend the initial meeting with the reporting manager to review responsibilities and first-week priorities.. Owner: Manager.
G025,UX Designer,Design,Individual Contributor,Creative,G025-T12,12,Week 1,Team Integration,Complete team introduction,Meet key team members and understand team communication and collaboration practices.,Employee,Manager,3,True,Team introduction confirmation,Complete the team introduction activities,Employee,Please complete your team introductions.,Escalate to manager if not completed.,Synthetic onboarding guide,G025,UX Designer. Complete team introduction. Meet key team members and understand team communication and collaboration practices.. Owner: Manager.
G025,UX Designer,Design,Individual Contributor,Creative,G025-T13,13,Week 1,Onboarding Plan,Review role-specific onboarding plan,"Review the role-specific responsibilities, tools, goals and onboarding expectations with the manager.",Employee,Manager,5,True,Onboarding plan acknowledgement,Review the role-specific onboarding plan,Employee,Please review your role-specific onboarding plan.,Escalate to manager if incomplete.,Synthetic onboarding guide,G025,"UX Designer. Review role-specific onboarding plan. Review the role-specific responsibilities, tools, goals and onboarding expectations with the manager.. Owner: Manager."
G025,UX Designer,Design,Individual Contributor,Creative,G025-T14,14,Week 1,Access Management,Confirm required access,Employee confirms that all required systems and applications are accessible and reports missing access.,Employee,IT,5,True,Access confirmation or access issue,Confirm required system access,Employee,Please confirm that you can access the required systems.,Escalate missing access to IT.,Synthetic onboarding guide,G025,UX Designer. Confirm required access. Employee confirms that all required systems and applications are accessible and reports missing access.. Owner: IT.
G025,UX Designer,Design,Individual Contributor,Creative,G025-T15,15,Week 2,Manager Setup,Complete first-week check-in,"Complete a structured check-in with the manager to review progress, blockers and next priorities.",Employee,Manager,7,True,Check-in confirmation,Complete the manager check-in,Employee,Please complete your first-week manager check-in.,Escalate to manager if not completed.,Synthetic onboarding guide,G025,"UX Designer. Complete first-week check-in. Complete a structured check-in with the manager to review progress, blockers and next priorities.. Owner: Manager."
G025,UX Designer,Design,Individual Contributor,Creative,G025-T16,16,Role Setup,Design Access,Get design workspace access,Receive access to approved design and collaboration tools.,IT,IT,3,True,Task completion confirmation,Complete or confirm: Get design workspace access,IT,Please complete the required onboarding task: Get design workspace access.,Escalate to the role manager if Get design workspace access is overdue.,Synthetic role-specific guide,G025,UX Designer. Get design workspace access. Receive access to approved design and collaboration tools.. Owner: IT.
G025,UX Designer,Design,Individual Contributor,Creative,G025-T17,17,Role Setup,Design System,Review UX design system,"Review research, accessibility and design-system practices.",Employee,Design Manager,5,True,Task completion confirmation,Complete or confirm: Review UX design system,Employee,Please complete the required onboarding task: Review UX design system.,Escalate to the role manager if Review UX design system is overdue.,Synthetic role-specific guide,G025,"UX Designer. Review UX design system. Review research, accessibility and design-system practices.. Owner: Design Manager."
G025,UX Designer,Design,Individual Contributor,Creative,G025-T18,18,Role Setup,Product Knowledge,Review current user journeys,Review key user journeys and current design priorities.,Employee,Design Manager,5,True,Task completion confirmation,Complete or confirm: Review current user journeys,Employee,Please complete the required onboarding task: Review current user journeys.,Escalate to the role manager if Review current user journeys is overdue.,Synthetic role-specific guide,G025,UX Designer. Review current user journeys. Review key user journeys and current design priorities.. Owner: Design Manager.
G026,UI Designer,Design,Individual Contributor,Creative,G026-T01,1,Preboarding,Identity & Compliance,Submit identity verification documents,Upload the required identity documents for employment verification.,Employee,HR,0,True,Identity documents submitted,Request the missing identity document,HR,Please submit the missing identity document.,Escalate to HR if not submitted within 2 business days.,Synthetic onboarding guide,G026,UI Designer. Submit identity verification documents. Upload the required identity documents for employment verification.. Owner: HR.
G026,UI Designer,Design,Individual Contributor,Creative,G026-T02,2,Preboarding,Employment,Review and sign employment agreement,Review the employment agreement and electronically sign it before the joining date.,Employee,HR,0,True,Signed employment agreement,Complete and sign the employment agreement,HR,Please review and sign your employment agreement.,Escalate to HR if signature is overdue.,Synthetic onboarding guide,G026,UI Designer. Review and sign employment agreement. Review the employment agreement and electronically sign it before the joining date.. Owner: HR.
G026,UI Designer,Design,Individual Contributor,Creative,G026-T03,3,Preboarding,Payroll,Submit payroll and bank information,Provide the approved payroll information required to process salary payments.,Employee,Finance/HR,1,True,Payroll information submitted,Submit the missing payroll information,Employee,Please complete your payroll information.,Escalate to HR if payroll information remains missing.,Synthetic onboarding guide,G026,UI Designer. Submit payroll and bank information. Provide the approved payroll information required to process salary payments.. Owner: Finance/HR.
G026,UI Designer,Design,Individual Contributor,Creative,G026-T04,4,Preboarding,HR Forms,Complete employee information form,Complete required employee profile and emergency-contact information using the onboarding form.,Employee,HR,1,True,Completed HR form,Complete the employee information form,Employee,Please complete your employee information form.,Escalate to HR if incomplete.,Synthetic onboarding guide,G026,UI Designer. Complete employee information form. Complete required employee profile and emergency-contact information using the onboarding form.. Owner: HR.
G026,UI Designer,Design,Individual Contributor,Creative,G026-T05,5,Preboarding,Policy,Acknowledge company policies,Review and acknowledge the required employee policies and code of conduct.,Employee,HR,2,True,Policy acknowledgement,Review and acknowledge required policies,Employee,Please review and acknowledge the required policies.,Escalate to HR if acknowledgement is overdue.,Synthetic onboarding guide,G026,UI Designer. Acknowledge company policies. Review and acknowledge the required employee policies and code of conduct.. Owner: HR.
G026,UI Designer,Design,Individual Contributor,Creative,G026-T06,6,Preboarding,IT Access,Create company email account,IT creates the employee's corporate email account and confirms activation.,IT,IT,1,True,Email activation confirmation,IT should create and activate the company email,IT,IT has been asked to activate your company email.,Escalate to IT if activation is overdue.,Synthetic onboarding guide,G026,UI Designer. Create company email account. IT creates the employee's corporate email account and confirms activation.. Owner: IT.
G026,UI Designer,Design,Individual Contributor,Creative,G026-T07,7,Preboarding,IT Equipment,Provision laptop/workstation,IT prepares the approved laptop or workstation and records the device assignment.,IT,IT,2,True,Device assignment confirmation,IT should provision and assign the workstation,IT,IT needs to complete your workstation setup.,Escalate to IT if provisioning is overdue.,Synthetic onboarding guide,G026,UI Designer. Provision laptop/workstation. IT prepares the approved laptop or workstation and records the device assignment.. Owner: IT.
G026,UI Designer,Design,Individual Contributor,Creative,G026-T08,8,Preboarding,Access Management,Provision standard system access,IT provisions the standard applications and access required for the employee's role.,IT,IT,2,True,Access provisioning record,IT should provision standard role access,IT,Your standard system access is being prepared.,Escalate to IT if access is overdue.,Synthetic onboarding guide,G026,UI Designer. Provision standard system access. IT provisions the standard applications and access required for the employee's role.. Owner: IT.
G026,UI Designer,Design,Individual Contributor,Creative,G026-T09,9,Day 1,Orientation,Attend company orientation,"Attend the company orientation covering organization, workplace practices and key contacts.",Employee,HR,0,True,Orientation attendance,Attend the company orientation,Employee,Please attend your scheduled company orientation.,Escalate to HR if attendance is missing.,Synthetic onboarding guide,G026,"UI Designer. Attend company orientation. Attend the company orientation covering organization, workplace practices and key contacts.. Owner: HR."
G026,UI Designer,Design,Individual Contributor,Creative,G026-T10,10,Day 1,Security,Complete security awareness training,Complete mandatory security and acceptable-use training before full access is granted.,Employee,Security,1,True,Training completion record,Complete security awareness training,Employee,Please complete the required security training.,Escalate to Security/HR if overdue.,Synthetic onboarding guide,G026,UI Designer. Complete security awareness training. Complete mandatory security and acceptable-use training before full access is granted.. Owner: Security.
G026,UI Designer,Design,Individual Contributor,Creative,G026-T11,11,Day 1,Manager Setup,Meet reporting manager,Attend the initial meeting with the reporting manager to review responsibilities and first-week priorities.,Employee,Manager,1,True,Manager meeting confirmation,Complete the manager onboarding meeting,Employee,Please attend your manager onboarding meeting.,Escalate to the manager if not scheduled.,Synthetic onboarding guide,G026,UI Designer. Meet reporting manager. Attend the initial meeting with the reporting manager to review responsibilities and first-week priorities.. Owner: Manager.
G026,UI Designer,Design,Individual Contributor,Creative,G026-T12,12,Week 1,Team Integration,Complete team introduction,Meet key team members and understand team communication and collaboration practices.,Employee,Manager,3,True,Team introduction confirmation,Complete the team introduction activities,Employee,Please complete your team introductions.,Escalate to manager if not completed.,Synthetic onboarding guide,G026,UI Designer. Complete team introduction. Meet key team members and understand team communication and collaboration practices.. Owner: Manager.
G026,UI Designer,Design,Individual Contributor,Creative,G026-T13,13,Week 1,Onboarding Plan,Review role-specific onboarding plan,"Review the role-specific responsibilities, tools, goals and onboarding expectations with the manager.",Employee,Manager,5,True,Onboarding plan acknowledgement,Review the role-specific onboarding plan,Employee,Please review your role-specific onboarding plan.,Escalate to manager if incomplete.,Synthetic onboarding guide,G026,"UI Designer. Review role-specific onboarding plan. Review the role-specific responsibilities, tools, goals and onboarding expectations with the manager.. Owner: Manager."
G026,UI Designer,Design,Individual Contributor,Creative,G026-T14,14,Week 1,Access Management,Confirm required access,Employee confirms that all required systems and applications are accessible and reports missing access.,Employee,IT,5,True,Access confirmation or access issue,Confirm required system access,Employee,Please confirm that you can access the required systems.,Escalate missing access to IT.,Synthetic onboarding guide,G026,UI Designer. Confirm required access. Employee confirms that all required systems and applications are accessible and reports missing access.. Owner: IT.
G026,UI Designer,Design,Individual Contributor,Creative,G026-T15,15,Week 2,Manager Setup,Complete first-week check-in,"Complete a structured check-in with the manager to review progress, blockers and next priorities.",Employee,Manager,7,True,Check-in confirmation,Complete the manager check-in,Employee,Please complete your first-week manager check-in.,Escalate to manager if not completed.,Synthetic onboarding guide,G026,"UI Designer. Complete first-week check-in. Complete a structured check-in with the manager to review progress, blockers and next priorities.. Owner: Manager."
G026,UI Designer,Design,Individual Contributor,Creative,G026-T16,16,Role Setup,Design Access,Get design workspace access,Receive access to approved design and collaboration tools.,IT,IT,3,True,Task completion confirmation,Complete or confirm: Get design workspace access,IT,Please complete the required onboarding task: Get design workspace access.,Escalate to the role manager if Get design workspace access is overdue.,Synthetic role-specific guide,G026,UI Designer. Get design workspace access. Receive access to approved design and collaboration tools.. Owner: IT.
G026,UI Designer,Design,Individual Contributor,Creative,G026-T17,17,Role Setup,Design System,Review UI design system,"Review approved components, typography and interface standards.",Employee,Design Manager,5,True,Task completion confirmation,Complete or confirm: Review UI design system,Employee,Please complete the required onboarding task: Review UI design system.,Escalate to the role manager if Review UI design system is overdue.,Synthetic role-specific guide,G026,"UI Designer. Review UI design system. Review approved components, typography and interface standards.. Owner: Design Manager."
G026,UI Designer,Design,Individual Contributor,Creative,G026-T18,18,Role Setup,Product Knowledge,Review current product screens,Review current interfaces and design priorities.,Employee,Design Manager,5,True,Task completion confirmation,Complete or confirm: Review current product screens,Employee,Please complete the required onboarding task: Review current product screens.,Escalate to the role manager if Review current product screens is overdue.,Synthetic role-specific guide,G026,UI Designer. Review current product screens. Review current interfaces and design priorities.. Owner: Design Manager.
G027,Graphic Designer,Design,Individual Contributor,Creative,G027-T01,1,Preboarding,Identity & Compliance,Submit identity verification documents,Upload the required identity documents for employment verification.,Employee,HR,0,True,Identity documents submitted,Request the missing identity document,HR,Please submit the missing identity document.,Escalate to HR if not submitted within 2 business days.,Synthetic onboarding guide,G027,Graphic Designer. Submit identity verification documents. Upload the required identity documents for employment verification.. Owner: HR.
G027,Graphic Designer,Design,Individual Contributor,Creative,G027-T02,2,Preboarding,Employment,Review and sign employment agreement,Review the employment agreement and electronically sign it before the joining date.,Employee,HR,0,True,Signed employment agreement,Complete and sign the employment agreement,HR,Please review and sign your employment agreement.,Escalate to HR if signature is overdue.,Synthetic onboarding guide,G027,Graphic Designer. Review and sign employment agreement. Review the employment agreement and electronically sign it before the joining date.. Owner: HR.
G027,Graphic Designer,Design,Individual Contributor,Creative,G027-T03,3,Preboarding,Payroll,Submit payroll and bank information,Provide the approved payroll information required to process salary payments.,Employee,Finance/HR,1,True,Payroll information submitted,Submit the missing payroll information,Employee,Please complete your payroll information.,Escalate to HR if payroll information remains missing.,Synthetic onboarding guide,G027,Graphic Designer. Submit payroll and bank information. Provide the approved payroll information required to process salary payments.. Owner: Finance/HR.
G027,Graphic Designer,Design,Individual Contributor,Creative,G027-T04,4,Preboarding,HR Forms,Complete employee information form,Complete required employee profile and emergency-contact information using the onboarding form.,Employee,HR,1,True,Completed HR form,Complete the employee information form,Employee,Please complete your employee information form.,Escalate to HR if incomplete.,Synthetic onboarding guide,G027,Graphic Designer. Complete employee information form. Complete required employee profile and emergency-contact information using the onboarding form.. Owner: HR.
G027,Graphic Designer,Design,Individual Contributor,Creative,G027-T05,5,Preboarding,Policy,Acknowledge company policies,Review and acknowledge the required employee policies and code of conduct.,Employee,HR,2,True,Policy acknowledgement,Review and acknowledge required policies,Employee,Please review and acknowledge the required policies.,Escalate to HR if acknowledgement is overdue.,Synthetic onboarding guide,G027,Graphic Designer. Acknowledge company policies. Review and acknowledge the required employee policies and code of conduct.. Owner: HR.
G027,Graphic Designer,Design,Individual Contributor,Creative,G027-T06,6,Preboarding,IT Access,Create company email account,IT creates the employee's corporate email account and confirms activation.,IT,IT,1,True,Email activation confirmation,IT should create and activate the company email,IT,IT has been asked to activate your company email.,Escalate to IT if activation is overdue.,Synthetic onboarding guide,G027,Graphic Designer. Create company email account. IT creates the employee's corporate email account and confirms activation.. Owner: IT.
G027,Graphic Designer,Design,Individual Contributor,Creative,G027-T07,7,Preboarding,IT Equipment,Provision laptop/workstation,IT prepares the approved laptop or workstation and records the device assignment.,IT,IT,2,True,Device assignment confirmation,IT should provision and assign the workstation,IT,IT needs to complete your workstation setup.,Escalate to IT if provisioning is overdue.,Synthetic onboarding guide,G027,Graphic Designer. Provision laptop/workstation. IT prepares the approved laptop or workstation and records the device assignment.. Owner: IT.
G027,Graphic Designer,Design,Individual Contributor,Creative,G027-T08,8,Preboarding,Access Management,Provision standard system access,IT provisions the standard applications and access required for the employee's role.,IT,IT,2,True,Access provisioning record,IT should provision standard role access,IT,Your standard system access is being prepared.,Escalate to IT if access is overdue.,Synthetic onboarding guide,G027,Graphic Designer. Provision standard system access. IT provisions the standard applications and access required for the employee's role.. Owner: IT.
G027,Graphic Designer,Design,Individual Contributor,Creative,G027-T09,9,Day 1,Orientation,Attend company orientation,"Attend the company orientation covering organization, workplace practices and key contacts.",Employee,HR,0,True,Orientation attendance,Attend the company orientation,Employee,Please attend your scheduled company orientation.,Escalate to HR if attendance is missing.,Synthetic onboarding guide,G027,"Graphic Designer. Attend company orientation. Attend the company orientation covering organization, workplace practices and key contacts.. Owner: HR."
G027,Graphic Designer,Design,Individual Contributor,Creative,G027-T10,10,Day 1,Security,Complete security awareness training,Complete mandatory security and acceptable-use training before full access is granted.,Employee,Security,1,True,Training completion record,Complete security awareness training,Employee,Please complete the required security training.,Escalate to Security/HR if overdue.,Synthetic onboarding guide,G027,Graphic Designer. Complete security awareness training. Complete mandatory security and acceptable-use training before full access is granted.. Owner: Security.
G027,Graphic Designer,Design,Individual Contributor,Creative,G027-T11,11,Day 1,Manager Setup,Meet reporting manager,Attend the initial meeting with the reporting manager to review responsibilities and first-week priorities.,Employee,Manager,1,True,Manager meeting confirmation,Complete the manager onboarding meeting,Employee,Please attend your manager onboarding meeting.,Escalate to the manager if not scheduled.,Synthetic onboarding guide,G027,Graphic Designer. Meet reporting manager. Attend the initial meeting with the reporting manager to review responsibilities and first-week priorities.. Owner: Manager.
G027,Graphic Designer,Design,Individual Contributor,Creative,G027-T12,12,Week 1,Team Integration,Complete team introduction,Meet key team members and understand team communication and collaboration practices.,Employee,Manager,3,True,Team introduction confirmation,Complete the team introduction activities,Employee,Please complete your team introductions.,Escalate to manager if not completed.,Synthetic onboarding guide,G027,Graphic Designer. Complete team introduction. Meet key team members and understand team communication and collaboration practices.. Owner: Manager.
G027,Graphic Designer,Design,Individual Contributor,Creative,G027-T13,13,Week 1,Onboarding Plan,Review role-specific onboarding plan,"Review the role-specific responsibilities, tools, goals and onboarding expectations with the manager.",Employee,Manager,5,True,Onboarding plan acknowledgement,Review the role-specific onboarding plan,Employee,Please review your role-specific onboarding plan.,Escalate to manager if incomplete.,Synthetic onboarding guide,G027,"Graphic Designer. Review role-specific onboarding plan. Review the role-specific responsibilities, tools, goals and onboarding expectations with the manager.. Owner: Manager."
G027,Graphic Designer,Design,Individual Contributor,Creative,G027-T14,14,Week 1,Access Management,Confirm required access,Employee confirms that all required systems and applications are accessible and reports missing access.,Employee,IT,5,True,Access confirmation or access issue,Confirm required system access,Employee,Please confirm that you can access the required systems.,Escalate missing access to IT.,Synthetic onboarding guide,G027,Graphic Designer. Confirm required access. Employee confirms that all required systems and applications are accessible and reports missing access.. Owner: IT.
G027,Graphic Designer,Design,Individual Contributor,Creative,G027-T15,15,Week 2,Manager Setup,Complete first-week check-in,"Complete a structured check-in with the manager to review progress, blockers and next priorities.",Employee,Manager,7,True,Check-in confirmation,Complete the manager check-in,Employee,Please complete your first-week manager check-in.,Escalate to manager if not completed.,Synthetic onboarding guide,G027,"Graphic Designer. Complete first-week check-in. Complete a structured check-in with the manager to review progress, blockers and next priorities.. Owner: Manager."
G027,Graphic Designer,Design,Individual Contributor,Creative,G027-T16,16,Role Setup,Creative Tools,Get creative workspace access,Receive access to approved creative and asset-management tools.,IT,IT,3,True,Task completion confirmation,Complete or confirm: Get creative workspace access,IT,Please complete the required onboarding task: Get creative workspace access.,Escalate to the role manager if Get creative workspace access is overdue.,Synthetic role-specific guide,G027,Graphic Designer. Get creative workspace access. Receive access to approved creative and asset-management tools.. Owner: IT.
G027,Graphic Designer,Design,Individual Contributor,Creative,G027-T17,17,Role Setup,Brand,Review brand guidelines,"Review approved brand, visual and asset standards.",Employee,Marketing Manager,5,True,Task completion confirmation,Complete or confirm: Review brand guidelines,Employee,Please complete the required onboarding task: Review brand guidelines.,Escalate to the role manager if Review brand guidelines is overdue.,Synthetic role-specific guide,G027,"Graphic Designer. Review brand guidelines. Review approved brand, visual and asset standards.. Owner: Marketing Manager."
G027,Graphic Designer,Design,Individual Contributor,Creative,G027-T18,18,Role Setup,Workflow,Review creative request workflow,"Review intake, review and approval process for creative work.",Employee,Marketing Manager,5,True,Task completion confirmation,Complete or confirm: Review creative request workflow,Employee,Please complete the required onboarding task: Review creative request workflow.,Escalate to the role manager if Review creative request workflow is overdue.,Synthetic role-specific guide,G027,"Graphic Designer. Review creative request workflow. Review intake, review and approval process for creative work.. Owner: Marketing Manager."
G028,Technical Writer,Documentation,Individual Contributor,Business,G028-T01,1,Preboarding,Identity & Compliance,Submit identity verification documents,Upload the required identity documents for employment verification.,Employee,HR,0,True,Identity documents submitted,Request the missing identity document,HR,Please submit the missing identity document.,Escalate to HR if not submitted within 2 business days.,Synthetic onboarding guide,G028,Technical Writer. Submit identity verification documents. Upload the required identity documents for employment verification.. Owner: HR.
G028,Technical Writer,Documentation,Individual Contributor,Business,G028-T02,2,Preboarding,Employment,Review and sign employment agreement,Review the employment agreement and electronically sign it before the joining date.,Employee,HR,0,True,Signed employment agreement,Complete and sign the employment agreement,HR,Please review and sign your employment agreement.,Escalate to HR if signature is overdue.,Synthetic onboarding guide,G028,Technical Writer. Review and sign employment agreement. Review the employment agreement and electronically sign it before the joining date.. Owner: HR.
G028,Technical Writer,Documentation,Individual Contributor,Business,G028-T03,3,Preboarding,Payroll,Submit payroll and bank information,Provide the approved payroll information required to process salary payments.,Employee,Finance/HR,1,True,Payroll information submitted,Submit the missing payroll information,Employee,Please complete your payroll information.,Escalate to HR if payroll information remains missing.,Synthetic onboarding guide,G028,Technical Writer. Submit payroll and bank information. Provide the approved payroll information required to process salary payments.. Owner: Finance/HR.
G028,Technical Writer,Documentation,Individual Contributor,Business,G028-T04,4,Preboarding,HR Forms,Complete employee information form,Complete required employee profile and emergency-contact information using the onboarding form.,Employee,HR,1,True,Completed HR form,Complete the employee information form,Employee,Please complete your employee information form.,Escalate to HR if incomplete.,Synthetic onboarding guide,G028,Technical Writer. Complete employee information form. Complete required employee profile and emergency-contact information using the onboarding form.. Owner: HR.
G028,Technical Writer,Documentation,Individual Contributor,Business,G028-T05,5,Preboarding,Policy,Acknowledge company policies,Review and acknowledge the required employee policies and code of conduct.,Employee,HR,2,True,Policy acknowledgement,Review and acknowledge required policies,Employee,Please review and acknowledge the required policies.,Escalate to HR if acknowledgement is overdue.,Synthetic onboarding guide,G028,Technical Writer. Acknowledge company policies. Review and acknowledge the required employee policies and code of conduct.. Owner: HR.
G028,Technical Writer,Documentation,Individual Contributor,Business,G028-T06,6,Preboarding,IT Access,Create company email account,IT creates the employee's corporate email account and confirms activation.,IT,IT,1,True,Email activation confirmation,IT should create and activate the company email,IT,IT has been asked to activate your company email.,Escalate to IT if activation is overdue.,Synthetic onboarding guide,G028,Technical Writer. Create company email account. IT creates the employee's corporate email account and confirms activation.. Owner: IT.
G028,Technical Writer,Documentation,Individual Contributor,Business,G028-T07,7,Preboarding,IT Equipment,Provision laptop/workstation,IT prepares the approved laptop or workstation and records the device assignment.,IT,IT,2,True,Device assignment confirmation,IT should provision and assign the workstation,IT,IT needs to complete your workstation setup.,Escalate to IT if provisioning is overdue.,Synthetic onboarding guide,G028,Technical Writer. Provision laptop/workstation. IT prepares the approved laptop or workstation and records the device assignment.. Owner: IT.
G028,Technical Writer,Documentation,Individual Contributor,Business,G028-T08,8,Preboarding,Access Management,Provision standard system access,IT provisions the standard applications and access required for the employee's role.,IT,IT,2,True,Access provisioning record,IT should provision standard role access,IT,Your standard system access is being prepared.,Escalate to IT if access is overdue.,Synthetic onboarding guide,G028,Technical Writer. Provision standard system access. IT provisions the standard applications and access required for the employee's role.. Owner: IT.
G028,Technical Writer,Documentation,Individual Contributor,Business,G028-T09,9,Day 1,Orientation,Attend company orientation,"Attend the company orientation covering organization, workplace practices and key contacts.",Employee,HR,0,True,Orientation attendance,Attend the company orientation,Employee,Please attend your scheduled company orientation.,Escalate to HR if attendance is missing.,Synthetic onboarding guide,G028,"Technical Writer. Attend company orientation. Attend the company orientation covering organization, workplace practices and key contacts.. Owner: HR."
G028,Technical Writer,Documentation,Individual Contributor,Business,G028-T10,10,Day 1,Security,Complete security awareness training,Complete mandatory security and acceptable-use training before full access is granted.,Employee,Security,1,True,Training completion record,Complete security awareness training,Employee,Please complete the required security training.,Escalate to Security/HR if overdue.,Synthetic onboarding guide,G028,Technical Writer. Complete security awareness training. Complete mandatory security and acceptable-use training before full access is granted.. Owner: Security.
G028,Technical Writer,Documentation,Individual Contributor,Business,G028-T11,11,Day 1,Manager Setup,Meet reporting manager,Attend the initial meeting with the reporting manager to review responsibilities and first-week priorities.,Employee,Manager,1,True,Manager meeting confirmation,Complete the manager onboarding meeting,Employee,Please attend your manager onboarding meeting.,Escalate to the manager if not scheduled.,Synthetic onboarding guide,G028,Technical Writer. Meet reporting manager. Attend the initial meeting with the reporting manager to review responsibilities and first-week priorities.. Owner: Manager.
G028,Technical Writer,Documentation,Individual Contributor,Business,G028-T12,12,Week 1,Team Integration,Complete team introduction,Meet key team members and understand team communication and collaboration practices.,Employee,Manager,3,True,Team introduction confirmation,Complete the team introduction activities,Employee,Please complete your team introductions.,Escalate to manager if not completed.,Synthetic onboarding guide,G028,Technical Writer. Complete team introduction. Meet key team members and understand team communication and collaboration practices.. Owner: Manager.
G028,Technical Writer,Documentation,Individual Contributor,Business,G028-T13,13,Week 1,Onboarding Plan,Review role-specific onboarding plan,"Review the role-specific responsibilities, tools, goals and onboarding expectations with the manager.",Employee,Manager,5,True,Onboarding plan acknowledgement,Review the role-specific onboarding plan,Employee,Please review your role-specific onboarding plan.,Escalate to manager if incomplete.,Synthetic onboarding guide,G028,"Technical Writer. Review role-specific onboarding plan. Review the role-specific responsibilities, tools, goals and onboarding expectations with the manager.. Owner: Manager."
G028,Technical Writer,Documentation,Individual Contributor,Business,G028-T14,14,Week 1,Access Management,Confirm required access,Employee confirms that all required systems and applications are accessible and reports missing access.,Employee,IT,5,True,Access confirmation or access issue,Confirm required system access,Employee,Please confirm that you can access the required systems.,Escalate missing access to IT.,Synthetic onboarding guide,G028,Technical Writer. Confirm required access. Employee confirms that all required systems and applications are accessible and reports missing access.. Owner: IT.
G028,Technical Writer,Documentation,Individual Contributor,Business,G028-T15,15,Week 2,Manager Setup,Complete first-week check-in,"Complete a structured check-in with the manager to review progress, blockers and next priorities.",Employee,Manager,7,True,Check-in confirmation,Complete the manager check-in,Employee,Please complete your first-week manager check-in.,Escalate to manager if not completed.,Synthetic onboarding guide,G028,"Technical Writer. Complete first-week check-in. Complete a structured check-in with the manager to review progress, blockers and next priorities.. Owner: Manager."
G028,Technical Writer,Documentation,Individual Contributor,Business,G028-T16,16,Role Setup,Documentation Access,Get documentation workspace access,Receive access to approved documentation repositories and tools.,IT,IT,3,True,Task completion confirmation,Complete or confirm: Get documentation workspace access,IT,Please complete the required onboarding task: Get documentation workspace access.,Escalate to the role manager if Get documentation workspace access is overdue.,Synthetic role-specific guide,G028,Technical Writer. Get documentation workspace access. Receive access to approved documentation repositories and tools.. Owner: IT.
G028,Technical Writer,Documentation,Individual Contributor,Business,G028-T17,17,Role Setup,Documentation,Review documentation standards,"Review style, review and publishing standards.",Employee,Documentation Manager,5,True,Task completion confirmation,Complete or confirm: Review documentation standards,Employee,Please complete the required onboarding task: Review documentation standards.,Escalate to the role manager if Review documentation standards is overdue.,Synthetic role-specific guide,G028,"Technical Writer. Review documentation standards. Review style, review and publishing standards.. Owner: Documentation Manager."
G028,Technical Writer,Documentation,Individual Contributor,Business,G028-T18,18,Role Setup,Product Knowledge,Review product documentation roadmap,Review current documentation priorities and owners.,Employee,Manager,5,True,Task completion confirmation,Complete or confirm: Review product documentation roadmap,Employee,Please complete the required onboarding task: Review product documentation roadmap.,Escalate to the role manager if Review product documentation roadmap is overdue.,Synthetic role-specific guide,G028,Technical Writer. Review product documentation roadmap. Review current documentation priorities and owners.. Owner: Manager.
G029,Research Scientist,Research,Individual Contributor,Technical,G029-T01,1,Preboarding,Identity & Compliance,Submit identity verification documents,Upload the required identity documents for employment verification.,Employee,HR,0,True,Identity documents submitted,Request the missing identity document,HR,Please submit the missing identity document.,Escalate to HR if not submitted within 2 business days.,Synthetic onboarding guide,G029,Research Scientist. Submit identity verification documents. Upload the required identity documents for employment verification.. Owner: HR.
G029,Research Scientist,Research,Individual Contributor,Technical,G029-T02,2,Preboarding,Employment,Review and sign employment agreement,Review the employment agreement and electronically sign it before the joining date.,Employee,HR,0,True,Signed employment agreement,Complete and sign the employment agreement,HR,Please review and sign your employment agreement.,Escalate to HR if signature is overdue.,Synthetic onboarding guide,G029,Research Scientist. Review and sign employment agreement. Review the employment agreement and electronically sign it before the joining date.. Owner: HR.
G029,Research Scientist,Research,Individual Contributor,Technical,G029-T03,3,Preboarding,Payroll,Submit payroll and bank information,Provide the approved payroll information required to process salary payments.,Employee,Finance/HR,1,True,Payroll information submitted,Submit the missing payroll information,Employee,Please complete your payroll information.,Escalate to HR if payroll information remains missing.,Synthetic onboarding guide,G029,Research Scientist. Submit payroll and bank information. Provide the approved payroll information required to process salary payments.. Owner: Finance/HR.
G029,Research Scientist,Research,Individual Contributor,Technical,G029-T04,4,Preboarding,HR Forms,Complete employee information form,Complete required employee profile and emergency-contact information using the onboarding form.,Employee,HR,1,True,Completed HR form,Complete the employee information form,Employee,Please complete your employee information form.,Escalate to HR if incomplete.,Synthetic onboarding guide,G029,Research Scientist. Complete employee information form. Complete required employee profile and emergency-contact information using the onboarding form.. Owner: HR.
G029,Research Scientist,Research,Individual Contributor,Technical,G029-T05,5,Preboarding,Policy,Acknowledge company policies,Review and acknowledge the required employee policies and code of conduct.,Employee,HR,2,True,Policy acknowledgement,Review and acknowledge required policies,Employee,Please review and acknowledge the required policies.,Escalate to HR if acknowledgement is overdue.,Synthetic onboarding guide,G029,Research Scientist. Acknowledge company policies. Review and acknowledge the required employee policies and code of conduct.. Owner: HR.
G029,Research Scientist,Research,Individual Contributor,Technical,G029-T06,6,Preboarding,IT Access,Create company email account,IT creates the employee's corporate email account and confirms activation.,IT,IT,1,True,Email activation confirmation,IT should create and activate the company email,IT,IT has been asked to activate your company email.,Escalate to IT if activation is overdue.,Synthetic onboarding guide,G029,Research Scientist. Create company email account. IT creates the employee's corporate email account and confirms activation.. Owner: IT.
G029,Research Scientist,Research,Individual Contributor,Technical,G029-T07,7,Preboarding,IT Equipment,Provision laptop/workstation,IT prepares the approved laptop or workstation and records the device assignment.,IT,IT,2,True,Device assignment confirmation,IT should provision and assign the workstation,IT,IT needs to complete your workstation setup.,Escalate to IT if provisioning is overdue.,Synthetic onboarding guide,G029,Research Scientist. Provision laptop/workstation. IT prepares the approved laptop or workstation and records the device assignment.. Owner: IT.
G029,Research Scientist,Research,Individual Contributor,Technical,G029-T08,8,Preboarding,Access Management,Provision standard system access,IT provisions the standard applications and access required for the employee's role.,IT,IT,2,True,Access provisioning record,IT should provision standard role access,IT,Your standard system access is being prepared.,Escalate to IT if access is overdue.,Synthetic onboarding guide,G029,Research Scientist. Provision standard system access. IT provisions the standard applications and access required for the employee's role.. Owner: IT.
G029,Research Scientist,Research,Individual Contributor,Technical,G029-T09,9,Day 1,Orientation,Attend company orientation,"Attend the company orientation covering organization, workplace practices and key contacts.",Employee,HR,0,True,Orientation attendance,Attend the company orientation,Employee,Please attend your scheduled company orientation.,Escalate to HR if attendance is missing.,Synthetic onboarding guide,G029,"Research Scientist. Attend company orientation. Attend the company orientation covering organization, workplace practices and key contacts.. Owner: HR."
G029,Research Scientist,Research,Individual Contributor,Technical,G029-T10,10,Day 1,Security,Complete security awareness training,Complete mandatory security and acceptable-use training before full access is granted.,Employee,Security,1,True,Training completion record,Complete security awareness training,Employee,Please complete the required security training.,Escalate to Security/HR if overdue.,Synthetic onboarding guide,G029,Research Scientist. Complete security awareness training. Complete mandatory security and acceptable-use training before full access is granted.. Owner: Security.
G029,Research Scientist,Research,Individual Contributor,Technical,G029-T11,11,Day 1,Manager Setup,Meet reporting manager,Attend the initial meeting with the reporting manager to review responsibilities and first-week priorities.,Employee,Manager,1,True,Manager meeting confirmation,Complete the manager onboarding meeting,Employee,Please attend your manager onboarding meeting.,Escalate to the manager if not scheduled.,Synthetic onboarding guide,G029,Research Scientist. Meet reporting manager. Attend the initial meeting with the reporting manager to review responsibilities and first-week priorities.. Owner: Manager.
G029,Research Scientist,Research,Individual Contributor,Technical,G029-T12,12,Week 1,Team Integration,Complete team introduction,Meet key team members and understand team communication and collaboration practices.,Employee,Manager,3,True,Team introduction confirmation,Complete the team introduction activities,Employee,Please complete your team introductions.,Escalate to manager if not completed.,Synthetic onboarding guide,G029,Research Scientist. Complete team introduction. Meet key team members and understand team communication and collaboration practices.. Owner: Manager.
G029,Research Scientist,Research,Individual Contributor,Technical,G029-T13,13,Week 1,Onboarding Plan,Review role-specific onboarding plan,"Review the role-specific responsibilities, tools, goals and onboarding expectations with the manager.",Employee,Manager,5,True,Onboarding plan acknowledgement,Review the role-specific onboarding plan,Employee,Please review your role-specific onboarding plan.,Escalate to manager if incomplete.,Synthetic onboarding guide,G029,"Research Scientist. Review role-specific onboarding plan. Review the role-specific responsibilities, tools, goals and onboarding expectations with the manager.. Owner: Manager."
G029,Research Scientist,Research,Individual Contributor,Technical,G029-T14,14,Week 1,Access Management,Confirm required access,Employee confirms that all required systems and applications are accessible and reports missing access.,Employee,IT,5,True,Access confirmation or access issue,Confirm required system access,Employee,Please confirm that you can access the required systems.,Escalate missing access to IT.,Synthetic onboarding guide,G029,Research Scientist. Confirm required access. Employee confirms that all required systems and applications are accessible and reports missing access.. Owner: IT.
G029,Research Scientist,Research,Individual Contributor,Technical,G029-T15,15,Week 2,Manager Setup,Complete first-week check-in,"Complete a structured check-in with the manager to review progress, blockers and next priorities.",Employee,Manager,7,True,Check-in confirmation,Complete the manager check-in,Employee,Please complete your first-week manager check-in.,Escalate to manager if not completed.,Synthetic onboarding guide,G029,"Research Scientist. Complete first-week check-in. Complete a structured check-in with the manager to review progress, blockers and next priorities.. Owner: Manager."
G029,Research Scientist,Research,Individual Contributor,Technical,G029-T16,16,Role Setup,Research Access,Get research environment access,"Receive approved access to research systems, repositories and resources.",IT,IT,3,True,Task completion confirmation,Complete or confirm: Get research environment access,IT,Please complete the required onboarding task: Get research environment access.,Escalate to the role manager if Get research environment access is overdue.,Synthetic role-specific guide,G029,"Research Scientist. Get research environment access. Receive approved access to research systems, repositories and resources.. Owner: IT."
G029,Research Scientist,Research,Individual Contributor,Technical,G029-T17,17,Role Setup,Research Knowledge,Review active research projects,"Review current research questions, milestones and collaborators.",Employee,Research Manager,5,True,Task completion confirmation,Complete or confirm: Review active research projects,Employee,Please complete the required onboarding task: Review active research projects.,Escalate to the role manager if Review active research projects is overdue.,Synthetic role-specific guide,G029,"Research Scientist. Review active research projects. Review current research questions, milestones and collaborators.. Owner: Research Manager."
G029,Research Scientist,Research,Individual Contributor,Technical,G029-T18,18,Role Setup,Research Governance,Review research data and publication process,"Review approved data handling, review and publication procedures.",Employee,Research Manager,5,True,Task completion confirmation,Complete or confirm: Review research data and publication process,Employee,Please complete the required onboarding task: Review research data and publication process.,Escalate to the role manager if Review research data and publication process is overdue.,Synthetic role-specific guide,G029,"Research Scientist. Review research data and publication process. Review approved data handling, review and publication procedures.. Owner: Research Manager."
G030,Research Assistant,Research,Individual Contributor,Technical,G030-T01,1,Preboarding,Identity & Compliance,Submit identity verification documents,Upload the required identity documents for employment verification.,Employee,HR,0,True,Identity documents submitted,Request the missing identity document,HR,Please submit the missing identity document.,Escalate to HR if not submitted within 2 business days.,Synthetic onboarding guide,G030,Research Assistant. Submit identity verification documents. Upload the required identity documents for employment verification.. Owner: HR.
G030,Research Assistant,Research,Individual Contributor,Technical,G030-T02,2,Preboarding,Employment,Review and sign employment agreement,Review the employment agreement and electronically sign it before the joining date.,Employee,HR,0,True,Signed employment agreement,Complete and sign the employment agreement,HR,Please review and sign your employment agreement.,Escalate to HR if signature is overdue.,Synthetic onboarding guide,G030,Research Assistant. Review and sign employment agreement. Review the employment agreement and electronically sign it before the joining date.. Owner: HR.
G030,Research Assistant,Research,Individual Contributor,Technical,G030-T03,3,Preboarding,Payroll,Submit payroll and bank information,Provide the approved payroll information required to process salary payments.,Employee,Finance/HR,1,True,Payroll information submitted,Submit the missing payroll information,Employee,Please complete your payroll information.,Escalate to HR if payroll information remains missing.,Synthetic onboarding guide,G030,Research Assistant. Submit payroll and bank information. Provide the approved payroll information required to process salary payments.. Owner: Finance/HR.
G030,Research Assistant,Research,Individual Contributor,Technical,G030-T04,4,Preboarding,HR Forms,Complete employee information form,Complete required employee profile and emergency-contact information using the onboarding form.,Employee,HR,1,True,Completed HR form,Complete the employee information form,Employee,Please complete your employee information form.,Escalate to HR if incomplete.,Synthetic onboarding guide,G030,Research Assistant. Complete employee information form. Complete required employee profile and emergency-contact information using the onboarding form.. Owner: HR.
G030,Research Assistant,Research,Individual Contributor,Technical,G030-T05,5,Preboarding,Policy,Acknowledge company policies,Review and acknowledge the required employee policies and code of conduct.,Employee,HR,2,True,Policy acknowledgement,Review and acknowledge required policies,Employee,Please review and acknowledge the required policies.,Escalate to HR if acknowledgement is overdue.,Synthetic onboarding guide,G030,Research Assistant. Acknowledge company policies. Review and acknowledge the required employee policies and code of conduct.. Owner: HR.
G030,Research Assistant,Research,Individual Contributor,Technical,G030-T06,6,Preboarding,IT Access,Create company email account,IT creates the employee's corporate email account and confirms activation.,IT,IT,1,True,Email activation confirmation,IT should create and activate the company email,IT,IT has been asked to activate your company email.,Escalate to IT if activation is overdue.,Synthetic onboarding guide,G030,Research Assistant. Create company email account. IT creates the employee's corporate email account and confirms activation.. Owner: IT.
G030,Research Assistant,Research,Individual Contributor,Technical,G030-T07,7,Preboarding,IT Equipment,Provision laptop/workstation,IT prepares the approved laptop or workstation and records the device assignment.,IT,IT,2,True,Device assignment confirmation,IT should provision and assign the workstation,IT,IT needs to complete your workstation setup.,Escalate to IT if provisioning is overdue.,Synthetic onboarding guide,G030,Research Assistant. Provision laptop/workstation. IT prepares the approved laptop or workstation and records the device assignment.. Owner: IT.
G030,Research Assistant,Research,Individual Contributor,Technical,G030-T08,8,Preboarding,Access Management,Provision standard system access,IT provisions the standard applications and access required for the employee's role.,IT,IT,2,True,Access provisioning record,IT should provision standard role access,IT,Your standard system access is being prepared.,Escalate to IT if access is overdue.,Synthetic onboarding guide,G030,Research Assistant. Provision standard system access. IT provisions the standard applications and access required for the employee's role.. Owner: IT.
G030,Research Assistant,Research,Individual Contributor,Technical,G030-T09,9,Day 1,Orientation,Attend company orientation,"Attend the company orientation covering organization, workplace practices and key contacts.",Employee,HR,0,True,Orientation attendance,Attend the company orientation,Employee,Please attend your scheduled company orientation.,Escalate to HR if attendance is missing.,Synthetic onboarding guide,G030,"Research Assistant. Attend company orientation. Attend the company orientation covering organization, workplace practices and key contacts.. Owner: HR."
G030,Research Assistant,Research,Individual Contributor,Technical,G030-T10,10,Day 1,Security,Complete security awareness training,Complete mandatory security and acceptable-use training before full access is granted.,Employee,Security,1,True,Training completion record,Complete security awareness training,Employee,Please complete the required security training.,Escalate to Security/HR if overdue.,Synthetic onboarding guide,G030,Research Assistant. Complete security awareness training. Complete mandatory security and acceptable-use training before full access is granted.. Owner: Security.
G030,Research Assistant,Research,Individual Contributor,Technical,G030-T11,11,Day 1,Manager Setup,Meet reporting manager,Attend the initial meeting with the reporting manager to review responsibilities and first-week priorities.,Employee,Manager,1,True,Manager meeting confirmation,Complete the manager onboarding meeting,Employee,Please attend your manager onboarding meeting.,Escalate to the manager if not scheduled.,Synthetic onboarding guide,G030,Research Assistant. Meet reporting manager. Attend the initial meeting with the reporting manager to review responsibilities and first-week priorities.. Owner: Manager.
G030,Research Assistant,Research,Individual Contributor,Technical,G030-T12,12,Week 1,Team Integration,Complete team introduction,Meet key team members and understand team communication and collaboration practices.,Employee,Manager,3,True,Team introduction confirmation,Complete the team introduction activities,Employee,Please complete your team introductions.,Escalate to manager if not completed.,Synthetic onboarding guide,G030,Research Assistant. Complete team introduction. Meet key team members and understand team communication and collaboration practices.. Owner: Manager.
G030,Research Assistant,Research,Individual Contributor,Technical,G030-T13,13,Week 1,Onboarding Plan,Review role-specific onboarding plan,"Review the role-specific responsibilities, tools, goals and onboarding expectations with the manager.",Employee,Manager,5,True,Onboarding plan acknowledgement,Review the role-specific onboarding plan,Employee,Please review your role-specific onboarding plan.,Escalate to manager if incomplete.,Synthetic onboarding guide,G030,"Research Assistant. Review role-specific onboarding plan. Review the role-specific responsibilities, tools, goals and onboarding expectations with the manager.. Owner: Manager."
G030,Research Assistant,Research,Individual Contributor,Technical,G030-T14,14,Week 1,Access Management,Confirm required access,Employee confirms that all required systems and applications are accessible and reports missing access.,Employee,IT,5,True,Access confirmation or access issue,Confirm required system access,Employee,Please confirm that you can access the required systems.,Escalate missing access to IT.,Synthetic onboarding guide,G030,Research Assistant. Confirm required access. Employee confirms that all required systems and applications are accessible and reports missing access.. Owner: IT.
G030,Research Assistant,Research,Individual Contributor,Technical,G030-T15,15,Week 2,Manager Setup,Complete first-week check-in,"Complete a structured check-in with the manager to review progress, blockers and next priorities.",Employee,Manager,7,True,Check-in confirmation,Complete the manager check-in,Employee,Please complete your first-week manager check-in.,Escalate to manager if not completed.,Synthetic onboarding guide,G030,"Research Assistant. Complete first-week check-in. Complete a structured check-in with the manager to review progress, blockers and next priorities.. Owner: Manager."
G030,Research Assistant,Research,Individual Contributor,Technical,G030-T16,16,Role Setup,Research Access,Get research environment access,Receive approved access to research systems and resources.,IT,IT,3,True,Task completion confirmation,Complete or confirm: Get research environment access,IT,Please complete the required onboarding task: Get research environment access.,Escalate to the role manager if Get research environment access is overdue.,Synthetic role-specific guide,G030,Research Assistant. Get research environment access. Receive approved access to research systems and resources.. Owner: IT.
G030,Research Assistant,Research,Individual Contributor,Technical,G030-T17,17,Role Setup,Research Knowledge,Review assigned research project,"Review project objectives, tasks and reporting expectations.",Employee,Research Manager,5,True,Task completion confirmation,Complete or confirm: Review assigned research project,Employee,Please complete the required onboarding task: Review assigned research project.,Escalate to the role manager if Review assigned research project is overdue.,Synthetic role-specific guide,G030,"Research Assistant. Review assigned research project. Review project objectives, tasks and reporting expectations.. Owner: Research Manager."
G030,Research Assistant,Research,Individual Contributor,Technical,G030-T18,18,Role Setup,Research Governance,Review research data handling,Review approved data handling and documentation procedures.,Employee,Research Manager,5,True,Task completion confirmation,Complete or confirm: Review research data handling,Employee,Please complete the required onboarding task: Review research data handling.,Escalate to the role manager if Review research data handling is overdue.,Synthetic role-specific guide,G030,Research Assistant. Review research data handling. Review approved data handling and documentation procedures.. Owner: Research Manager.
G031,HR Manager,Human Resources,Manager,Business,G031-T01,1,Preboarding,Identity & Compliance,Submit identity verification documents,Upload the required identity documents for employment verification.,Employee,HR,0,True,Identity documents submitted,Request the missing identity document,HR,Please submit the missing identity document.,Escalate to HR if not submitted within 2 business days.,Synthetic onboarding guide,G031,HR Manager. Submit identity verification documents. Upload the required identity documents for employment verification.. Owner: HR.
G031,HR Manager,Human Resources,Manager,Business,G031-T02,2,Preboarding,Employment,Review and sign employment agreement,Review the employment agreement and electronically sign it before the joining date.,Employee,HR,0,True,Signed employment agreement,Complete and sign the employment agreement,HR,Please review and sign your employment agreement.,Escalate to HR if signature is overdue.,Synthetic onboarding guide,G031,HR Manager. Review and sign employment agreement. Review the employment agreement and electronically sign it before the joining date.. Owner: HR.
G031,HR Manager,Human Resources,Manager,Business,G031-T03,3,Preboarding,Payroll,Submit payroll and bank information,Provide the approved payroll information required to process salary payments.,Employee,Finance/HR,1,True,Payroll information submitted,Submit the missing payroll information,Employee,Please complete your payroll information.,Escalate to HR if payroll information remains missing.,Synthetic onboarding guide,G031,HR Manager. Submit payroll and bank information. Provide the approved payroll information required to process salary payments.. Owner: Finance/HR.
G031,HR Manager,Human Resources,Manager,Business,G031-T04,4,Preboarding,HR Forms,Complete employee information form,Complete required employee profile and emergency-contact information using the onboarding form.,Employee,HR,1,True,Completed HR form,Complete the employee information form,Employee,Please complete your employee information form.,Escalate to HR if incomplete.,Synthetic onboarding guide,G031,HR Manager. Complete employee information form. Complete required employee profile and emergency-contact information using the onboarding form.. Owner: HR.
G031,HR Manager,Human Resources,Manager,Business,G031-T05,5,Preboarding,Policy,Acknowledge company policies,Review and acknowledge the required employee policies and code of conduct.,Employee,HR,2,True,Policy acknowledgement,Review and acknowledge required policies,Employee,Please review and acknowledge the required policies.,Escalate to HR if acknowledgement is overdue.,Synthetic onboarding guide,G031,HR Manager. Acknowledge company policies. Review and acknowledge the required employee policies and code of conduct.. Owner: HR.
G031,HR Manager,Human Resources,Manager,Business,G031-T06,6,Preboarding,IT Access,Create company email account,IT creates the employee's corporate email account and confirms activation.,IT,IT,1,True,Email activation confirmation,IT should create and activate the company email,IT,IT has been asked to activate your company email.,Escalate to IT if activation is overdue.,Synthetic onboarding guide,G031,HR Manager. Create company email account. IT creates the employee's corporate email account and confirms activation.. Owner: IT.
G031,HR Manager,Human Resources,Manager,Business,G031-T07,7,Preboarding,IT Equipment,Provision laptop/workstation,IT prepares the approved laptop or workstation and records the device assignment.,IT,IT,2,True,Device assignment confirmation,IT should provision and assign the workstation,IT,IT needs to complete your workstation setup.,Escalate to IT if provisioning is overdue.,Synthetic onboarding guide,G031,HR Manager. Provision laptop/workstation. IT prepares the approved laptop or workstation and records the device assignment.. Owner: IT.
G031,HR Manager,Human Resources,Manager,Business,G031-T08,8,Preboarding,Access Management,Provision standard system access,IT provisions the standard applications and access required for the employee's role.,IT,IT,2,True,Access provisioning record,IT should provision standard role access,IT,Your standard system access is being prepared.,Escalate to IT if access is overdue.,Synthetic onboarding guide,G031,HR Manager. Provision standard system access. IT provisions the standard applications and access required for the employee's role.. Owner: IT.
G031,HR Manager,Human Resources,Manager,Business,G031-T09,9,Day 1,Orientation,Attend company orientation,"Attend the company orientation covering organization, workplace practices and key contacts.",Employee,HR,0,True,Orientation attendance,Attend the company orientation,Employee,Please attend your scheduled company orientation.,Escalate to HR if attendance is missing.,Synthetic onboarding guide,G031,"HR Manager. Attend company orientation. Attend the company orientation covering organization, workplace practices and key contacts.. Owner: HR."
G031,HR Manager,Human Resources,Manager,Business,G031-T10,10,Day 1,Security,Complete security awareness training,Complete mandatory security and acceptable-use training before full access is granted.,Employee,Security,1,True,Training completion record,Complete security awareness training,Employee,Please complete the required security training.,Escalate to Security/HR if overdue.,Synthetic onboarding guide,G031,HR Manager. Complete security awareness training. Complete mandatory security and acceptable-use training before full access is granted.. Owner: Security.
G031,HR Manager,Human Resources,Manager,Business,G031-T11,11,Day 1,Manager Setup,Meet reporting manager,Attend the initial meeting with the reporting manager to review responsibilities and first-week priorities.,Employee,Manager,1,True,Manager meeting confirmation,Complete the manager onboarding meeting,Employee,Please attend your manager onboarding meeting.,Escalate to the manager if not scheduled.,Synthetic onboarding guide,G031,HR Manager. Meet reporting manager. Attend the initial meeting with the reporting manager to review responsibilities and first-week priorities.. Owner: Manager.
G031,HR Manager,Human Resources,Manager,Business,G031-T12,12,Week 1,Team Integration,Complete team introduction,Meet key team members and understand team communication and collaboration practices.,Employee,Manager,3,True,Team introduction confirmation,Complete the team introduction activities,Employee,Please complete your team introductions.,Escalate to manager if not completed.,Synthetic onboarding guide,G031,HR Manager. Complete team introduction. Meet key team members and understand team communication and collaboration practices.. Owner: Manager.
G031,HR Manager,Human Resources,Manager,Business,G031-T13,13,Week 1,Onboarding Plan,Review role-specific onboarding plan,"Review the role-specific responsibilities, tools, goals and onboarding expectations with the manager.",Employee,Manager,5,True,Onboarding plan acknowledgement,Review the role-specific onboarding plan,Employee,Please review your role-specific onboarding plan.,Escalate to manager if incomplete.,Synthetic onboarding guide,G031,"HR Manager. Review role-specific onboarding plan. Review the role-specific responsibilities, tools, goals and onboarding expectations with the manager.. Owner: Manager."
G031,HR Manager,Human Resources,Manager,Business,G031-T14,14,Week 1,Access Management,Confirm required access,Employee confirms that all required systems and applications are accessible and reports missing access.,Employee,IT,5,True,Access confirmation or access issue,Confirm required system access,Employee,Please confirm that you can access the required systems.,Escalate missing access to IT.,Synthetic onboarding guide,G031,HR Manager. Confirm required access. Employee confirms that all required systems and applications are accessible and reports missing access.. Owner: IT.
G031,HR Manager,Human Resources,Manager,Business,G031-T15,15,Week 2,Manager Setup,Complete first-week check-in,"Complete a structured check-in with the manager to review progress, blockers and next priorities.",Employee,Manager,7,True,Check-in confirmation,Complete the manager check-in,Employee,Please complete your first-week manager check-in.,Escalate to manager if not completed.,Synthetic onboarding guide,G031,"HR Manager. Complete first-week check-in. Complete a structured check-in with the manager to review progress, blockers and next priorities.. Owner: Manager."
G031,HR Manager,Human Resources,Manager,Business,G031-T16,16,Role Setup,HR Systems,Get HR system access,Receive approved access to HR information and workflow systems.,IT,IT,3,True,Task completion confirmation,Complete or confirm: Get HR system access,IT,Please complete the required onboarding task: Get HR system access.,Escalate to the role manager if Get HR system access is overdue.,Synthetic role-specific guide,G031,HR Manager. Get HR system access. Receive approved access to HR information and workflow systems.. Owner: IT.
G031,HR Manager,Human Resources,Manager,Business,G031-T17,17,Role Setup,HR Policy,Review HR policies and procedures,"Review current HR policies, employee processes and escalation paths.",Employee,HR Director,5,True,Task completion confirmation,Complete or confirm: Review HR policies and procedures,Employee,Please complete the required onboarding task: Review HR policies and procedures.,Escalate to the role manager if Review HR policies and procedures is overdue.,Synthetic role-specific guide,G031,"HR Manager. Review HR policies and procedures. Review current HR policies, employee processes and escalation paths.. Owner: HR Director."
G031,HR Manager,Human Resources,Manager,Business,G031-T18,18,Role Setup,HR Operations,Review onboarding workflow,"Review onboarding ownership, approvals and reporting procedures.",Employee,HR Director,5,True,Task completion confirmation,Complete or confirm: Review onboarding workflow,Employee,Please complete the required onboarding task: Review onboarding workflow.,Escalate to the role manager if Review onboarding workflow is overdue.,Synthetic role-specific guide,G031,"HR Manager. Review onboarding workflow. Review onboarding ownership, approvals and reporting procedures.. Owner: HR Director."
G032,HR Executive,Human Resources,Individual Contributor,Business,G032-T01,1,Preboarding,Identity & Compliance,Submit identity verification documents,Upload the required identity documents for employment verification.,Employee,HR,0,True,Identity documents submitted,Request the missing identity document,HR,Please submit the missing identity document.,Escalate to HR if not submitted within 2 business days.,Synthetic onboarding guide,G032,HR Executive. Submit identity verification documents. Upload the required identity documents for employment verification.. Owner: HR.
G032,HR Executive,Human Resources,Individual Contributor,Business,G032-T02,2,Preboarding,Employment,Review and sign employment agreement,Review the employment agreement and electronically sign it before the joining date.,Employee,HR,0,True,Signed employment agreement,Complete and sign the employment agreement,HR,Please review and sign your employment agreement.,Escalate to HR if signature is overdue.,Synthetic onboarding guide,G032,HR Executive. Review and sign employment agreement. Review the employment agreement and electronically sign it before the joining date.. Owner: HR.
G032,HR Executive,Human Resources,Individual Contributor,Business,G032-T03,3,Preboarding,Payroll,Submit payroll and bank information,Provide the approved payroll information required to process salary payments.,Employee,Finance/HR,1,True,Payroll information submitted,Submit the missing payroll information,Employee,Please complete your payroll information.,Escalate to HR if payroll information remains missing.,Synthetic onboarding guide,G032,HR Executive. Submit payroll and bank information. Provide the approved payroll information required to process salary payments.. Owner: Finance/HR.
G032,HR Executive,Human Resources,Individual Contributor,Business,G032-T04,4,Preboarding,HR Forms,Complete employee information form,Complete required employee profile and emergency-contact information using the onboarding form.,Employee,HR,1,True,Completed HR form,Complete the employee information form,Employee,Please complete your employee information form.,Escalate to HR if incomplete.,Synthetic onboarding guide,G032,HR Executive. Complete employee information form. Complete required employee profile and emergency-contact information using the onboarding form.. Owner: HR.
G032,HR Executive,Human Resources,Individual Contributor,Business,G032-T05,5,Preboarding,Policy,Acknowledge company policies,Review and acknowledge the required employee policies and code of conduct.,Employee,HR,2,True,Policy acknowledgement,Review and acknowledge required policies,Employee,Please review and acknowledge the required policies.,Escalate to HR if acknowledgement is overdue.,Synthetic onboarding guide,G032,HR Executive. Acknowledge company policies. Review and acknowledge the required employee policies and code of conduct.. Owner: HR.
G032,HR Executive,Human Resources,Individual Contributor,Business,G032-T06,6,Preboarding,IT Access,Create company email account,IT creates the employee's corporate email account and confirms activation.,IT,IT,1,True,Email activation confirmation,IT should create and activate the company email,IT,IT has been asked to activate your company email.,Escalate to IT if activation is overdue.,Synthetic onboarding guide,G032,HR Executive. Create company email account. IT creates the employee's corporate email account and confirms activation.. Owner: IT.
G032,HR Executive,Human Resources,Individual Contributor,Business,G032-T07,7,Preboarding,IT Equipment,Provision laptop/workstation,IT prepares the approved laptop or workstation and records the device assignment.,IT,IT,2,True,Device assignment confirmation,IT should provision and assign the workstation,IT,IT needs to complete your workstation setup.,Escalate to IT if provisioning is overdue.,Synthetic onboarding guide,G032,HR Executive. Provision laptop/workstation. IT prepares the approved laptop or workstation and records the device assignment.. Owner: IT.
G032,HR Executive,Human Resources,Individual Contributor,Business,G032-T08,8,Preboarding,Access Management,Provision standard system access,IT provisions the standard applications and access required for the employee's role.,IT,IT,2,True,Access provisioning record,IT should provision standard role access,IT,Your standard system access is being prepared.,Escalate to IT if access is overdue.,Synthetic onboarding guide,G032,HR Executive. Provision standard system access. IT provisions the standard applications and access required for the employee's role.. Owner: IT.
G032,HR Executive,Human Resources,Individual Contributor,Business,G032-T09,9,Day 1,Orientation,Attend company orientation,"Attend the company orientation covering organization, workplace practices and key contacts.",Employee,HR,0,True,Orientation attendance,Attend the company orientation,Employee,Please attend your scheduled company orientation.,Escalate to HR if attendance is missing.,Synthetic onboarding guide,G032,"HR Executive. Attend company orientation. Attend the company orientation covering organization, workplace practices and key contacts.. Owner: HR."
G032,HR Executive,Human Resources,Individual Contributor,Business,G032-T10,10,Day 1,Security,Complete security awareness training,Complete mandatory security and acceptable-use training before full access is granted.,Employee,Security,1,True,Training completion record,Complete security awareness training,Employee,Please complete the required security training.,Escalate to Security/HR if overdue.,Synthetic onboarding guide,G032,HR Executive. Complete security awareness training. Complete mandatory security and acceptable-use training before full access is granted.. Owner: Security.
G032,HR Executive,Human Resources,Individual Contributor,Business,G032-T11,11,Day 1,Manager Setup,Meet reporting manager,Attend the initial meeting with the reporting manager to review responsibilities and first-week priorities.,Employee,Manager,1,True,Manager meeting confirmation,Complete the manager onboarding meeting,Employee,Please attend your manager onboarding meeting.,Escalate to the manager if not scheduled.,Synthetic onboarding guide,G032,HR Executive. Meet reporting manager. Attend the initial meeting with the reporting manager to review responsibilities and first-week priorities.. Owner: Manager.
G032,HR Executive,Human Resources,Individual Contributor,Business,G032-T12,12,Week 1,Team Integration,Complete team introduction,Meet key team members and understand team communication and collaboration practices.,Employee,Manager,3,True,Team introduction confirmation,Complete the team introduction activities,Employee,Please complete your team introductions.,Escalate to manager if not completed.,Synthetic onboarding guide,G032,HR Executive. Complete team introduction. Meet key team members and understand team communication and collaboration practices.. Owner: Manager.
G032,HR Executive,Human Resources,Individual Contributor,Business,G032-T13,13,Week 1,Onboarding Plan,Review role-specific onboarding plan,"Review the role-specific responsibilities, tools, goals and onboarding expectations with the manager.",Employee,Manager,5,True,Onboarding plan acknowledgement,Review the role-specific onboarding plan,Employee,Please review your role-specific onboarding plan.,Escalate to manager if incomplete.,Synthetic onboarding guide,G032,"HR Executive. Review role-specific onboarding plan. Review the role-specific responsibilities, tools, goals and onboarding expectations with the manager.. Owner: Manager."
G032,HR Executive,Human Resources,Individual Contributor,Business,G032-T14,14,Week 1,Access Management,Confirm required access,Employee confirms that all required systems and applications are accessible and reports missing access.,Employee,IT,5,True,Access confirmation or access issue,Confirm required system access,Employee,Please confirm that you can access the required systems.,Escalate missing access to IT.,Synthetic onboarding guide,G032,HR Executive. Confirm required access. Employee confirms that all required systems and applications are accessible and reports missing access.. Owner: IT.
G032,HR Executive,Human Resources,Individual Contributor,Business,G032-T15,15,Week 2,Manager Setup,Complete first-week check-in,"Complete a structured check-in with the manager to review progress, blockers and next priorities.",Employee,Manager,7,True,Check-in confirmation,Complete the manager check-in,Employee,Please complete your first-week manager check-in.,Escalate to manager if not completed.,Synthetic onboarding guide,G032,"HR Executive. Complete first-week check-in. Complete a structured check-in with the manager to review progress, blockers and next priorities.. Owner: Manager."
G032,HR Executive,Human Resources,Individual Contributor,Business,G032-T16,16,Role Setup,HR Systems,Get HR system access,Receive approved access to HR information and workflow systems.,IT,IT,3,True,Task completion confirmation,Complete or confirm: Get HR system access,IT,Please complete the required onboarding task: Get HR system access.,Escalate to the role manager if Get HR system access is overdue.,Synthetic role-specific guide,G032,HR Executive. Get HR system access. Receive approved access to HR information and workflow systems.. Owner: IT.
G032,HR Executive,Human Resources,Individual Contributor,Business,G032-T17,17,Role Setup,HR Operations,Review onboarding workflow,Review onboarding task ownership and processing steps.,Employee,HR Manager,5,True,Task completion confirmation,Complete or confirm: Review onboarding workflow,Employee,Please complete the required onboarding task: Review onboarding workflow.,Escalate to the role manager if Review onboarding workflow is overdue.,Synthetic role-specific guide,G032,HR Executive. Review onboarding workflow. Review onboarding task ownership and processing steps.. Owner: HR Manager.
G032,HR Executive,Human Resources,Individual Contributor,Business,G032-T18,18,Role Setup,HR Policy,Review employee policies,Review applicable employee policies and procedures.,Employee,HR Manager,5,True,Task completion confirmation,Complete or confirm: Review employee policies,Employee,Please complete the required onboarding task: Review employee policies.,Escalate to the role manager if Review employee policies is overdue.,Synthetic role-specific guide,G032,HR Executive. Review employee policies. Review applicable employee policies and procedures.. Owner: HR Manager.
G033,Recruiter,Human Resources,Individual Contributor,Business,G033-T01,1,Preboarding,Identity & Compliance,Submit identity verification documents,Upload the required identity documents for employment verification.,Employee,HR,0,True,Identity documents submitted,Request the missing identity document,HR,Please submit the missing identity document.,Escalate to HR if not submitted within 2 business days.,Synthetic onboarding guide,G033,Recruiter. Submit identity verification documents. Upload the required identity documents for employment verification.. Owner: HR.
G033,Recruiter,Human Resources,Individual Contributor,Business,G033-T02,2,Preboarding,Employment,Review and sign employment agreement,Review the employment agreement and electronically sign it before the joining date.,Employee,HR,0,True,Signed employment agreement,Complete and sign the employment agreement,HR,Please review and sign your employment agreement.,Escalate to HR if signature is overdue.,Synthetic onboarding guide,G033,Recruiter. Review and sign employment agreement. Review the employment agreement and electronically sign it before the joining date.. Owner: HR.
G033,Recruiter,Human Resources,Individual Contributor,Business,G033-T03,3,Preboarding,Payroll,Submit payroll and bank information,Provide the approved payroll information required to process salary payments.,Employee,Finance/HR,1,True,Payroll information submitted,Submit the missing payroll information,Employee,Please complete your payroll information.,Escalate to HR if payroll information remains missing.,Synthetic onboarding guide,G033,Recruiter. Submit payroll and bank information. Provide the approved payroll information required to process salary payments.. Owner: Finance/HR.
G033,Recruiter,Human Resources,Individual Contributor,Business,G033-T04,4,Preboarding,HR Forms,Complete employee information form,Complete required employee profile and emergency-contact information using the onboarding form.,Employee,HR,1,True,Completed HR form,Complete the employee information form,Employee,Please complete your employee information form.,Escalate to HR if incomplete.,Synthetic onboarding guide,G033,Recruiter. Complete employee information form. Complete required employee profile and emergency-contact information using the onboarding form.. Owner: HR.
G033,Recruiter,Human Resources,Individual Contributor,Business,G033-T05,5,Preboarding,Policy,Acknowledge company policies,Review and acknowledge the required employee policies and code of conduct.,Employee,HR,2,True,Policy acknowledgement,Review and acknowledge required policies,Employee,Please review and acknowledge the required policies.,Escalate to HR if acknowledgement is overdue.,Synthetic onboarding guide,G033,Recruiter. Acknowledge company policies. Review and acknowledge the required employee policies and code of conduct.. Owner: HR.
G033,Recruiter,Human Resources,Individual Contributor,Business,G033-T06,6,Preboarding,IT Access,Create company email account,IT creates the employee's corporate email account and confirms activation.,IT,IT,1,True,Email activation confirmation,IT should create and activate the company email,IT,IT has been asked to activate your company email.,Escalate to IT if activation is overdue.,Synthetic onboarding guide,G033,Recruiter. Create company email account. IT creates the employee's corporate email account and confirms activation.. Owner: IT.
G033,Recruiter,Human Resources,Individual Contributor,Business,G033-T07,7,Preboarding,IT Equipment,Provision laptop/workstation,IT prepares the approved laptop or workstation and records the device assignment.,IT,IT,2,True,Device assignment confirmation,IT should provision and assign the workstation,IT,IT needs to complete your workstation setup.,Escalate to IT if provisioning is overdue.,Synthetic onboarding guide,G033,Recruiter. Provision laptop/workstation. IT prepares the approved laptop or workstation and records the device assignment.. Owner: IT.
G033,Recruiter,Human Resources,Individual Contributor,Business,G033-T08,8,Preboarding,Access Management,Provision standard system access,IT provisions the standard applications and access required for the employee's role.,IT,IT,2,True,Access provisioning record,IT should provision standard role access,IT,Your standard system access is being prepared.,Escalate to IT if access is overdue.,Synthetic onboarding guide,G033,Recruiter. Provision standard system access. IT provisions the standard applications and access required for the employee's role.. Owner: IT.
G033,Recruiter,Human Resources,Individual Contributor,Business,G033-T09,9,Day 1,Orientation,Attend company orientation,"Attend the company orientation covering organization, workplace practices and key contacts.",Employee,HR,0,True,Orientation attendance,Attend the company orientation,Employee,Please attend your scheduled company orientation.,Escalate to HR if attendance is missing.,Synthetic onboarding guide,G033,"Recruiter. Attend company orientation. Attend the company orientation covering organization, workplace practices and key contacts.. Owner: HR."
G033,Recruiter,Human Resources,Individual Contributor,Business,G033-T10,10,Day 1,Security,Complete security awareness training,Complete mandatory security and acceptable-use training before full access is granted.,Employee,Security,1,True,Training completion record,Complete security awareness training,Employee,Please complete the required security training.,Escalate to Security/HR if overdue.,Synthetic onboarding guide,G033,Recruiter. Complete security awareness training. Complete mandatory security and acceptable-use training before full access is granted.. Owner: Security.
G033,Recruiter,Human Resources,Individual Contributor,Business,G033-T11,11,Day 1,Manager Setup,Meet reporting manager,Attend the initial meeting with the reporting manager to review responsibilities and first-week priorities.,Employee,Manager,1,True,Manager meeting confirmation,Complete the manager onboarding meeting,Employee,Please attend your manager onboarding meeting.,Escalate to the manager if not scheduled.,Synthetic onboarding guide,G033,Recruiter. Meet reporting manager. Attend the initial meeting with the reporting manager to review responsibilities and first-week priorities.. Owner: Manager.
G033,Recruiter,Human Resources,Individual Contributor,Business,G033-T12,12,Week 1,Team Integration,Complete team introduction,Meet key team members and understand team communication and collaboration practices.,Employee,Manager,3,True,Team introduction confirmation,Complete the team introduction activities,Employee,Please complete your team introductions.,Escalate to manager if not completed.,Synthetic onboarding guide,G033,Recruiter. Complete team introduction. Meet key team members and understand team communication and collaboration practices.. Owner: Manager.
G033,Recruiter,Human Resources,Individual Contributor,Business,G033-T13,13,Week 1,Onboarding Plan,Review role-specific onboarding plan,"Review the role-specific responsibilities, tools, goals and onboarding expectations with the manager.",Employee,Manager,5,True,Onboarding plan acknowledgement,Review the role-specific onboarding plan,Employee,Please review your role-specific onboarding plan.,Escalate to manager if incomplete.,Synthetic onboarding guide,G033,"Recruiter. Review role-specific onboarding plan. Review the role-specific responsibilities, tools, goals and onboarding expectations with the manager.. Owner: Manager."
G033,Recruiter,Human Resources,Individual Contributor,Business,G033-T14,14,Week 1,Access Management,Confirm required access,Employee confirms that all required systems and applications are accessible and reports missing access.,Employee,IT,5,True,Access confirmation or access issue,Confirm required system access,Employee,Please confirm that you can access the required systems.,Escalate missing access to IT.,Synthetic onboarding guide,G033,Recruiter. Confirm required access. Employee confirms that all required systems and applications are accessible and reports missing access.. Owner: IT.
G033,Recruiter,Human Resources,Individual Contributor,Business,G033-T15,15,Week 2,Manager Setup,Complete first-week check-in,"Complete a structured check-in with the manager to review progress, blockers and next priorities.",Employee,Manager,7,True,Check-in confirmation,Complete the manager check-in,Employee,Please complete your first-week manager check-in.,Escalate to manager if not completed.,Synthetic onboarding guide,G033,"Recruiter. Complete first-week check-in. Complete a structured check-in with the manager to review progress, blockers and next priorities.. Owner: Manager."
G033,Recruiter,Human Resources,Individual Contributor,Business,G033-T16,16,Role Setup,Recruiting Systems,Get recruiting system access,Receive access to approved recruiting and candidate-management tools.,IT,IT,3,True,Task completion confirmation,Complete or confirm: Get recruiting system access,IT,Please complete the required onboarding task: Get recruiting system access.,Escalate to the role manager if Get recruiting system access is overdue.,Synthetic role-specific guide,G033,Recruiter. Get recruiting system access. Receive access to approved recruiting and candidate-management tools.. Owner: IT.
G033,Recruiter,Human Resources,Individual Contributor,Business,G033-T17,17,Role Setup,Recruiting Process,Review recruiting workflow,"Review sourcing, interview coordination and offer workflow.",Employee,Recruiting Manager,5,True,Task completion confirmation,Complete or confirm: Review recruiting workflow,Employee,Please complete the required onboarding task: Review recruiting workflow.,Escalate to the role manager if Review recruiting workflow is overdue.,Synthetic role-specific guide,G033,"Recruiter. Review recruiting workflow. Review sourcing, interview coordination and offer workflow.. Owner: Recruiting Manager."
G033,Recruiter,Human Resources,Individual Contributor,Business,G033-T18,18,Role Setup,Compliance,Review recruiting compliance requirements,Review approved recruiting documentation and compliance procedures.,Employee,HR Manager,5,True,Task completion confirmation,Complete or confirm: Review recruiting compliance requirements,Employee,Please complete the required onboarding task: Review recruiting compliance requirements.,Escalate to the role manager if Review recruiting compliance requirements is overdue.,Synthetic role-specific guide,G033,Recruiter. Review recruiting compliance requirements. Review approved recruiting documentation and compliance procedures.. Owner: HR Manager.
G034,Finance Manager,Finance,Manager,Business,G034-T01,1,Preboarding,Identity & Compliance,Submit identity verification documents,Upload the required identity documents for employment verification.,Employee,HR,0,True,Identity documents submitted,Request the missing identity document,HR,Please submit the missing identity document.,Escalate to HR if not submitted within 2 business days.,Synthetic onboarding guide,G034,Finance Manager. Submit identity verification documents. Upload the required identity documents for employment verification.. Owner: HR.
G034,Finance Manager,Finance,Manager,Business,G034-T02,2,Preboarding,Employment,Review and sign employment agreement,Review the employment agreement and electronically sign it before the joining date.,Employee,HR,0,True,Signed employment agreement,Complete and sign the employment agreement,HR,Please review and sign your employment agreement.,Escalate to HR if signature is overdue.,Synthetic onboarding guide,G034,Finance Manager. Review and sign employment agreement. Review the employment agreement and electronically sign it before the joining date.. Owner: HR.
G034,Finance Manager,Finance,Manager,Business,G034-T03,3,Preboarding,Payroll,Submit payroll and bank information,Provide the approved payroll information required to process salary payments.,Employee,Finance/HR,1,True,Payroll information submitted,Submit the missing payroll information,Employee,Please complete your payroll information.,Escalate to HR if payroll information remains missing.,Synthetic onboarding guide,G034,Finance Manager. Submit payroll and bank information. Provide the approved payroll information required to process salary payments.. Owner: Finance/HR.
G034,Finance Manager,Finance,Manager,Business,G034-T04,4,Preboarding,HR Forms,Complete employee information form,Complete required employee profile and emergency-contact information using the onboarding form.,Employee,HR,1,True,Completed HR form,Complete the employee information form,Employee,Please complete your employee information form.,Escalate to HR if incomplete.,Synthetic onboarding guide,G034,Finance Manager. Complete employee information form. Complete required employee profile and emergency-contact information using the onboarding form.. Owner: HR.
G034,Finance Manager,Finance,Manager,Business,G034-T05,5,Preboarding,Policy,Acknowledge company policies,Review and acknowledge the required employee policies and code of conduct.,Employee,HR,2,True,Policy acknowledgement,Review and acknowledge required policies,Employee,Please review and acknowledge the required policies.,Escalate to HR if acknowledgement is overdue.,Synthetic onboarding guide,G034,Finance Manager. Acknowledge company policies. Review and acknowledge the required employee policies and code of conduct.. Owner: HR.
G034,Finance Manager,Finance,Manager,Business,G034-T06,6,Preboarding,IT Access,Create company email account,IT creates the employee's corporate email account and confirms activation.,IT,IT,1,True,Email activation confirmation,IT should create and activate the company email,IT,IT has been asked to activate your company email.,Escalate to IT if activation is overdue.,Synthetic onboarding guide,G034,Finance Manager. Create company email account. IT creates the employee's corporate email account and confirms activation.. Owner: IT.
G034,Finance Manager,Finance,Manager,Business,G034-T07,7,Preboarding,IT Equipment,Provision laptop/workstation,IT prepares the approved laptop or workstation and records the device assignment.,IT,IT,2,True,Device assignment confirmation,IT should provision and assign the workstation,IT,IT needs to complete your workstation setup.,Escalate to IT if provisioning is overdue.,Synthetic onboarding guide,G034,Finance Manager. Provision laptop/workstation. IT prepares the approved laptop or workstation and records the device assignment.. Owner: IT.
G034,Finance Manager,Finance,Manager,Business,G034-T08,8,Preboarding,Access Management,Provision standard system access,IT provisions the standard applications and access required for the employee's role.,IT,IT,2,True,Access provisioning record,IT should provision standard role access,IT,Your standard system access is being prepared.,Escalate to IT if access is overdue.,Synthetic onboarding guide,G034,Finance Manager. Provision standard system access. IT provisions the standard applications and access required for the employee's role.. Owner: IT.
G034,Finance Manager,Finance,Manager,Business,G034-T09,9,Day 1,Orientation,Attend company orientation,"Attend the company orientation covering organization, workplace practices and key contacts.",Employee,HR,0,True,Orientation attendance,Attend the company orientation,Employee,Please attend your scheduled company orientation.,Escalate to HR if attendance is missing.,Synthetic onboarding guide,G034,"Finance Manager. Attend company orientation. Attend the company orientation covering organization, workplace practices and key contacts.. Owner: HR."
G034,Finance Manager,Finance,Manager,Business,G034-T10,10,Day 1,Security,Complete security awareness training,Complete mandatory security and acceptable-use training before full access is granted.,Employee,Security,1,True,Training completion record,Complete security awareness training,Employee,Please complete the required security training.,Escalate to Security/HR if overdue.,Synthetic onboarding guide,G034,Finance Manager. Complete security awareness training. Complete mandatory security and acceptable-use training before full access is granted.. Owner: Security.
G034,Finance Manager,Finance,Manager,Business,G034-T11,11,Day 1,Manager Setup,Meet reporting manager,Attend the initial meeting with the reporting manager to review responsibilities and first-week priorities.,Employee,Manager,1,True,Manager meeting confirmation,Complete the manager onboarding meeting,Employee,Please attend your manager onboarding meeting.,Escalate to the manager if not scheduled.,Synthetic onboarding guide,G034,Finance Manager. Meet reporting manager. Attend the initial meeting with the reporting manager to review responsibilities and first-week priorities.. Owner: Manager.
G034,Finance Manager,Finance,Manager,Business,G034-T12,12,Week 1,Team Integration,Complete team introduction,Meet key team members and understand team communication and collaboration practices.,Employee,Manager,3,True,Team introduction confirmation,Complete the team introduction activities,Employee,Please complete your team introductions.,Escalate to manager if not completed.,Synthetic onboarding guide,G034,Finance Manager. Complete team introduction. Meet key team members and understand team communication and collaboration practices.. Owner: Manager.
G034,Finance Manager,Finance,Manager,Business,G034-T13,13,Week 1,Onboarding Plan,Review role-specific onboarding plan,"Review the role-specific responsibilities, tools, goals and onboarding expectations with the manager.",Employee,Manager,5,True,Onboarding plan acknowledgement,Review the role-specific onboarding plan,Employee,Please review your role-specific onboarding plan.,Escalate to manager if incomplete.,Synthetic onboarding guide,G034,"Finance Manager. Review role-specific onboarding plan. Review the role-specific responsibilities, tools, goals and onboarding expectations with the manager.. Owner: Manager."
G034,Finance Manager,Finance,Manager,Business,G034-T14,14,Week 1,Access Management,Confirm required access,Employee confirms that all required systems and applications are accessible and reports missing access.,Employee,IT,5,True,Access confirmation or access issue,Confirm required system access,Employee,Please confirm that you can access the required systems.,Escalate missing access to IT.,Synthetic onboarding guide,G034,Finance Manager. Confirm required access. Employee confirms that all required systems and applications are accessible and reports missing access.. Owner: IT.
G034,Finance Manager,Finance,Manager,Business,G034-T15,15,Week 2,Manager Setup,Complete first-week check-in,"Complete a structured check-in with the manager to review progress, blockers and next priorities.",Employee,Manager,7,True,Check-in confirmation,Complete the manager check-in,Employee,Please complete your first-week manager check-in.,Escalate to manager if not completed.,Synthetic onboarding guide,G034,"Finance Manager. Complete first-week check-in. Complete a structured check-in with the manager to review progress, blockers and next priorities.. Owner: Manager."
G034,Finance Manager,Finance,Manager,Business,G034-T16,16,Role Setup,Finance Systems,Get finance system access,Receive approved access to finance and reporting systems.,IT,IT,3,True,Task completion confirmation,Complete or confirm: Get finance system access,IT,Please complete the required onboarding task: Get finance system access.,Escalate to the role manager if Get finance system access is overdue.,Synthetic role-specific guide,G034,Finance Manager. Get finance system access. Receive approved access to finance and reporting systems.. Owner: IT.
G034,Finance Manager,Finance,Manager,Business,G034-T17,17,Role Setup,Finance Operations,Review financial controls,"Review approved financial controls, approvals and reporting.",Employee,Finance Director,5,True,Task completion confirmation,Complete or confirm: Review financial controls,Employee,Please complete the required onboarding task: Review financial controls.,Escalate to the role manager if Review financial controls is overdue.,Synthetic role-specific guide,G034,"Finance Manager. Review financial controls. Review approved financial controls, approvals and reporting.. Owner: Finance Director."
G034,Finance Manager,Finance,Manager,Business,G034-T18,18,Role Setup,Reporting,Review reporting calendar,Review reporting deadlines and ownership.,Employee,Finance Director,5,True,Task completion confirmation,Complete or confirm: Review reporting calendar,Employee,Please complete the required onboarding task: Review reporting calendar.,Escalate to the role manager if Review reporting calendar is overdue.,Synthetic role-specific guide,G034,Finance Manager. Review reporting calendar. Review reporting deadlines and ownership.. Owner: Finance Director.
G035,Accountant,Finance,Individual Contributor,Business,G035-T01,1,Preboarding,Identity & Compliance,Submit identity verification documents,Upload the required identity documents for employment verification.,Employee,HR,0,True,Identity documents submitted,Request the missing identity document,HR,Please submit the missing identity document.,Escalate to HR if not submitted within 2 business days.,Synthetic onboarding guide,G035,Accountant. Submit identity verification documents. Upload the required identity documents for employment verification.. Owner: HR.
G035,Accountant,Finance,Individual Contributor,Business,G035-T02,2,Preboarding,Employment,Review and sign employment agreement,Review the employment agreement and electronically sign it before the joining date.,Employee,HR,0,True,Signed employment agreement,Complete and sign the employment agreement,HR,Please review and sign your employment agreement.,Escalate to HR if signature is overdue.,Synthetic onboarding guide,G035,Accountant. Review and sign employment agreement. Review the employment agreement and electronically sign it before the joining date.. Owner: HR.
G035,Accountant,Finance,Individual Contributor,Business,G035-T03,3,Preboarding,Payroll,Submit payroll and bank information,Provide the approved payroll information required to process salary payments.,Employee,Finance/HR,1,True,Payroll information submitted,Submit the missing payroll information,Employee,Please complete your payroll information.,Escalate to HR if payroll information remains missing.,Synthetic onboarding guide,G035,Accountant. Submit payroll and bank information. Provide the approved payroll information required to process salary payments.. Owner: Finance/HR.
G035,Accountant,Finance,Individual Contributor,Business,G035-T04,4,Preboarding,HR Forms,Complete employee information form,Complete required employee profile and emergency-contact information using the onboarding form.,Employee,HR,1,True,Completed HR form,Complete the employee information form,Employee,Please complete your employee information form.,Escalate to HR if incomplete.,Synthetic onboarding guide,G035,Accountant. Complete employee information form. Complete required employee profile and emergency-contact information using the onboarding form.. Owner: HR.
G035,Accountant,Finance,Individual Contributor,Business,G035-T05,5,Preboarding,Policy,Acknowledge company policies,Review and acknowledge the required employee policies and code of conduct.,Employee,HR,2,True,Policy acknowledgement,Review and acknowledge required policies,Employee,Please review and acknowledge the required policies.,Escalate to HR if acknowledgement is overdue.,Synthetic onboarding guide,G035,Accountant. Acknowledge company policies. Review and acknowledge the required employee policies and code of conduct.. Owner: HR.
G035,Accountant,Finance,Individual Contributor,Business,G035-T06,6,Preboarding,IT Access,Create company email account,IT creates the employee's corporate email account and confirms activation.,IT,IT,1,True,Email activation confirmation,IT should create and activate the company email,IT,IT has been asked to activate your company email.,Escalate to IT if activation is overdue.,Synthetic onboarding guide,G035,Accountant. Create company email account. IT creates the employee's corporate email account and confirms activation.. Owner: IT.
G035,Accountant,Finance,Individual Contributor,Business,G035-T07,7,Preboarding,IT Equipment,Provision laptop/workstation,IT prepares the approved laptop or workstation and records the device assignment.,IT,IT,2,True,Device assignment confirmation,IT should provision and assign the workstation,IT,IT needs to complete your workstation setup.,Escalate to IT if provisioning is overdue.,Synthetic onboarding guide,G035,Accountant. Provision laptop/workstation. IT prepares the approved laptop or workstation and records the device assignment.. Owner: IT.
G035,Accountant,Finance,Individual Contributor,Business,G035-T08,8,Preboarding,Access Management,Provision standard system access,IT provisions the standard applications and access required for the employee's role.,IT,IT,2,True,Access provisioning record,IT should provision standard role access,IT,Your standard system access is being prepared.,Escalate to IT if access is overdue.,Synthetic onboarding guide,G035,Accountant. Provision standard system access. IT provisions the standard applications and access required for the employee's role.. Owner: IT.
G035,Accountant,Finance,Individual Contributor,Business,G035-T09,9,Day 1,Orientation,Attend company orientation,"Attend the company orientation covering organization, workplace practices and key contacts.",Employee,HR,0,True,Orientation attendance,Attend the company orientation,Employee,Please attend your scheduled company orientation.,Escalate to HR if attendance is missing.,Synthetic onboarding guide,G035,"Accountant. Attend company orientation. Attend the company orientation covering organization, workplace practices and key contacts.. Owner: HR."
G035,Accountant,Finance,Individual Contributor,Business,G035-T10,10,Day 1,Security,Complete security awareness training,Complete mandatory security and acceptable-use training before full access is granted.,Employee,Security,1,True,Training completion record,Complete security awareness training,Employee,Please complete the required security training.,Escalate to Security/HR if overdue.,Synthetic onboarding guide,G035,Accountant. Complete security awareness training. Complete mandatory security and acceptable-use training before full access is granted.. Owner: Security.
G035,Accountant,Finance,Individual Contributor,Business,G035-T11,11,Day 1,Manager Setup,Meet reporting manager,Attend the initial meeting with the reporting manager to review responsibilities and first-week priorities.,Employee,Manager,1,True,Manager meeting confirmation,Complete the manager onboarding meeting,Employee,Please attend your manager onboarding meeting.,Escalate to the manager if not scheduled.,Synthetic onboarding guide,G035,Accountant. Meet reporting manager. Attend the initial meeting with the reporting manager to review responsibilities and first-week priorities.. Owner: Manager.
G035,Accountant,Finance,Individual Contributor,Business,G035-T12,12,Week 1,Team Integration,Complete team introduction,Meet key team members and understand team communication and collaboration practices.,Employee,Manager,3,True,Team introduction confirmation,Complete the team introduction activities,Employee,Please complete your team introductions.,Escalate to manager if not completed.,Synthetic onboarding guide,G035,Accountant. Complete team introduction. Meet key team members and understand team communication and collaboration practices.. Owner: Manager.
G035,Accountant,Finance,Individual Contributor,Business,G035-T13,13,Week 1,Onboarding Plan,Review role-specific onboarding plan,"Review the role-specific responsibilities, tools, goals and onboarding expectations with the manager.",Employee,Manager,5,True,Onboarding plan acknowledgement,Review the role-specific onboarding plan,Employee,Please review your role-specific onboarding plan.,Escalate to manager if incomplete.,Synthetic onboarding guide,G035,"Accountant. Review role-specific onboarding plan. Review the role-specific responsibilities, tools, goals and onboarding expectations with the manager.. Owner: Manager."
G035,Accountant,Finance,Individual Contributor,Business,G035-T14,14,Week 1,Access Management,Confirm required access,Employee confirms that all required systems and applications are accessible and reports missing access.,Employee,IT,5,True,Access confirmation or access issue,Confirm required system access,Employee,Please confirm that you can access the required systems.,Escalate missing access to IT.,Synthetic onboarding guide,G035,Accountant. Confirm required access. Employee confirms that all required systems and applications are accessible and reports missing access.. Owner: IT.
G035,Accountant,Finance,Individual Contributor,Business,G035-T15,15,Week 2,Manager Setup,Complete first-week check-in,"Complete a structured check-in with the manager to review progress, blockers and next priorities.",Employee,Manager,7,True,Check-in confirmation,Complete the manager check-in,Employee,Please complete your first-week manager check-in.,Escalate to manager if not completed.,Synthetic onboarding guide,G035,"Accountant. Complete first-week check-in. Complete a structured check-in with the manager to review progress, blockers and next priorities.. Owner: Manager."
G035,Accountant,Finance,Individual Contributor,Business,G035-T16,16,Role Setup,Accounting Systems,Get accounting system access,Receive approved access to accounting systems.,IT,IT,3,True,Task completion confirmation,Complete or confirm: Get accounting system access,IT,Please complete the required onboarding task: Get accounting system access.,Escalate to the role manager if Get accounting system access is overdue.,Synthetic role-specific guide,G035,Accountant. Get accounting system access. Receive approved access to accounting systems.. Owner: IT.
G035,Accountant,Finance,Individual Contributor,Business,G035-T17,17,Role Setup,Accounting Process,Review accounting procedures,"Review approved accounting, reconciliation and close procedures.",Employee,Finance Manager,5,True,Task completion confirmation,Complete or confirm: Review accounting procedures,Employee,Please complete the required onboarding task: Review accounting procedures.,Escalate to the role manager if Review accounting procedures is overdue.,Synthetic role-specific guide,G035,"Accountant. Review accounting procedures. Review approved accounting, reconciliation and close procedures.. Owner: Finance Manager."
G035,Accountant,Finance,Individual Contributor,Business,G035-T18,18,Role Setup,Controls,Review approval controls,Review transaction approval and documentation requirements.,Employee,Finance Manager,5,True,Task completion confirmation,Complete or confirm: Review approval controls,Employee,Please complete the required onboarding task: Review approval controls.,Escalate to the role manager if Review approval controls is overdue.,Synthetic role-specific guide,G035,Accountant. Review approval controls. Review transaction approval and documentation requirements.. Owner: Finance Manager.
G036,Financial Analyst,Finance,Individual Contributor,Business,G036-T01,1,Preboarding,Identity & Compliance,Submit identity verification documents,Upload the required identity documents for employment verification.,Employee,HR,0,True,Identity documents submitted,Request the missing identity document,HR,Please submit the missing identity document.,Escalate to HR if not submitted within 2 business days.,Synthetic onboarding guide,G036,Financial Analyst. Submit identity verification documents. Upload the required identity documents for employment verification.. Owner: HR.
G036,Financial Analyst,Finance,Individual Contributor,Business,G036-T02,2,Preboarding,Employment,Review and sign employment agreement,Review the employment agreement and electronically sign it before the joining date.,Employee,HR,0,True,Signed employment agreement,Complete and sign the employment agreement,HR,Please review and sign your employment agreement.,Escalate to HR if signature is overdue.,Synthetic onboarding guide,G036,Financial Analyst. Review and sign employment agreement. Review the employment agreement and electronically sign it before the joining date.. Owner: HR.
G036,Financial Analyst,Finance,Individual Contributor,Business,G036-T03,3,Preboarding,Payroll,Submit payroll and bank information,Provide the approved payroll information required to process salary payments.,Employee,Finance/HR,1,True,Payroll information submitted,Submit the missing payroll information,Employee,Please complete your payroll information.,Escalate to HR if payroll information remains missing.,Synthetic onboarding guide,G036,Financial Analyst. Submit payroll and bank information. Provide the approved payroll information required to process salary payments.. Owner: Finance/HR.
G036,Financial Analyst,Finance,Individual Contributor,Business,G036-T04,4,Preboarding,HR Forms,Complete employee information form,Complete required employee profile and emergency-contact information using the onboarding form.,Employee,HR,1,True,Completed HR form,Complete the employee information form,Employee,Please complete your employee information form.,Escalate to HR if incomplete.,Synthetic onboarding guide,G036,Financial Analyst. Complete employee information form. Complete required employee profile and emergency-contact information using the onboarding form.. Owner: HR.
G036,Financial Analyst,Finance,Individual Contributor,Business,G036-T05,5,Preboarding,Policy,Acknowledge company policies,Review and acknowledge the required employee policies and code of conduct.,Employee,HR,2,True,Policy acknowledgement,Review and acknowledge required policies,Employee,Please review and acknowledge the required policies.,Escalate to HR if acknowledgement is overdue.,Synthetic onboarding guide,G036,Financial Analyst. Acknowledge company policies. Review and acknowledge the required employee policies and code of conduct.. Owner: HR.
G036,Financial Analyst,Finance,Individual Contributor,Business,G036-T06,6,Preboarding,IT Access,Create company email account,IT creates the employee's corporate email account and confirms activation.,IT,IT,1,True,Email activation confirmation,IT should create and activate the company email,IT,IT has been asked to activate your company email.,Escalate to IT if activation is overdue.,Synthetic onboarding guide,G036,Financial Analyst. Create company email account. IT creates the employee's corporate email account and confirms activation.. Owner: IT.
G036,Financial Analyst,Finance,Individual Contributor,Business,G036-T07,7,Preboarding,IT Equipment,Provision laptop/workstation,IT prepares the approved laptop or workstation and records the device assignment.,IT,IT,2,True,Device assignment confirmation,IT should provision and assign the workstation,IT,IT needs to complete your workstation setup.,Escalate to IT if provisioning is overdue.,Synthetic onboarding guide,G036,Financial Analyst. Provision laptop/workstation. IT prepares the approved laptop or workstation and records the device assignment.. Owner: IT.
G036,Financial Analyst,Finance,Individual Contributor,Business,G036-T08,8,Preboarding,Access Management,Provision standard system access,IT provisions the standard applications and access required for the employee's role.,IT,IT,2,True,Access provisioning record,IT should provision standard role access,IT,Your standard system access is being prepared.,Escalate to IT if access is overdue.,Synthetic onboarding guide,G036,Financial Analyst. Provision standard system access. IT provisions the standard applications and access required for the employee's role.. Owner: IT.
G036,Financial Analyst,Finance,Individual Contributor,Business,G036-T09,9,Day 1,Orientation,Attend company orientation,"Attend the company orientation covering organization, workplace practices and key contacts.",Employee,HR,0,True,Orientation attendance,Attend the company orientation,Employee,Please attend your scheduled company orientation.,Escalate to HR if attendance is missing.,Synthetic onboarding guide,G036,"Financial Analyst. Attend company orientation. Attend the company orientation covering organization, workplace practices and key contacts.. Owner: HR."
G036,Financial Analyst,Finance,Individual Contributor,Business,G036-T10,10,Day 1,Security,Complete security awareness training,Complete mandatory security and acceptable-use training before full access is granted.,Employee,Security,1,True,Training completion record,Complete security awareness training,Employee,Please complete the required security training.,Escalate to Security/HR if overdue.,Synthetic onboarding guide,G036,Financial Analyst. Complete security awareness training. Complete mandatory security and acceptable-use training before full access is granted.. Owner: Security.
G036,Financial Analyst,Finance,Individual Contributor,Business,G036-T11,11,Day 1,Manager Setup,Meet reporting manager,Attend the initial meeting with the reporting manager to review responsibilities and first-week priorities.,Employee,Manager,1,True,Manager meeting confirmation,Complete the manager onboarding meeting,Employee,Please attend your manager onboarding meeting.,Escalate to the manager if not scheduled.,Synthetic onboarding guide,G036,Financial Analyst. Meet reporting manager. Attend the initial meeting with the reporting manager to review responsibilities and first-week priorities.. Owner: Manager.
G036,Financial Analyst,Finance,Individual Contributor,Business,G036-T12,12,Week 1,Team Integration,Complete team introduction,Meet key team members and understand team communication and collaboration practices.,Employee,Manager,3,True,Team introduction confirmation,Complete the team introduction activities,Employee,Please complete your team introductions.,Escalate to manager if not completed.,Synthetic onboarding guide,G036,Financial Analyst. Complete team introduction. Meet key team members and understand team communication and collaboration practices.. Owner: Manager.
G036,Financial Analyst,Finance,Individual Contributor,Business,G036-T13,13,Week 1,Onboarding Plan,Review role-specific onboarding plan,"Review the role-specific responsibilities, tools, goals and onboarding expectations with the manager.",Employee,Manager,5,True,Onboarding plan acknowledgement,Review the role-specific onboarding plan,Employee,Please review your role-specific onboarding plan.,Escalate to manager if incomplete.,Synthetic onboarding guide,G036,"Financial Analyst. Review role-specific onboarding plan. Review the role-specific responsibilities, tools, goals and onboarding expectations with the manager.. Owner: Manager."
G036,Financial Analyst,Finance,Individual Contributor,Business,G036-T14,14,Week 1,Access Management,Confirm required access,Employee confirms that all required systems and applications are accessible and reports missing access.,Employee,IT,5,True,Access confirmation or access issue,Confirm required system access,Employee,Please confirm that you can access the required systems.,Escalate missing access to IT.,Synthetic onboarding guide,G036,Financial Analyst. Confirm required access. Employee confirms that all required systems and applications are accessible and reports missing access.. Owner: IT.
G036,Financial Analyst,Finance,Individual Contributor,Business,G036-T15,15,Week 2,Manager Setup,Complete first-week check-in,"Complete a structured check-in with the manager to review progress, blockers and next priorities.",Employee,Manager,7,True,Check-in confirmation,Complete the manager check-in,Employee,Please complete your first-week manager check-in.,Escalate to manager if not completed.,Synthetic onboarding guide,G036,"Financial Analyst. Complete first-week check-in. Complete a structured check-in with the manager to review progress, blockers and next priorities.. Owner: Manager."
G036,Financial Analyst,Finance,Individual Contributor,Business,G036-T16,16,Role Setup,Finance Systems,Get financial analytics access,Receive approved access to reporting and financial analytics tools.,IT,IT,3,True,Task completion confirmation,Complete or confirm: Get financial analytics access,IT,Please complete the required onboarding task: Get financial analytics access.,Escalate to the role manager if Get financial analytics access is overdue.,Synthetic role-specific guide,G036,Financial Analyst. Get financial analytics access. Receive approved access to reporting and financial analytics tools.. Owner: IT.
G036,Financial Analyst,Finance,Individual Contributor,Business,G036-T17,17,Role Setup,Business Knowledge,Review financial dashboards,Review key financial metrics and reporting sources.,Employee,Finance Manager,5,True,Task completion confirmation,Complete or confirm: Review financial dashboards,Employee,Please complete the required onboarding task: Review financial dashboards.,Escalate to the role manager if Review financial dashboards is overdue.,Synthetic role-specific guide,G036,Financial Analyst. Review financial dashboards. Review key financial metrics and reporting sources.. Owner: Finance Manager.
G036,Financial Analyst,Finance,Individual Contributor,Business,G036-T18,18,Role Setup,Reporting,Review reporting process,Review approved reporting and analysis workflow.,Employee,Finance Manager,5,True,Task completion confirmation,Complete or confirm: Review reporting process,Employee,Please complete the required onboarding task: Review reporting process.,Escalate to the role manager if Review reporting process is overdue.,Synthetic role-specific guide,G036,Financial Analyst. Review reporting process. Review approved reporting and analysis workflow.. Owner: Finance Manager.
G037,Operations Manager,Operations,Manager,Business,G037-T01,1,Preboarding,Identity & Compliance,Submit identity verification documents,Upload the required identity documents for employment verification.,Employee,HR,0,True,Identity documents submitted,Request the missing identity document,HR,Please submit the missing identity document.,Escalate to HR if not submitted within 2 business days.,Synthetic onboarding guide,G037,Operations Manager. Submit identity verification documents. Upload the required identity documents for employment verification.. Owner: HR.
G037,Operations Manager,Operations,Manager,Business,G037-T02,2,Preboarding,Employment,Review and sign employment agreement,Review the employment agreement and electronically sign it before the joining date.,Employee,HR,0,True,Signed employment agreement,Complete and sign the employment agreement,HR,Please review and sign your employment agreement.,Escalate to HR if signature is overdue.,Synthetic onboarding guide,G037,Operations Manager. Review and sign employment agreement. Review the employment agreement and electronically sign it before the joining date.. Owner: HR.
G037,Operations Manager,Operations,Manager,Business,G037-T03,3,Preboarding,Payroll,Submit payroll and bank information,Provide the approved payroll information required to process salary payments.,Employee,Finance/HR,1,True,Payroll information submitted,Submit the missing payroll information,Employee,Please complete your payroll information.,Escalate to HR if payroll information remains missing.,Synthetic onboarding guide,G037,Operations Manager. Submit payroll and bank information. Provide the approved payroll information required to process salary payments.. Owner: Finance/HR.
G037,Operations Manager,Operations,Manager,Business,G037-T04,4,Preboarding,HR Forms,Complete employee information form,Complete required employee profile and emergency-contact information using the onboarding form.,Employee,HR,1,True,Completed HR form,Complete the employee information form,Employee,Please complete your employee information form.,Escalate to HR if incomplete.,Synthetic onboarding guide,G037,Operations Manager. Complete employee information form. Complete required employee profile and emergency-contact information using the onboarding form.. Owner: HR.
G037,Operations Manager,Operations,Manager,Business,G037-T05,5,Preboarding,Policy,Acknowledge company policies,Review and acknowledge the required employee policies and code of conduct.,Employee,HR,2,True,Policy acknowledgement,Review and acknowledge required policies,Employee,Please review and acknowledge the required policies.,Escalate to HR if acknowledgement is overdue.,Synthetic onboarding guide,G037,Operations Manager. Acknowledge company policies. Review and acknowledge the required employee policies and code of conduct.. Owner: HR.
G037,Operations Manager,Operations,Manager,Business,G037-T06,6,Preboarding,IT Access,Create company email account,IT creates the employee's corporate email account and confirms activation.,IT,IT,1,True,Email activation confirmation,IT should create and activate the company email,IT,IT has been asked to activate your company email.,Escalate to IT if activation is overdue.,Synthetic onboarding guide,G037,Operations Manager. Create company email account. IT creates the employee's corporate email account and confirms activation.. Owner: IT.
G037,Operations Manager,Operations,Manager,Business,G037-T07,7,Preboarding,IT Equipment,Provision laptop/workstation,IT prepares the approved laptop or workstation and records the device assignment.,IT,IT,2,True,Device assignment confirmation,IT should provision and assign the workstation,IT,IT needs to complete your workstation setup.,Escalate to IT if provisioning is overdue.,Synthetic onboarding guide,G037,Operations Manager. Provision laptop/workstation. IT prepares the approved laptop or workstation and records the device assignment.. Owner: IT.
G037,Operations Manager,Operations,Manager,Business,G037-T08,8,Preboarding,Access Management,Provision standard system access,IT provisions the standard applications and access required for the employee's role.,IT,IT,2,True,Access provisioning record,IT should provision standard role access,IT,Your standard system access is being prepared.,Escalate to IT if access is overdue.,Synthetic onboarding guide,G037,Operations Manager. Provision standard system access. IT provisions the standard applications and access required for the employee's role.. Owner: IT.
G037,Operations Manager,Operations,Manager,Business,G037-T09,9,Day 1,Orientation,Attend company orientation,"Attend the company orientation covering organization, workplace practices and key contacts.",Employee,HR,0,True,Orientation attendance,Attend the company orientation,Employee,Please attend your scheduled company orientation.,Escalate to HR if attendance is missing.,Synthetic onboarding guide,G037,"Operations Manager. Attend company orientation. Attend the company orientation covering organization, workplace practices and key contacts.. Owner: HR."
G037,Operations Manager,Operations,Manager,Business,G037-T10,10,Day 1,Security,Complete security awareness training,Complete mandatory security and acceptable-use training before full access is granted.,Employee,Security,1,True,Training completion record,Complete security awareness training,Employee,Please complete the required security training.,Escalate to Security/HR if overdue.,Synthetic onboarding guide,G037,Operations Manager. Complete security awareness training. Complete mandatory security and acceptable-use training before full access is granted.. Owner: Security.
G037,Operations Manager,Operations,Manager,Business,G037-T11,11,Day 1,Manager Setup,Meet reporting manager,Attend the initial meeting with the reporting manager to review responsibilities and first-week priorities.,Employee,Manager,1,True,Manager meeting confirmation,Complete the manager onboarding meeting,Employee,Please attend your manager onboarding meeting.,Escalate to the manager if not scheduled.,Synthetic onboarding guide,G037,Operations Manager. Meet reporting manager. Attend the initial meeting with the reporting manager to review responsibilities and first-week priorities.. Owner: Manager.
G037,Operations Manager,Operations,Manager,Business,G037-T12,12,Week 1,Team Integration,Complete team introduction,Meet key team members and understand team communication and collaboration practices.,Employee,Manager,3,True,Team introduction confirmation,Complete the team introduction activities,Employee,Please complete your team introductions.,Escalate to manager if not completed.,Synthetic onboarding guide,G037,Operations Manager. Complete team introduction. Meet key team members and understand team communication and collaboration practices.. Owner: Manager.
G037,Operations Manager,Operations,Manager,Business,G037-T13,13,Week 1,Onboarding Plan,Review role-specific onboarding plan,"Review the role-specific responsibilities, tools, goals and onboarding expectations with the manager.",Employee,Manager,5,True,Onboarding plan acknowledgement,Review the role-specific onboarding plan,Employee,Please review your role-specific onboarding plan.,Escalate to manager if incomplete.,Synthetic onboarding guide,G037,"Operations Manager. Review role-specific onboarding plan. Review the role-specific responsibilities, tools, goals and onboarding expectations with the manager.. Owner: Manager."
G037,Operations Manager,Operations,Manager,Business,G037-T14,14,Week 1,Access Management,Confirm required access,Employee confirms that all required systems and applications are accessible and reports missing access.,Employee,IT,5,True,Access confirmation or access issue,Confirm required system access,Employee,Please confirm that you can access the required systems.,Escalate missing access to IT.,Synthetic onboarding guide,G037,Operations Manager. Confirm required access. Employee confirms that all required systems and applications are accessible and reports missing access.. Owner: IT.
G037,Operations Manager,Operations,Manager,Business,G037-T15,15,Week 2,Manager Setup,Complete first-week check-in,"Complete a structured check-in with the manager to review progress, blockers and next priorities.",Employee,Manager,7,True,Check-in confirmation,Complete the manager check-in,Employee,Please complete your first-week manager check-in.,Escalate to manager if not completed.,Synthetic onboarding guide,G037,"Operations Manager. Complete first-week check-in. Complete a structured check-in with the manager to review progress, blockers and next priorities.. Owner: Manager."
G037,Operations Manager,Operations,Manager,Business,G037-T16,16,Role Setup,Operations Systems,Get operations system access,Receive approved access to operational systems.,IT,IT,3,True,Task completion confirmation,Complete or confirm: Get operations system access,IT,Please complete the required onboarding task: Get operations system access.,Escalate to the role manager if Get operations system access is overdue.,Synthetic role-specific guide,G037,Operations Manager. Get operations system access. Receive approved access to operational systems.. Owner: IT.
G037,Operations Manager,Operations,Manager,Business,G037-T17,17,Role Setup,Operations Knowledge,Review operational KPIs,"Review key operational metrics, processes and owners.",Employee,Operations Director,5,True,Task completion confirmation,Complete or confirm: Review operational KPIs,Employee,Please complete the required onboarding task: Review operational KPIs.,Escalate to the role manager if Review operational KPIs is overdue.,Synthetic role-specific guide,G037,"Operations Manager. Review operational KPIs. Review key operational metrics, processes and owners.. Owner: Operations Director."
G037,Operations Manager,Operations,Manager,Business,G037-T18,18,Role Setup,Continuity,Review escalation process,Review operational issue escalation and continuity procedures.,Employee,Operations Director,5,True,Task completion confirmation,Complete or confirm: Review escalation process,Employee,Please complete the required onboarding task: Review escalation process.,Escalate to the role manager if Review escalation process is overdue.,Synthetic role-specific guide,G037,Operations Manager. Review escalation process. Review operational issue escalation and continuity procedures.. Owner: Operations Director.
G038,Operations Executive,Operations,Individual Contributor,Business,G038-T01,1,Preboarding,Identity & Compliance,Submit identity verification documents,Upload the required identity documents for employment verification.,Employee,HR,0,True,Identity documents submitted,Request the missing identity document,HR,Please submit the missing identity document.,Escalate to HR if not submitted within 2 business days.,Synthetic onboarding guide,G038,Operations Executive. Submit identity verification documents. Upload the required identity documents for employment verification.. Owner: HR.
G038,Operations Executive,Operations,Individual Contributor,Business,G038-T02,2,Preboarding,Employment,Review and sign employment agreement,Review the employment agreement and electronically sign it before the joining date.,Employee,HR,0,True,Signed employment agreement,Complete and sign the employment agreement,HR,Please review and sign your employment agreement.,Escalate to HR if signature is overdue.,Synthetic onboarding guide,G038,Operations Executive. Review and sign employment agreement. Review the employment agreement and electronically sign it before the joining date.. Owner: HR.
G038,Operations Executive,Operations,Individual Contributor,Business,G038-T03,3,Preboarding,Payroll,Submit payroll and bank information,Provide the approved payroll information required to process salary payments.,Employee,Finance/HR,1,True,Payroll information submitted,Submit the missing payroll information,Employee,Please complete your payroll information.,Escalate to HR if payroll information remains missing.,Synthetic onboarding guide,G038,Operations Executive. Submit payroll and bank information. Provide the approved payroll information required to process salary payments.. Owner: Finance/HR.
G038,Operations Executive,Operations,Individual Contributor,Business,G038-T04,4,Preboarding,HR Forms,Complete employee information form,Complete required employee profile and emergency-contact information using the onboarding form.,Employee,HR,1,True,Completed HR form,Complete the employee information form,Employee,Please complete your employee information form.,Escalate to HR if incomplete.,Synthetic onboarding guide,G038,Operations Executive. Complete employee information form. Complete required employee profile and emergency-contact information using the onboarding form.. Owner: HR.
G038,Operations Executive,Operations,Individual Contributor,Business,G038-T05,5,Preboarding,Policy,Acknowledge company policies,Review and acknowledge the required employee policies and code of conduct.,Employee,HR,2,True,Policy acknowledgement,Review and acknowledge required policies,Employee,Please review and acknowledge the required policies.,Escalate to HR if acknowledgement is overdue.,Synthetic onboarding guide,G038,Operations Executive. Acknowledge company policies. Review and acknowledge the required employee policies and code of conduct.. Owner: HR.
G038,Operations Executive,Operations,Individual Contributor,Business,G038-T06,6,Preboarding,IT Access,Create company email account,IT creates the employee's corporate email account and confirms activation.,IT,IT,1,True,Email activation confirmation,IT should create and activate the company email,IT,IT has been asked to activate your company email.,Escalate to IT if activation is overdue.,Synthetic onboarding guide,G038,Operations Executive. Create company email account. IT creates the employee's corporate email account and confirms activation.. Owner: IT.
G038,Operations Executive,Operations,Individual Contributor,Business,G038-T07,7,Preboarding,IT Equipment,Provision laptop/workstation,IT prepares the approved laptop or workstation and records the device assignment.,IT,IT,2,True,Device assignment confirmation,IT should provision and assign the workstation,IT,IT needs to complete your workstation setup.,Escalate to IT if provisioning is overdue.,Synthetic onboarding guide,G038,Operations Executive. Provision laptop/workstation. IT prepares the approved laptop or workstation and records the device assignment.. Owner: IT.
G038,Operations Executive,Operations,Individual Contributor,Business,G038-T08,8,Preboarding,Access Management,Provision standard system access,IT provisions the standard applications and access required for the employee's role.,IT,IT,2,True,Access provisioning record,IT should provision standard role access,IT,Your standard system access is being prepared.,Escalate to IT if access is overdue.,Synthetic onboarding guide,G038,Operations Executive. Provision standard system access. IT provisions the standard applications and access required for the employee's role.. Owner: IT.
G038,Operations Executive,Operations,Individual Contributor,Business,G038-T09,9,Day 1,Orientation,Attend company orientation,"Attend the company orientation covering organization, workplace practices and key contacts.",Employee,HR,0,True,Orientation attendance,Attend the company orientation,Employee,Please attend your scheduled company orientation.,Escalate to HR if attendance is missing.,Synthetic onboarding guide,G038,"Operations Executive. Attend company orientation. Attend the company orientation covering organization, workplace practices and key contacts.. Owner: HR."
G038,Operations Executive,Operations,Individual Contributor,Business,G038-T10,10,Day 1,Security,Complete security awareness training,Complete mandatory security and acceptable-use training before full access is granted.,Employee,Security,1,True,Training completion record,Complete security awareness training,Employee,Please complete the required security training.,Escalate to Security/HR if overdue.,Synthetic onboarding guide,G038,Operations Executive. Complete security awareness training. Complete mandatory security and acceptable-use training before full access is granted.. Owner: Security.
G038,Operations Executive,Operations,Individual Contributor,Business,G038-T11,11,Day 1,Manager Setup,Meet reporting manager,Attend the initial meeting with the reporting manager to review responsibilities and first-week priorities.,Employee,Manager,1,True,Manager meeting confirmation,Complete the manager onboarding meeting,Employee,Please attend your manager onboarding meeting.,Escalate to the manager if not scheduled.,Synthetic onboarding guide,G038,Operations Executive. Meet reporting manager. Attend the initial meeting with the reporting manager to review responsibilities and first-week priorities.. Owner: Manager.
G038,Operations Executive,Operations,Individual Contributor,Business,G038-T12,12,Week 1,Team Integration,Complete team introduction,Meet key team members and understand team communication and collaboration practices.,Employee,Manager,3,True,Team introduction confirmation,Complete the team introduction activities,Employee,Please complete your team introductions.,Escalate to manager if not completed.,Synthetic onboarding guide,G038,Operations Executive. Complete team introduction. Meet key team members and understand team communication and collaboration practices.. Owner: Manager.
G038,Operations Executive,Operations,Individual Contributor,Business,G038-T13,13,Week 1,Onboarding Plan,Review role-specific onboarding plan,"Review the role-specific responsibilities, tools, goals and onboarding expectations with the manager.",Employee,Manager,5,True,Onboarding plan acknowledgement,Review the role-specific onboarding plan,Employee,Please review your role-specific onboarding plan.,Escalate to manager if incomplete.,Synthetic onboarding guide,G038,"Operations Executive. Review role-specific onboarding plan. Review the role-specific responsibilities, tools, goals and onboarding expectations with the manager.. Owner: Manager."
G038,Operations Executive,Operations,Individual Contributor,Business,G038-T14,14,Week 1,Access Management,Confirm required access,Employee confirms that all required systems and applications are accessible and reports missing access.,Employee,IT,5,True,Access confirmation or access issue,Confirm required system access,Employee,Please confirm that you can access the required systems.,Escalate missing access to IT.,Synthetic onboarding guide,G038,Operations Executive. Confirm required access. Employee confirms that all required systems and applications are accessible and reports missing access.. Owner: IT.
G038,Operations Executive,Operations,Individual Contributor,Business,G038-T15,15,Week 2,Manager Setup,Complete first-week check-in,"Complete a structured check-in with the manager to review progress, blockers and next priorities.",Employee,Manager,7,True,Check-in confirmation,Complete the manager check-in,Employee,Please complete your first-week manager check-in.,Escalate to manager if not completed.,Synthetic onboarding guide,G038,"Operations Executive. Complete first-week check-in. Complete a structured check-in with the manager to review progress, blockers and next priorities.. Owner: Manager."
G038,Operations Executive,Operations,Individual Contributor,Business,G038-T16,16,Role Setup,Operations Systems,Get operations system access,Receive approved access to operational systems.,IT,IT,3,True,Task completion confirmation,Complete or confirm: Get operations system access,IT,Please complete the required onboarding task: Get operations system access.,Escalate to the role manager if Get operations system access is overdue.,Synthetic role-specific guide,G038,Operations Executive. Get operations system access. Receive approved access to operational systems.. Owner: IT.
G038,Operations Executive,Operations,Individual Contributor,Business,G038-T17,17,Role Setup,Operations Knowledge,Review operating procedures,Review assigned operating procedures and responsibilities.,Employee,Operations Manager,5,True,Task completion confirmation,Complete or confirm: Review operating procedures,Employee,Please complete the required onboarding task: Review operating procedures.,Escalate to the role manager if Review operating procedures is overdue.,Synthetic role-specific guide,G038,Operations Executive. Review operating procedures. Review assigned operating procedures and responsibilities.. Owner: Operations Manager.
G038,Operations Executive,Operations,Individual Contributor,Business,G038-T18,18,Role Setup,Reporting,Review daily/weekly reporting,Review required operating reports and escalation paths.,Employee,Operations Manager,5,True,Task completion confirmation,Complete or confirm: Review daily/weekly reporting,Employee,Please complete the required onboarding task: Review daily/weekly reporting.,Escalate to the role manager if Review daily/weekly reporting is overdue.,Synthetic role-specific guide,G038,Operations Executive. Review daily/weekly reporting. Review required operating reports and escalation paths.. Owner: Operations Manager.
G039,Supply Chain Manager,Supply Chain,Manager,Business,G039-T01,1,Preboarding,Identity & Compliance,Submit identity verification documents,Upload the required identity documents for employment verification.,Employee,HR,0,True,Identity documents submitted,Request the missing identity document,HR,Please submit the missing identity document.,Escalate to HR if not submitted within 2 business days.,Synthetic onboarding guide,G039,Supply Chain Manager. Submit identity verification documents. Upload the required identity documents for employment verification.. Owner: HR.
G039,Supply Chain Manager,Supply Chain,Manager,Business,G039-T02,2,Preboarding,Employment,Review and sign employment agreement,Review the employment agreement and electronically sign it before the joining date.,Employee,HR,0,True,Signed employment agreement,Complete and sign the employment agreement,HR,Please review and sign your employment agreement.,Escalate to HR if signature is overdue.,Synthetic onboarding guide,G039,Supply Chain Manager. Review and sign employment agreement. Review the employment agreement and electronically sign it before the joining date.. Owner: HR.
G039,Supply Chain Manager,Supply Chain,Manager,Business,G039-T03,3,Preboarding,Payroll,Submit payroll and bank information,Provide the approved payroll information required to process salary payments.,Employee,Finance/HR,1,True,Payroll information submitted,Submit the missing payroll information,Employee,Please complete your payroll information.,Escalate to HR if payroll information remains missing.,Synthetic onboarding guide,G039,Supply Chain Manager. Submit payroll and bank information. Provide the approved payroll information required to process salary payments.. Owner: Finance/HR.
G039,Supply Chain Manager,Supply Chain,Manager,Business,G039-T04,4,Preboarding,HR Forms,Complete employee information form,Complete required employee profile and emergency-contact information using the onboarding form.,Employee,HR,1,True,Completed HR form,Complete the employee information form,Employee,Please complete your employee information form.,Escalate to HR if incomplete.,Synthetic onboarding guide,G039,Supply Chain Manager. Complete employee information form. Complete required employee profile and emergency-contact information using the onboarding form.. Owner: HR.
G039,Supply Chain Manager,Supply Chain,Manager,Business,G039-T05,5,Preboarding,Policy,Acknowledge company policies,Review and acknowledge the required employee policies and code of conduct.,Employee,HR,2,True,Policy acknowledgement,Review and acknowledge required policies,Employee,Please review and acknowledge the required policies.,Escalate to HR if acknowledgement is overdue.,Synthetic onboarding guide,G039,Supply Chain Manager. Acknowledge company policies. Review and acknowledge the required employee policies and code of conduct.. Owner: HR.
G039,Supply Chain Manager,Supply Chain,Manager,Business,G039-T06,6,Preboarding,IT Access,Create company email account,IT creates the employee's corporate email account and confirms activation.,IT,IT,1,True,Email activation confirmation,IT should create and activate the company email,IT,IT has been asked to activate your company email.,Escalate to IT if activation is overdue.,Synthetic onboarding guide,G039,Supply Chain Manager. Create company email account. IT creates the employee's corporate email account and confirms activation.. Owner: IT.
G039,Supply Chain Manager,Supply Chain,Manager,Business,G039-T07,7,Preboarding,IT Equipment,Provision laptop/workstation,IT prepares the approved laptop or workstation and records the device assignment.,IT,IT,2,True,Device assignment confirmation,IT should provision and assign the workstation,IT,IT needs to complete your workstation setup.,Escalate to IT if provisioning is overdue.,Synthetic onboarding guide,G039,Supply Chain Manager. Provision laptop/workstation. IT prepares the approved laptop or workstation and records the device assignment.. Owner: IT.
G039,Supply Chain Manager,Supply Chain,Manager,Business,G039-T08,8,Preboarding,Access Management,Provision standard system access,IT provisions the standard applications and access required for the employee's role.,IT,IT,2,True,Access provisioning record,IT should provision standard role access,IT,Your standard system access is being prepared.,Escalate to IT if access is overdue.,Synthetic onboarding guide,G039,Supply Chain Manager. Provision standard system access. IT provisions the standard applications and access required for the employee's role.. Owner: IT.
G039,Supply Chain Manager,Supply Chain,Manager,Business,G039-T09,9,Day 1,Orientation,Attend company orientation,"Attend the company orientation covering organization, workplace practices and key contacts.",Employee,HR,0,True,Orientation attendance,Attend the company orientation,Employee,Please attend your scheduled company orientation.,Escalate to HR if attendance is missing.,Synthetic onboarding guide,G039,"Supply Chain Manager. Attend company orientation. Attend the company orientation covering organization, workplace practices and key contacts.. Owner: HR."
G039,Supply Chain Manager,Supply Chain,Manager,Business,G039-T10,10,Day 1,Security,Complete security awareness training,Complete mandatory security and acceptable-use training before full access is granted.,Employee,Security,1,True,Training completion record,Complete security awareness training,Employee,Please complete the required security training.,Escalate to Security/HR if overdue.,Synthetic onboarding guide,G039,Supply Chain Manager. Complete security awareness training. Complete mandatory security and acceptable-use training before full access is granted.. Owner: Security.
G039,Supply Chain Manager,Supply Chain,Manager,Business,G039-T11,11,Day 1,Manager Setup,Meet reporting manager,Attend the initial meeting with the reporting manager to review responsibilities and first-week priorities.,Employee,Manager,1,True,Manager meeting confirmation,Complete the manager onboarding meeting,Employee,Please attend your manager onboarding meeting.,Escalate to the manager if not scheduled.,Synthetic onboarding guide,G039,Supply Chain Manager. Meet reporting manager. Attend the initial meeting with the reporting manager to review responsibilities and first-week priorities.. Owner: Manager.
G039,Supply Chain Manager,Supply Chain,Manager,Business,G039-T12,12,Week 1,Team Integration,Complete team introduction,Meet key team members and understand team communication and collaboration practices.,Employee,Manager,3,True,Team introduction confirmation,Complete the team introduction activities,Employee,Please complete your team introductions.,Escalate to manager if not completed.,Synthetic onboarding guide,G039,Supply Chain Manager. Complete team introduction. Meet key team members and understand team communication and collaboration practices.. Owner: Manager.
G039,Supply Chain Manager,Supply Chain,Manager,Business,G039-T13,13,Week 1,Onboarding Plan,Review role-specific onboarding plan,"Review the role-specific responsibilities, tools, goals and onboarding expectations with the manager.",Employee,Manager,5,True,Onboarding plan acknowledgement,Review the role-specific onboarding plan,Employee,Please review your role-specific onboarding plan.,Escalate to manager if incomplete.,Synthetic onboarding guide,G039,"Supply Chain Manager. Review role-specific onboarding plan. Review the role-specific responsibilities, tools, goals and onboarding expectations with the manager.. Owner: Manager."
G039,Supply Chain Manager,Supply Chain,Manager,Business,G039-T14,14,Week 1,Access Management,Confirm required access,Employee confirms that all required systems and applications are accessible and reports missing access.,Employee,IT,5,True,Access confirmation or access issue,Confirm required system access,Employee,Please confirm that you can access the required systems.,Escalate missing access to IT.,Synthetic onboarding guide,G039,Supply Chain Manager. Confirm required access. Employee confirms that all required systems and applications are accessible and reports missing access.. Owner: IT.
G039,Supply Chain Manager,Supply Chain,Manager,Business,G039-T15,15,Week 2,Manager Setup,Complete first-week check-in,"Complete a structured check-in with the manager to review progress, blockers and next priorities.",Employee,Manager,7,True,Check-in confirmation,Complete the manager check-in,Employee,Please complete your first-week manager check-in.,Escalate to manager if not completed.,Synthetic onboarding guide,G039,"Supply Chain Manager. Complete first-week check-in. Complete a structured check-in with the manager to review progress, blockers and next priorities.. Owner: Manager."
G039,Supply Chain Manager,Supply Chain,Manager,Business,G039-T16,16,Role Setup,Supply Chain Systems,Get supply chain system access,Receive approved access to supply chain tools.,IT,IT,3,True,Task completion confirmation,Complete or confirm: Get supply chain system access,IT,Please complete the required onboarding task: Get supply chain system access.,Escalate to the role manager if Get supply chain system access is overdue.,Synthetic role-specific guide,G039,Supply Chain Manager. Get supply chain system access. Receive approved access to supply chain tools.. Owner: IT.
G039,Supply Chain Manager,Supply Chain,Manager,Business,G039-T17,17,Role Setup,Supply Chain Knowledge,Review supply chain workflow,"Review suppliers, inventory flow, logistics and key metrics.",Employee,Operations Director,5,True,Task completion confirmation,Complete or confirm: Review supply chain workflow,Employee,Please complete the required onboarding task: Review supply chain workflow.,Escalate to the role manager if Review supply chain workflow is overdue.,Synthetic role-specific guide,G039,"Supply Chain Manager. Review supply chain workflow. Review suppliers, inventory flow, logistics and key metrics.. Owner: Operations Director."
G039,Supply Chain Manager,Supply Chain,Manager,Business,G039-T18,18,Role Setup,Risk,Review supply chain escalation process,Review approved supply disruption and escalation procedures.,Employee,Operations Director,5,True,Task completion confirmation,Complete or confirm: Review supply chain escalation process,Employee,Please complete the required onboarding task: Review supply chain escalation process.,Escalate to the role manager if Review supply chain escalation process is overdue.,Synthetic role-specific guide,G039,Supply Chain Manager. Review supply chain escalation process. Review approved supply disruption and escalation procedures.. Owner: Operations Director.
G040,Procurement Specialist,Procurement,Individual Contributor,Business,G040-T01,1,Preboarding,Identity & Compliance,Submit identity verification documents,Upload the required identity documents for employment verification.,Employee,HR,0,True,Identity documents submitted,Request the missing identity document,HR,Please submit the missing identity document.,Escalate to HR if not submitted within 2 business days.,Synthetic onboarding guide,G040,Procurement Specialist. Submit identity verification documents. Upload the required identity documents for employment verification.. Owner: HR.
G040,Procurement Specialist,Procurement,Individual Contributor,Business,G040-T02,2,Preboarding,Employment,Review and sign employment agreement,Review the employment agreement and electronically sign it before the joining date.,Employee,HR,0,True,Signed employment agreement,Complete and sign the employment agreement,HR,Please review and sign your employment agreement.,Escalate to HR if signature is overdue.,Synthetic onboarding guide,G040,Procurement Specialist. Review and sign employment agreement. Review the employment agreement and electronically sign it before the joining date.. Owner: HR.
G040,Procurement Specialist,Procurement,Individual Contributor,Business,G040-T03,3,Preboarding,Payroll,Submit payroll and bank information,Provide the approved payroll information required to process salary payments.,Employee,Finance/HR,1,True,Payroll information submitted,Submit the missing payroll information,Employee,Please complete your payroll information.,Escalate to HR if payroll information remains missing.,Synthetic onboarding guide,G040,Procurement Specialist. Submit payroll and bank information. Provide the approved payroll information required to process salary payments.. Owner: Finance/HR.
G040,Procurement Specialist,Procurement,Individual Contributor,Business,G040-T04,4,Preboarding,HR Forms,Complete employee information form,Complete required employee profile and emergency-contact information using the onboarding form.,Employee,HR,1,True,Completed HR form,Complete the employee information form,Employee,Please complete your employee information form.,Escalate to HR if incomplete.,Synthetic onboarding guide,G040,Procurement Specialist. Complete employee information form. Complete required employee profile and emergency-contact information using the onboarding form.. Owner: HR.
G040,Procurement Specialist,Procurement,Individual Contributor,Business,G040-T05,5,Preboarding,Policy,Acknowledge company policies,Review and acknowledge the required employee policies and code of conduct.,Employee,HR,2,True,Policy acknowledgement,Review and acknowledge required policies,Employee,Please review and acknowledge the required policies.,Escalate to HR if acknowledgement is overdue.,Synthetic onboarding guide,G040,Procurement Specialist. Acknowledge company policies. Review and acknowledge the required employee policies and code of conduct.. Owner: HR.
G040,Procurement Specialist,Procurement,Individual Contributor,Business,G040-T06,6,Preboarding,IT Access,Create company email account,IT creates the employee's corporate email account and confirms activation.,IT,IT,1,True,Email activation confirmation,IT should create and activate the company email,IT,IT has been asked to activate your company email.,Escalate to IT if activation is overdue.,Synthetic onboarding guide,G040,Procurement Specialist. Create company email account. IT creates the employee's corporate email account and confirms activation.. Owner: IT.
G040,Procurement Specialist,Procurement,Individual Contributor,Business,G040-T07,7,Preboarding,IT Equipment,Provision laptop/workstation,IT prepares the approved laptop or workstation and records the device assignment.,IT,IT,2,True,Device assignment confirmation,IT should provision and assign the workstation,IT,IT needs to complete your workstation setup.,Escalate to IT if provisioning is overdue.,Synthetic onboarding guide,G040,Procurement Specialist. Provision laptop/workstation. IT prepares the approved laptop or workstation and records the device assignment.. Owner: IT.
G040,Procurement Specialist,Procurement,Individual Contributor,Business,G040-T08,8,Preboarding,Access Management,Provision standard system access,IT provisions the standard applications and access required for the employee's role.,IT,IT,2,True,Access provisioning record,IT should provision standard role access,IT,Your standard system access is being prepared.,Escalate to IT if access is overdue.,Synthetic onboarding guide,G040,Procurement Specialist. Provision standard system access. IT provisions the standard applications and access required for the employee's role.. Owner: IT.
G040,Procurement Specialist,Procurement,Individual Contributor,Business,G040-T09,9,Day 1,Orientation,Attend company orientation,"Attend the company orientation covering organization, workplace practices and key contacts.",Employee,HR,0,True,Orientation attendance,Attend the company orientation,Employee,Please attend your scheduled company orientation.,Escalate to HR if attendance is missing.,Synthetic onboarding guide,G040,"Procurement Specialist. Attend company orientation. Attend the company orientation covering organization, workplace practices and key contacts.. Owner: HR."
G040,Procurement Specialist,Procurement,Individual Contributor,Business,G040-T10,10,Day 1,Security,Complete security awareness training,Complete mandatory security and acceptable-use training before full access is granted.,Employee,Security,1,True,Training completion record,Complete security awareness training,Employee,Please complete the required security training.,Escalate to Security/HR if overdue.,Synthetic onboarding guide,G040,Procurement Specialist. Complete security awareness training. Complete mandatory security and acceptable-use training before full access is granted.. Owner: Security.
G040,Procurement Specialist,Procurement,Individual Contributor,Business,G040-T11,11,Day 1,Manager Setup,Meet reporting manager,Attend the initial meeting with the reporting manager to review responsibilities and first-week priorities.,Employee,Manager,1,True,Manager meeting confirmation,Complete the manager onboarding meeting,Employee,Please attend your manager onboarding meeting.,Escalate to the manager if not scheduled.,Synthetic onboarding guide,G040,Procurement Specialist. Meet reporting manager. Attend the initial meeting with the reporting manager to review responsibilities and first-week priorities.. Owner: Manager.
G040,Procurement Specialist,Procurement,Individual Contributor,Business,G040-T12,12,Week 1,Team Integration,Complete team introduction,Meet key team members and understand team communication and collaboration practices.,Employee,Manager,3,True,Team introduction confirmation,Complete the team introduction activities,Employee,Please complete your team introductions.,Escalate to manager if not completed.,Synthetic onboarding guide,G040,Procurement Specialist. Complete team introduction. Meet key team members and understand team communication and collaboration practices.. Owner: Manager.
G040,Procurement Specialist,Procurement,Individual Contributor,Business,G040-T13,13,Week 1,Onboarding Plan,Review role-specific onboarding plan,"Review the role-specific responsibilities, tools, goals and onboarding expectations with the manager.",Employee,Manager,5,True,Onboarding plan acknowledgement,Review the role-specific onboarding plan,Employee,Please review your role-specific onboarding plan.,Escalate to manager if incomplete.,Synthetic onboarding guide,G040,"Procurement Specialist. Review role-specific onboarding plan. Review the role-specific responsibilities, tools, goals and onboarding expectations with the manager.. Owner: Manager."
G040,Procurement Specialist,Procurement,Individual Contributor,Business,G040-T14,14,Week 1,Access Management,Confirm required access,Employee confirms that all required systems and applications are accessible and reports missing access.,Employee,IT,5,True,Access confirmation or access issue,Confirm required system access,Employee,Please confirm that you can access the required systems.,Escalate missing access to IT.,Synthetic onboarding guide,G040,Procurement Specialist. Confirm required access. Employee confirms that all required systems and applications are accessible and reports missing access.. Owner: IT.
G040,Procurement Specialist,Procurement,Individual Contributor,Business,G040-T15,15,Week 2,Manager Setup,Complete first-week check-in,"Complete a structured check-in with the manager to review progress, blockers and next priorities.",Employee,Manager,7,True,Check-in confirmation,Complete the manager check-in,Employee,Please complete your first-week manager check-in.,Escalate to manager if not completed.,Synthetic onboarding guide,G040,"Procurement Specialist. Complete first-week check-in. Complete a structured check-in with the manager to review progress, blockers and next priorities.. Owner: Manager."
G040,Procurement Specialist,Procurement,Individual Contributor,Business,G040-T16,16,Role Setup,Procurement Systems,Get procurement system access,Receive approved access to procurement and purchasing tools.,IT,IT,3,True,Task completion confirmation,Complete or confirm: Get procurement system access,IT,Please complete the required onboarding task: Get procurement system access.,Escalate to the role manager if Get procurement system access is overdue.,Synthetic role-specific guide,G040,Procurement Specialist. Get procurement system access. Receive approved access to procurement and purchasing tools.. Owner: IT.
G040,Procurement Specialist,Procurement,Individual Contributor,Business,G040-T17,17,Role Setup,Procurement Process,Review purchasing workflow,"Review requisition, approval, vendor and purchase-order workflow.",Employee,Procurement Manager,5,True,Task completion confirmation,Complete or confirm: Review purchasing workflow,Employee,Please complete the required onboarding task: Review purchasing workflow.,Escalate to the role manager if Review purchasing workflow is overdue.,Synthetic role-specific guide,G040,"Procurement Specialist. Review purchasing workflow. Review requisition, approval, vendor and purchase-order workflow.. Owner: Procurement Manager."
G040,Procurement Specialist,Procurement,Individual Contributor,Business,G040-T18,18,Role Setup,Compliance,Review procurement controls,Review approved purchasing and vendor documentation requirements.,Employee,Procurement Manager,5,True,Task completion confirmation,Complete or confirm: Review procurement controls,Employee,Please complete the required onboarding task: Review procurement controls.,Escalate to the role manager if Review procurement controls is overdue.,Synthetic role-specific guide,G040,Procurement Specialist. Review procurement controls. Review approved purchasing and vendor documentation requirements.. Owner: Procurement Manager.
G041,Marketing Manager,Marketing,Manager,Business,G041-T01,1,Preboarding,Identity & Compliance,Submit identity verification documents,Upload the required identity documents for employment verification.,Employee,HR,0,True,Identity documents submitted,Request the missing identity document,HR,Please submit the missing identity document.,Escalate to HR if not submitted within 2 business days.,Synthetic onboarding guide,G041,Marketing Manager. Submit identity verification documents. Upload the required identity documents for employment verification.. Owner: HR.
G041,Marketing Manager,Marketing,Manager,Business,G041-T02,2,Preboarding,Employment,Review and sign employment agreement,Review the employment agreement and electronically sign it before the joining date.,Employee,HR,0,True,Signed employment agreement,Complete and sign the employment agreement,HR,Please review and sign your employment agreement.,Escalate to HR if signature is overdue.,Synthetic onboarding guide,G041,Marketing Manager. Review and sign employment agreement. Review the employment agreement and electronically sign it before the joining date.. Owner: HR.
G041,Marketing Manager,Marketing,Manager,Business,G041-T03,3,Preboarding,Payroll,Submit payroll and bank information,Provide the approved payroll information required to process salary payments.,Employee,Finance/HR,1,True,Payroll information submitted,Submit the missing payroll information,Employee,Please complete your payroll information.,Escalate to HR if payroll information remains missing.,Synthetic onboarding guide,G041,Marketing Manager. Submit payroll and bank information. Provide the approved payroll information required to process salary payments.. Owner: Finance/HR.
G041,Marketing Manager,Marketing,Manager,Business,G041-T04,4,Preboarding,HR Forms,Complete employee information form,Complete required employee profile and emergency-contact information using the onboarding form.,Employee,HR,1,True,Completed HR form,Complete the employee information form,Employee,Please complete your employee information form.,Escalate to HR if incomplete.,Synthetic onboarding guide,G041,Marketing Manager. Complete employee information form. Complete required employee profile and emergency-contact information using the onboarding form.. Owner: HR.
G041,Marketing Manager,Marketing,Manager,Business,G041-T05,5,Preboarding,Policy,Acknowledge company policies,Review and acknowledge the required employee policies and code of conduct.,Employee,HR,2,True,Policy acknowledgement,Review and acknowledge required policies,Employee,Please review and acknowledge the required policies.,Escalate to HR if acknowledgement is overdue.,Synthetic onboarding guide,G041,Marketing Manager. Acknowledge company policies. Review and acknowledge the required employee policies and code of conduct.. Owner: HR.
G041,Marketing Manager,Marketing,Manager,Business,G041-T06,6,Preboarding,IT Access,Create company email account,IT creates the employee's corporate email account and confirms activation.,IT,IT,1,True,Email activation confirmation,IT should create and activate the company email,IT,IT has been asked to activate your company email.,Escalate to IT if activation is overdue.,Synthetic onboarding guide,G041,Marketing Manager. Create company email account. IT creates the employee's corporate email account and confirms activation.. Owner: IT.
G041,Marketing Manager,Marketing,Manager,Business,G041-T07,7,Preboarding,IT Equipment,Provision laptop/workstation,IT prepares the approved laptop or workstation and records the device assignment.,IT,IT,2,True,Device assignment confirmation,IT should provision and assign the workstation,IT,IT needs to complete your workstation setup.,Escalate to IT if provisioning is overdue.,Synthetic onboarding guide,G041,Marketing Manager. Provision laptop/workstation. IT prepares the approved laptop or workstation and records the device assignment.. Owner: IT.
G041,Marketing Manager,Marketing,Manager,Business,G041-T08,8,Preboarding,Access Management,Provision standard system access,IT provisions the standard applications and access required for the employee's role.,IT,IT,2,True,Access provisioning record,IT should provision standard role access,IT,Your standard system access is being prepared.,Escalate to IT if access is overdue.,Synthetic onboarding guide,G041,Marketing Manager. Provision standard system access. IT provisions the standard applications and access required for the employee's role.. Owner: IT.
G041,Marketing Manager,Marketing,Manager,Business,G041-T09,9,Day 1,Orientation,Attend company orientation,"Attend the company orientation covering organization, workplace practices and key contacts.",Employee,HR,0,True,Orientation attendance,Attend the company orientation,Employee,Please attend your scheduled company orientation.,Escalate to HR if attendance is missing.,Synthetic onboarding guide,G041,"Marketing Manager. Attend company orientation. Attend the company orientation covering organization, workplace practices and key contacts.. Owner: HR."
G041,Marketing Manager,Marketing,Manager,Business,G041-T10,10,Day 1,Security,Complete security awareness training,Complete mandatory security and acceptable-use training before full access is granted.,Employee,Security,1,True,Training completion record,Complete security awareness training,Employee,Please complete the required security training.,Escalate to Security/HR if overdue.,Synthetic onboarding guide,G041,Marketing Manager. Complete security awareness training. Complete mandatory security and acceptable-use training before full access is granted.. Owner: Security.
G041,Marketing Manager,Marketing,Manager,Business,G041-T11,11,Day 1,Manager Setup,Meet reporting manager,Attend the initial meeting with the reporting manager to review responsibilities and first-week priorities.,Employee,Manager,1,True,Manager meeting confirmation,Complete the manager onboarding meeting,Employee,Please attend your manager onboarding meeting.,Escalate to the manager if not scheduled.,Synthetic onboarding guide,G041,Marketing Manager. Meet reporting manager. Attend the initial meeting with the reporting manager to review responsibilities and first-week priorities.. Owner: Manager.
G041,Marketing Manager,Marketing,Manager,Business,G041-T12,12,Week 1,Team Integration,Complete team introduction,Meet key team members and understand team communication and collaboration practices.,Employee,Manager,3,True,Team introduction confirmation,Complete the team introduction activities,Employee,Please complete your team introductions.,Escalate to manager if not completed.,Synthetic onboarding guide,G041,Marketing Manager. Complete team introduction. Meet key team members and understand team communication and collaboration practices.. Owner: Manager.
G041,Marketing Manager,Marketing,Manager,Business,G041-T13,13,Week 1,Onboarding Plan,Review role-specific onboarding plan,"Review the role-specific responsibilities, tools, goals and onboarding expectations with the manager.",Employee,Manager,5,True,Onboarding plan acknowledgement,Review the role-specific onboarding plan,Employee,Please review your role-specific onboarding plan.,Escalate to manager if incomplete.,Synthetic onboarding guide,G041,"Marketing Manager. Review role-specific onboarding plan. Review the role-specific responsibilities, tools, goals and onboarding expectations with the manager.. Owner: Manager."
G041,Marketing Manager,Marketing,Manager,Business,G041-T14,14,Week 1,Access Management,Confirm required access,Employee confirms that all required systems and applications are accessible and reports missing access.,Employee,IT,5,True,Access confirmation or access issue,Confirm required system access,Employee,Please confirm that you can access the required systems.,Escalate missing access to IT.,Synthetic onboarding guide,G041,Marketing Manager. Confirm required access. Employee confirms that all required systems and applications are accessible and reports missing access.. Owner: IT.
G041,Marketing Manager,Marketing,Manager,Business,G041-T15,15,Week 2,Manager Setup,Complete first-week check-in,"Complete a structured check-in with the manager to review progress, blockers and next priorities.",Employee,Manager,7,True,Check-in confirmation,Complete the manager check-in,Employee,Please complete your first-week manager check-in.,Escalate to manager if not completed.,Synthetic onboarding guide,G041,"Marketing Manager. Complete first-week check-in. Complete a structured check-in with the manager to review progress, blockers and next priorities.. Owner: Manager."
G041,Marketing Manager,Marketing,Manager,Business,G041-T16,16,Role Setup,Marketing Systems,Get marketing platform access,Receive access to approved marketing and analytics tools.,IT,IT,3,True,Task completion confirmation,Complete or confirm: Get marketing platform access,IT,Please complete the required onboarding task: Get marketing platform access.,Escalate to the role manager if Get marketing platform access is overdue.,Synthetic role-specific guide,G041,Marketing Manager. Get marketing platform access. Receive access to approved marketing and analytics tools.. Owner: IT.
G041,Marketing Manager,Marketing,Manager,Business,G041-T17,17,Role Setup,Marketing Knowledge,Review marketing plan,"Review current campaigns, priorities and performance goals.",Employee,Marketing Director,5,True,Task completion confirmation,Complete or confirm: Review marketing plan,Employee,Please complete the required onboarding task: Review marketing plan.,Escalate to the role manager if Review marketing plan is overdue.,Synthetic role-specific guide,G041,"Marketing Manager. Review marketing plan. Review current campaigns, priorities and performance goals.. Owner: Marketing Director."
G041,Marketing Manager,Marketing,Manager,Business,G041-T18,18,Role Setup,Brand,Review brand guidelines,Review approved brand and communications standards.,Employee,Marketing Director,5,True,Task completion confirmation,Complete or confirm: Review brand guidelines,Employee,Please complete the required onboarding task: Review brand guidelines.,Escalate to the role manager if Review brand guidelines is overdue.,Synthetic role-specific guide,G041,Marketing Manager. Review brand guidelines. Review approved brand and communications standards.. Owner: Marketing Director.
G042,Digital Marketing Specialist,Marketing,Individual Contributor,Business,G042-T01,1,Preboarding,Identity & Compliance,Submit identity verification documents,Upload the required identity documents for employment verification.,Employee,HR,0,True,Identity documents submitted,Request the missing identity document,HR,Please submit the missing identity document.,Escalate to HR if not submitted within 2 business days.,Synthetic onboarding guide,G042,Digital Marketing Specialist. Submit identity verification documents. Upload the required identity documents for employment verification.. Owner: HR.
G042,Digital Marketing Specialist,Marketing,Individual Contributor,Business,G042-T02,2,Preboarding,Employment,Review and sign employment agreement,Review the employment agreement and electronically sign it before the joining date.,Employee,HR,0,True,Signed employment agreement,Complete and sign the employment agreement,HR,Please review and sign your employment agreement.,Escalate to HR if signature is overdue.,Synthetic onboarding guide,G042,Digital Marketing Specialist. Review and sign employment agreement. Review the employment agreement and electronically sign it before the joining date.. Owner: HR.
G042,Digital Marketing Specialist,Marketing,Individual Contributor,Business,G042-T03,3,Preboarding,Payroll,Submit payroll and bank information,Provide the approved payroll information required to process salary payments.,Employee,Finance/HR,1,True,Payroll information submitted,Submit the missing payroll information,Employee,Please complete your payroll information.,Escalate to HR if payroll information remains missing.,Synthetic onboarding guide,G042,Digital Marketing Specialist. Submit payroll and bank information. Provide the approved payroll information required to process salary payments.. Owner: Finance/HR.
G042,Digital Marketing Specialist,Marketing,Individual Contributor,Business,G042-T04,4,Preboarding,HR Forms,Complete employee information form,Complete required employee profile and emergency-contact information using the onboarding form.,Employee,HR,1,True,Completed HR form,Complete the employee information form,Employee,Please complete your employee information form.,Escalate to HR if incomplete.,Synthetic onboarding guide,G042,Digital Marketing Specialist. Complete employee information form. Complete required employee profile and emergency-contact information using the onboarding form.. Owner: HR.
G042,Digital Marketing Specialist,Marketing,Individual Contributor,Business,G042-T05,5,Preboarding,Policy,Acknowledge company policies,Review and acknowledge the required employee policies and code of conduct.,Employee,HR,2,True,Policy acknowledgement,Review and acknowledge required policies,Employee,Please review and acknowledge the required policies.,Escalate to HR if acknowledgement is overdue.,Synthetic onboarding guide,G042,Digital Marketing Specialist. Acknowledge company policies. Review and acknowledge the required employee policies and code of conduct.. Owner: HR.
G042,Digital Marketing Specialist,Marketing,Individual Contributor,Business,G042-T06,6,Preboarding,IT Access,Create company email account,IT creates the employee's corporate email account and confirms activation.,IT,IT,1,True,Email activation confirmation,IT should create and activate the company email,IT,IT has been asked to activate your company email.,Escalate to IT if activation is overdue.,Synthetic onboarding guide,G042,Digital Marketing Specialist. Create company email account. IT creates the employee's corporate email account and confirms activation.. Owner: IT.
G042,Digital Marketing Specialist,Marketing,Individual Contributor,Business,G042-T07,7,Preboarding,IT Equipment,Provision laptop/workstation,IT prepares the approved laptop or workstation and records the device assignment.,IT,IT,2,True,Device assignment confirmation,IT should provision and assign the workstation,IT,IT needs to complete your workstation setup.,Escalate to IT if provisioning is overdue.,Synthetic onboarding guide,G042,Digital Marketing Specialist. Provision laptop/workstation. IT prepares the approved laptop or workstation and records the device assignment.. Owner: IT.
G042,Digital Marketing Specialist,Marketing,Individual Contributor,Business,G042-T08,8,Preboarding,Access Management,Provision standard system access,IT provisions the standard applications and access required for the employee's role.,IT,IT,2,True,Access provisioning record,IT should provision standard role access,IT,Your standard system access is being prepared.,Escalate to IT if access is overdue.,Synthetic onboarding guide,G042,Digital Marketing Specialist. Provision standard system access. IT provisions the standard applications and access required for the employee's role.. Owner: IT.
G042,Digital Marketing Specialist,Marketing,Individual Contributor,Business,G042-T09,9,Day 1,Orientation,Attend company orientation,"Attend the company orientation covering organization, workplace practices and key contacts.",Employee,HR,0,True,Orientation attendance,Attend the company orientation,Employee,Please attend your scheduled company orientation.,Escalate to HR if attendance is missing.,Synthetic onboarding guide,G042,"Digital Marketing Specialist. Attend company orientation. Attend the company orientation covering organization, workplace practices and key contacts.. Owner: HR."
G042,Digital Marketing Specialist,Marketing,Individual Contributor,Business,G042-T10,10,Day 1,Security,Complete security awareness training,Complete mandatory security and acceptable-use training before full access is granted.,Employee,Security,1,True,Training completion record,Complete security awareness training,Employee,Please complete the required security training.,Escalate to Security/HR if overdue.,Synthetic onboarding guide,G042,Digital Marketing Specialist. Complete security awareness training. Complete mandatory security and acceptable-use training before full access is granted.. Owner: Security.
G042,Digital Marketing Specialist,Marketing,Individual Contributor,Business,G042-T11,11,Day 1,Manager Setup,Meet reporting manager,Attend the initial meeting with the reporting manager to review responsibilities and first-week priorities.,Employee,Manager,1,True,Manager meeting confirmation,Complete the manager onboarding meeting,Employee,Please attend your manager onboarding meeting.,Escalate to the manager if not scheduled.,Synthetic onboarding guide,G042,Digital Marketing Specialist. Meet reporting manager. Attend the initial meeting with the reporting manager to review responsibilities and first-week priorities.. Owner: Manager.
G042,Digital Marketing Specialist,Marketing,Individual Contributor,Business,G042-T12,12,Week 1,Team Integration,Complete team introduction,Meet key team members and understand team communication and collaboration practices.,Employee,Manager,3,True,Team introduction confirmation,Complete the team introduction activities,Employee,Please complete your team introductions.,Escalate to manager if not completed.,Synthetic onboarding guide,G042,Digital Marketing Specialist. Complete team introduction. Meet key team members and understand team communication and collaboration practices.. Owner: Manager.
G042,Digital Marketing Specialist,Marketing,Individual Contributor,Business,G042-T13,13,Week 1,Onboarding Plan,Review role-specific onboarding plan,"Review the role-specific responsibilities, tools, goals and onboarding expectations with the manager.",Employee,Manager,5,True,Onboarding plan acknowledgement,Review the role-specific onboarding plan,Employee,Please review your role-specific onboarding plan.,Escalate to manager if incomplete.,Synthetic onboarding guide,G042,"Digital Marketing Specialist. Review role-specific onboarding plan. Review the role-specific responsibilities, tools, goals and onboarding expectations with the manager.. Owner: Manager."
G042,Digital Marketing Specialist,Marketing,Individual Contributor,Business,G042-T14,14,Week 1,Access Management,Confirm required access,Employee confirms that all required systems and applications are accessible and reports missing access.,Employee,IT,5,True,Access confirmation or access issue,Confirm required system access,Employee,Please confirm that you can access the required systems.,Escalate missing access to IT.,Synthetic onboarding guide,G042,Digital Marketing Specialist. Confirm required access. Employee confirms that all required systems and applications are accessible and reports missing access.. Owner: IT.
G042,Digital Marketing Specialist,Marketing,Individual Contributor,Business,G042-T15,15,Week 2,Manager Setup,Complete first-week check-in,"Complete a structured check-in with the manager to review progress, blockers and next priorities.",Employee,Manager,7,True,Check-in confirmation,Complete the manager check-in,Employee,Please complete your first-week manager check-in.,Escalate to manager if not completed.,Synthetic onboarding guide,G042,"Digital Marketing Specialist. Complete first-week check-in. Complete a structured check-in with the manager to review progress, blockers and next priorities.. Owner: Manager."
G042,Digital Marketing Specialist,Marketing,Individual Contributor,Business,G042-T16,16,Role Setup,Marketing Systems,Get campaign platform access,Receive access to approved campaign and analytics platforms.,IT,IT,3,True,Task completion confirmation,Complete or confirm: Get campaign platform access,IT,Please complete the required onboarding task: Get campaign platform access.,Escalate to the role manager if Get campaign platform access is overdue.,Synthetic role-specific guide,G042,Digital Marketing Specialist. Get campaign platform access. Receive access to approved campaign and analytics platforms.. Owner: IT.
G042,Digital Marketing Specialist,Marketing,Individual Contributor,Business,G042-T17,17,Role Setup,Campaigns,Review active campaigns,"Review active campaigns, audiences and performance metrics.",Employee,Marketing Manager,5,True,Task completion confirmation,Complete or confirm: Review active campaigns,Employee,Please complete the required onboarding task: Review active campaigns.,Escalate to the role manager if Review active campaigns is overdue.,Synthetic role-specific guide,G042,"Digital Marketing Specialist. Review active campaigns. Review active campaigns, audiences and performance metrics.. Owner: Marketing Manager."
G042,Digital Marketing Specialist,Marketing,Individual Contributor,Business,G042-T18,18,Role Setup,Compliance,Review digital marketing guidelines,Review approved communication and campaign guidelines.,Employee,Marketing Manager,5,True,Task completion confirmation,Complete or confirm: Review digital marketing guidelines,Employee,Please complete the required onboarding task: Review digital marketing guidelines.,Escalate to the role manager if Review digital marketing guidelines is overdue.,Synthetic role-specific guide,G042,Digital Marketing Specialist. Review digital marketing guidelines. Review approved communication and campaign guidelines.. Owner: Marketing Manager.
G043,Content Strategist,Marketing,Individual Contributor,Creative,G043-T01,1,Preboarding,Identity & Compliance,Submit identity verification documents,Upload the required identity documents for employment verification.,Employee,HR,0,True,Identity documents submitted,Request the missing identity document,HR,Please submit the missing identity document.,Escalate to HR if not submitted within 2 business days.,Synthetic onboarding guide,G043,Content Strategist. Submit identity verification documents. Upload the required identity documents for employment verification.. Owner: HR.
G043,Content Strategist,Marketing,Individual Contributor,Creative,G043-T02,2,Preboarding,Employment,Review and sign employment agreement,Review the employment agreement and electronically sign it before the joining date.,Employee,HR,0,True,Signed employment agreement,Complete and sign the employment agreement,HR,Please review and sign your employment agreement.,Escalate to HR if signature is overdue.,Synthetic onboarding guide,G043,Content Strategist. Review and sign employment agreement. Review the employment agreement and electronically sign it before the joining date.. Owner: HR.
G043,Content Strategist,Marketing,Individual Contributor,Creative,G043-T03,3,Preboarding,Payroll,Submit payroll and bank information,Provide the approved payroll information required to process salary payments.,Employee,Finance/HR,1,True,Payroll information submitted,Submit the missing payroll information,Employee,Please complete your payroll information.,Escalate to HR if payroll information remains missing.,Synthetic onboarding guide,G043,Content Strategist. Submit payroll and bank information. Provide the approved payroll information required to process salary payments.. Owner: Finance/HR.
G043,Content Strategist,Marketing,Individual Contributor,Creative,G043-T04,4,Preboarding,HR Forms,Complete employee information form,Complete required employee profile and emergency-contact information using the onboarding form.,Employee,HR,1,True,Completed HR form,Complete the employee information form,Employee,Please complete your employee information form.,Escalate to HR if incomplete.,Synthetic onboarding guide,G043,Content Strategist. Complete employee information form. Complete required employee profile and emergency-contact information using the onboarding form.. Owner: HR.
G043,Content Strategist,Marketing,Individual Contributor,Creative,G043-T05,5,Preboarding,Policy,Acknowledge company policies,Review and acknowledge the required employee policies and code of conduct.,Employee,HR,2,True,Policy acknowledgement,Review and acknowledge required policies,Employee,Please review and acknowledge the required policies.,Escalate to HR if acknowledgement is overdue.,Synthetic onboarding guide,G043,Content Strategist. Acknowledge company policies. Review and acknowledge the required employee policies and code of conduct.. Owner: HR.
G043,Content Strategist,Marketing,Individual Contributor,Creative,G043-T06,6,Preboarding,IT Access,Create company email account,IT creates the employee's corporate email account and confirms activation.,IT,IT,1,True,Email activation confirmation,IT should create and activate the company email,IT,IT has been asked to activate your company email.,Escalate to IT if activation is overdue.,Synthetic onboarding guide,G043,Content Strategist. Create company email account. IT creates the employee's corporate email account and confirms activation.. Owner: IT.
G043,Content Strategist,Marketing,Individual Contributor,Creative,G043-T07,7,Preboarding,IT Equipment,Provision laptop/workstation,IT prepares the approved laptop or workstation and records the device assignment.,IT,IT,2,True,Device assignment confirmation,IT should provision and assign the workstation,IT,IT needs to complete your workstation setup.,Escalate to IT if provisioning is overdue.,Synthetic onboarding guide,G043,Content Strategist. Provision laptop/workstation. IT prepares the approved laptop or workstation and records the device assignment.. Owner: IT.
G043,Content Strategist,Marketing,Individual Contributor,Creative,G043-T08,8,Preboarding,Access Management,Provision standard system access,IT provisions the standard applications and access required for the employee's role.,IT,IT,2,True,Access provisioning record,IT should provision standard role access,IT,Your standard system access is being prepared.,Escalate to IT if access is overdue.,Synthetic onboarding guide,G043,Content Strategist. Provision standard system access. IT provisions the standard applications and access required for the employee's role.. Owner: IT.
G043,Content Strategist,Marketing,Individual Contributor,Creative,G043-T09,9,Day 1,Orientation,Attend company orientation,"Attend the company orientation covering organization, workplace practices and key contacts.",Employee,HR,0,True,Orientation attendance,Attend the company orientation,Employee,Please attend your scheduled company orientation.,Escalate to HR if attendance is missing.,Synthetic onboarding guide,G043,"Content Strategist. Attend company orientation. Attend the company orientation covering organization, workplace practices and key contacts.. Owner: HR."
G043,Content Strategist,Marketing,Individual Contributor,Creative,G043-T10,10,Day 1,Security,Complete security awareness training,Complete mandatory security and acceptable-use training before full access is granted.,Employee,Security,1,True,Training completion record,Complete security awareness training,Employee,Please complete the required security training.,Escalate to Security/HR if overdue.,Synthetic onboarding guide,G043,Content Strategist. Complete security awareness training. Complete mandatory security and acceptable-use training before full access is granted.. Owner: Security.
G043,Content Strategist,Marketing,Individual Contributor,Creative,G043-T11,11,Day 1,Manager Setup,Meet reporting manager,Attend the initial meeting with the reporting manager to review responsibilities and first-week priorities.,Employee,Manager,1,True,Manager meeting confirmation,Complete the manager onboarding meeting,Employee,Please attend your manager onboarding meeting.,Escalate to the manager if not scheduled.,Synthetic onboarding guide,G043,Content Strategist. Meet reporting manager. Attend the initial meeting with the reporting manager to review responsibilities and first-week priorities.. Owner: Manager.
G043,Content Strategist,Marketing,Individual Contributor,Creative,G043-T12,12,Week 1,Team Integration,Complete team introduction,Meet key team members and understand team communication and collaboration practices.,Employee,Manager,3,True,Team introduction confirmation,Complete the team introduction activities,Employee,Please complete your team introductions.,Escalate to manager if not completed.,Synthetic onboarding guide,G043,Content Strategist. Complete team introduction. Meet key team members and understand team communication and collaboration practices.. Owner: Manager.
G043,Content Strategist,Marketing,Individual Contributor,Creative,G043-T13,13,Week 1,Onboarding Plan,Review role-specific onboarding plan,"Review the role-specific responsibilities, tools, goals and onboarding expectations with the manager.",Employee,Manager,5,True,Onboarding plan acknowledgement,Review the role-specific onboarding plan,Employee,Please review your role-specific onboarding plan.,Escalate to manager if incomplete.,Synthetic onboarding guide,G043,"Content Strategist. Review role-specific onboarding plan. Review the role-specific responsibilities, tools, goals and onboarding expectations with the manager.. Owner: Manager."
G043,Content Strategist,Marketing,Individual Contributor,Creative,G043-T14,14,Week 1,Access Management,Confirm required access,Employee confirms that all required systems and applications are accessible and reports missing access.,Employee,IT,5,True,Access confirmation or access issue,Confirm required system access,Employee,Please confirm that you can access the required systems.,Escalate missing access to IT.,Synthetic onboarding guide,G043,Content Strategist. Confirm required access. Employee confirms that all required systems and applications are accessible and reports missing access.. Owner: IT.
G043,Content Strategist,Marketing,Individual Contributor,Creative,G043-T15,15,Week 2,Manager Setup,Complete first-week check-in,"Complete a structured check-in with the manager to review progress, blockers and next priorities.",Employee,Manager,7,True,Check-in confirmation,Complete the manager check-in,Employee,Please complete your first-week manager check-in.,Escalate to manager if not completed.,Synthetic onboarding guide,G043,"Content Strategist. Complete first-week check-in. Complete a structured check-in with the manager to review progress, blockers and next priorities.. Owner: Manager."
G043,Content Strategist,Marketing,Individual Contributor,Creative,G043-T16,16,Role Setup,Content Systems,Get content workspace access,Receive access to approved content planning and publishing tools.,IT,IT,3,True,Task completion confirmation,Complete or confirm: Get content workspace access,IT,Please complete the required onboarding task: Get content workspace access.,Escalate to the role manager if Get content workspace access is overdue.,Synthetic role-specific guide,G043,Content Strategist. Get content workspace access. Receive access to approved content planning and publishing tools.. Owner: IT.
G043,Content Strategist,Marketing,Individual Contributor,Creative,G043-T17,17,Role Setup,Content Knowledge,Review content strategy,"Review current content themes, audiences and priorities.",Employee,Marketing Manager,5,True,Task completion confirmation,Complete or confirm: Review content strategy,Employee,Please complete the required onboarding task: Review content strategy.,Escalate to the role manager if Review content strategy is overdue.,Synthetic role-specific guide,G043,"Content Strategist. Review content strategy. Review current content themes, audiences and priorities.. Owner: Marketing Manager."
G043,Content Strategist,Marketing,Individual Contributor,Creative,G043-T18,18,Role Setup,Brand,Review content and brand standards,"Review approved tone, style and brand standards.",Employee,Marketing Manager,5,True,Task completion confirmation,Complete or confirm: Review content and brand standards,Employee,Please complete the required onboarding task: Review content and brand standards.,Escalate to the role manager if Review content and brand standards is overdue.,Synthetic role-specific guide,G043,"Content Strategist. Review content and brand standards. Review approved tone, style and brand standards.. Owner: Marketing Manager."
G044,Sales Manager,Sales,Manager,Business,G044-T01,1,Preboarding,Identity & Compliance,Submit identity verification documents,Upload the required identity documents for employment verification.,Employee,HR,0,True,Identity documents submitted,Request the missing identity document,HR,Please submit the missing identity document.,Escalate to HR if not submitted within 2 business days.,Synthetic onboarding guide,G044,Sales Manager. Submit identity verification documents. Upload the required identity documents for employment verification.. Owner: HR.
G044,Sales Manager,Sales,Manager,Business,G044-T02,2,Preboarding,Employment,Review and sign employment agreement,Review the employment agreement and electronically sign it before the joining date.,Employee,HR,0,True,Signed employment agreement,Complete and sign the employment agreement,HR,Please review and sign your employment agreement.,Escalate to HR if signature is overdue.,Synthetic onboarding guide,G044,Sales Manager. Review and sign employment agreement. Review the employment agreement and electronically sign it before the joining date.. Owner: HR.
G044,Sales Manager,Sales,Manager,Business,G044-T03,3,Preboarding,Payroll,Submit payroll and bank information,Provide the approved payroll information required to process salary payments.,Employee,Finance/HR,1,True,Payroll information submitted,Submit the missing payroll information,Employee,Please complete your payroll information.,Escalate to HR if payroll information remains missing.,Synthetic onboarding guide,G044,Sales Manager. Submit payroll and bank information. Provide the approved payroll information required to process salary payments.. Owner: Finance/HR.
G044,Sales Manager,Sales,Manager,Business,G044-T04,4,Preboarding,HR Forms,Complete employee information form,Complete required employee profile and emergency-contact information using the onboarding form.,Employee,HR,1,True,Completed HR form,Complete the employee information form,Employee,Please complete your employee information form.,Escalate to HR if incomplete.,Synthetic onboarding guide,G044,Sales Manager. Complete employee information form. Complete required employee profile and emergency-contact information using the onboarding form.. Owner: HR.
G044,Sales Manager,Sales,Manager,Business,G044-T05,5,Preboarding,Policy,Acknowledge company policies,Review and acknowledge the required employee policies and code of conduct.,Employee,HR,2,True,Policy acknowledgement,Review and acknowledge required policies,Employee,Please review and acknowledge the required policies.,Escalate to HR if acknowledgement is overdue.,Synthetic onboarding guide,G044,Sales Manager. Acknowledge company policies. Review and acknowledge the required employee policies and code of conduct.. Owner: HR.
G044,Sales Manager,Sales,Manager,Business,G044-T06,6,Preboarding,IT Access,Create company email account,IT creates the employee's corporate email account and confirms activation.,IT,IT,1,True,Email activation confirmation,IT should create and activate the company email,IT,IT has been asked to activate your company email.,Escalate to IT if activation is overdue.,Synthetic onboarding guide,G044,Sales Manager. Create company email account. IT creates the employee's corporate email account and confirms activation.. Owner: IT.
G044,Sales Manager,Sales,Manager,Business,G044-T07,7,Preboarding,IT Equipment,Provision laptop/workstation,IT prepares the approved laptop or workstation and records the device assignment.,IT,IT,2,True,Device assignment confirmation,IT should provision and assign the workstation,IT,IT needs to complete your workstation setup.,Escalate to IT if provisioning is overdue.,Synthetic onboarding guide,G044,Sales Manager. Provision laptop/workstation. IT prepares the approved laptop or workstation and records the device assignment.. Owner: IT.
G044,Sales Manager,Sales,Manager,Business,G044-T08,8,Preboarding,Access Management,Provision standard system access,IT provisions the standard applications and access required for the employee's role.,IT,IT,2,True,Access provisioning record,IT should provision standard role access,IT,Your standard system access is being prepared.,Escalate to IT if access is overdue.,Synthetic onboarding guide,G044,Sales Manager. Provision standard system access. IT provisions the standard applications and access required for the employee's role.. Owner: IT.
G044,Sales Manager,Sales,Manager,Business,G044-T09,9,Day 1,Orientation,Attend company orientation,"Attend the company orientation covering organization, workplace practices and key contacts.",Employee,HR,0,True,Orientation attendance,Attend the company orientation,Employee,Please attend your scheduled company orientation.,Escalate to HR if attendance is missing.,Synthetic onboarding guide,G044,"Sales Manager. Attend company orientation. Attend the company orientation covering organization, workplace practices and key contacts.. Owner: HR."
G044,Sales Manager,Sales,Manager,Business,G044-T10,10,Day 1,Security,Complete security awareness training,Complete mandatory security and acceptable-use training before full access is granted.,Employee,Security,1,True,Training completion record,Complete security awareness training,Employee,Please complete the required security training.,Escalate to Security/HR if overdue.,Synthetic onboarding guide,G044,Sales Manager. Complete security awareness training. Complete mandatory security and acceptable-use training before full access is granted.. Owner: Security.
G044,Sales Manager,Sales,Manager,Business,G044-T11,11,Day 1,Manager Setup,Meet reporting manager,Attend the initial meeting with the reporting manager to review responsibilities and first-week priorities.,Employee,Manager,1,True,Manager meeting confirmation,Complete the manager onboarding meeting,Employee,Please attend your manager onboarding meeting.,Escalate to the manager if not scheduled.,Synthetic onboarding guide,G044,Sales Manager. Meet reporting manager. Attend the initial meeting with the reporting manager to review responsibilities and first-week priorities.. Owner: Manager.
G044,Sales Manager,Sales,Manager,Business,G044-T12,12,Week 1,Team Integration,Complete team introduction,Meet key team members and understand team communication and collaboration practices.,Employee,Manager,3,True,Team introduction confirmation,Complete the team introduction activities,Employee,Please complete your team introductions.,Escalate to manager if not completed.,Synthetic onboarding guide,G044,Sales Manager. Complete team introduction. Meet key team members and understand team communication and collaboration practices.. Owner: Manager.
G044,Sales Manager,Sales,Manager,Business,G044-T13,13,Week 1,Onboarding Plan,Review role-specific onboarding plan,"Review the role-specific responsibilities, tools, goals and onboarding expectations with the manager.",Employee,Manager,5,True,Onboarding plan acknowledgement,Review the role-specific onboarding plan,Employee,Please review your role-specific onboarding plan.,Escalate to manager if incomplete.,Synthetic onboarding guide,G044,"Sales Manager. Review role-specific onboarding plan. Review the role-specific responsibilities, tools, goals and onboarding expectations with the manager.. Owner: Manager."
G044,Sales Manager,Sales,Manager,Business,G044-T14,14,Week 1,Access Management,Confirm required access,Employee confirms that all required systems and applications are accessible and reports missing access.,Employee,IT,5,True,Access confirmation or access issue,Confirm required system access,Employee,Please confirm that you can access the required systems.,Escalate missing access to IT.,Synthetic onboarding guide,G044,Sales Manager. Confirm required access. Employee confirms that all required systems and applications are accessible and reports missing access.. Owner: IT.
G044,Sales Manager,Sales,Manager,Business,G044-T15,15,Week 2,Manager Setup,Complete first-week check-in,"Complete a structured check-in with the manager to review progress, blockers and next priorities.",Employee,Manager,7,True,Check-in confirmation,Complete the manager check-in,Employee,Please complete your first-week manager check-in.,Escalate to manager if not completed.,Synthetic onboarding guide,G044,"Sales Manager. Complete first-week check-in. Complete a structured check-in with the manager to review progress, blockers and next priorities.. Owner: Manager."
G044,Sales Manager,Sales,Manager,Business,G044-T16,16,Role Setup,CRM Access,Get CRM access,Receive approved access to the customer relationship management system.,IT,IT,3,True,Task completion confirmation,Complete or confirm: Get CRM access,IT,Please complete the required onboarding task: Get CRM access.,Escalate to the role manager if Get CRM access is overdue.,Synthetic role-specific guide,G044,Sales Manager. Get CRM access. Receive approved access to the customer relationship management system.. Owner: IT.
G044,Sales Manager,Sales,Manager,Business,G044-T17,17,Role Setup,Sales Knowledge,Review sales pipeline,"Review current pipeline, targets and sales process.",Employee,Sales Director,5,True,Task completion confirmation,Complete or confirm: Review sales pipeline,Employee,Please complete the required onboarding task: Review sales pipeline.,Escalate to the role manager if Review sales pipeline is overdue.,Synthetic role-specific guide,G044,"Sales Manager. Review sales pipeline. Review current pipeline, targets and sales process.. Owner: Sales Director."
G044,Sales Manager,Sales,Manager,Business,G044-T18,18,Role Setup,Reporting,Review sales reporting,Review approved sales metrics and reporting cadence.,Employee,Sales Director,5,True,Task completion confirmation,Complete or confirm: Review sales reporting,Employee,Please complete the required onboarding task: Review sales reporting.,Escalate to the role manager if Review sales reporting is overdue.,Synthetic role-specific guide,G044,Sales Manager. Review sales reporting. Review approved sales metrics and reporting cadence.. Owner: Sales Director.
G045,Sales Executive,Sales,Individual Contributor,Business,G045-T01,1,Preboarding,Identity & Compliance,Submit identity verification documents,Upload the required identity documents for employment verification.,Employee,HR,0,True,Identity documents submitted,Request the missing identity document,HR,Please submit the missing identity document.,Escalate to HR if not submitted within 2 business days.,Synthetic onboarding guide,G045,Sales Executive. Submit identity verification documents. Upload the required identity documents for employment verification.. Owner: HR.
G045,Sales Executive,Sales,Individual Contributor,Business,G045-T02,2,Preboarding,Employment,Review and sign employment agreement,Review the employment agreement and electronically sign it before the joining date.,Employee,HR,0,True,Signed employment agreement,Complete and sign the employment agreement,HR,Please review and sign your employment agreement.,Escalate to HR if signature is overdue.,Synthetic onboarding guide,G045,Sales Executive. Review and sign employment agreement. Review the employment agreement and electronically sign it before the joining date.. Owner: HR.
G045,Sales Executive,Sales,Individual Contributor,Business,G045-T03,3,Preboarding,Payroll,Submit payroll and bank information,Provide the approved payroll information required to process salary payments.,Employee,Finance/HR,1,True,Payroll information submitted,Submit the missing payroll information,Employee,Please complete your payroll information.,Escalate to HR if payroll information remains missing.,Synthetic onboarding guide,G045,Sales Executive. Submit payroll and bank information. Provide the approved payroll information required to process salary payments.. Owner: Finance/HR.
G045,Sales Executive,Sales,Individual Contributor,Business,G045-T04,4,Preboarding,HR Forms,Complete employee information form,Complete required employee profile and emergency-contact information using the onboarding form.,Employee,HR,1,True,Completed HR form,Complete the employee information form,Employee,Please complete your employee information form.,Escalate to HR if incomplete.,Synthetic onboarding guide,G045,Sales Executive. Complete employee information form. Complete required employee profile and emergency-contact information using the onboarding form.. Owner: HR.
G045,Sales Executive,Sales,Individual Contributor,Business,G045-T05,5,Preboarding,Policy,Acknowledge company policies,Review and acknowledge the required employee policies and code of conduct.,Employee,HR,2,True,Policy acknowledgement,Review and acknowledge required policies,Employee,Please review and acknowledge the required policies.,Escalate to HR if acknowledgement is overdue.,Synthetic onboarding guide,G045,Sales Executive. Acknowledge company policies. Review and acknowledge the required employee policies and code of conduct.. Owner: HR.
G045,Sales Executive,Sales,Individual Contributor,Business,G045-T06,6,Preboarding,IT Access,Create company email account,IT creates the employee's corporate email account and confirms activation.,IT,IT,1,True,Email activation confirmation,IT should create and activate the company email,IT,IT has been asked to activate your company email.,Escalate to IT if activation is overdue.,Synthetic onboarding guide,G045,Sales Executive. Create company email account. IT creates the employee's corporate email account and confirms activation.. Owner: IT.
G045,Sales Executive,Sales,Individual Contributor,Business,G045-T07,7,Preboarding,IT Equipment,Provision laptop/workstation,IT prepares the approved laptop or workstation and records the device assignment.,IT,IT,2,True,Device assignment confirmation,IT should provision and assign the workstation,IT,IT needs to complete your workstation setup.,Escalate to IT if provisioning is overdue.,Synthetic onboarding guide,G045,Sales Executive. Provision laptop/workstation. IT prepares the approved laptop or workstation and records the device assignment.. Owner: IT.
G045,Sales Executive,Sales,Individual Contributor,Business,G045-T08,8,Preboarding,Access Management,Provision standard system access,IT provisions the standard applications and access required for the employee's role.,IT,IT,2,True,Access provisioning record,IT should provision standard role access,IT,Your standard system access is being prepared.,Escalate to IT if access is overdue.,Synthetic onboarding guide,G045,Sales Executive. Provision standard system access. IT provisions the standard applications and access required for the employee's role.. Owner: IT.
G045,Sales Executive,Sales,Individual Contributor,Business,G045-T09,9,Day 1,Orientation,Attend company orientation,"Attend the company orientation covering organization, workplace practices and key contacts.",Employee,HR,0,True,Orientation attendance,Attend the company orientation,Employee,Please attend your scheduled company orientation.,Escalate to HR if attendance is missing.,Synthetic onboarding guide,G045,"Sales Executive. Attend company orientation. Attend the company orientation covering organization, workplace practices and key contacts.. Owner: HR."
G045,Sales Executive,Sales,Individual Contributor,Business,G045-T10,10,Day 1,Security,Complete security awareness training,Complete mandatory security and acceptable-use training before full access is granted.,Employee,Security,1,True,Training completion record,Complete security awareness training,Employee,Please complete the required security training.,Escalate to Security/HR if overdue.,Synthetic onboarding guide,G045,Sales Executive. Complete security awareness training. Complete mandatory security and acceptable-use training before full access is granted.. Owner: Security.
G045,Sales Executive,Sales,Individual Contributor,Business,G045-T11,11,Day 1,Manager Setup,Meet reporting manager,Attend the initial meeting with the reporting manager to review responsibilities and first-week priorities.,Employee,Manager,1,True,Manager meeting confirmation,Complete the manager onboarding meeting,Employee,Please attend your manager onboarding meeting.,Escalate to the manager if not scheduled.,Synthetic onboarding guide,G045,Sales Executive. Meet reporting manager. Attend the initial meeting with the reporting manager to review responsibilities and first-week priorities.. Owner: Manager.
G045,Sales Executive,Sales,Individual Contributor,Business,G045-T12,12,Week 1,Team Integration,Complete team introduction,Meet key team members and understand team communication and collaboration practices.,Employee,Manager,3,True,Team introduction confirmation,Complete the team introduction activities,Employee,Please complete your team introductions.,Escalate to manager if not completed.,Synthetic onboarding guide,G045,Sales Executive. Complete team introduction. Meet key team members and understand team communication and collaboration practices.. Owner: Manager.
G045,Sales Executive,Sales,Individual Contributor,Business,G045-T13,13,Week 1,Onboarding Plan,Review role-specific onboarding plan,"Review the role-specific responsibilities, tools, goals and onboarding expectations with the manager.",Employee,Manager,5,True,Onboarding plan acknowledgement,Review the role-specific onboarding plan,Employee,Please review your role-specific onboarding plan.,Escalate to manager if incomplete.,Synthetic onboarding guide,G045,"Sales Executive. Review role-specific onboarding plan. Review the role-specific responsibilities, tools, goals and onboarding expectations with the manager.. Owner: Manager."
G045,Sales Executive,Sales,Individual Contributor,Business,G045-T14,14,Week 1,Access Management,Confirm required access,Employee confirms that all required systems and applications are accessible and reports missing access.,Employee,IT,5,True,Access confirmation or access issue,Confirm required system access,Employee,Please confirm that you can access the required systems.,Escalate missing access to IT.,Synthetic onboarding guide,G045,Sales Executive. Confirm required access. Employee confirms that all required systems and applications are accessible and reports missing access.. Owner: IT.
G045,Sales Executive,Sales,Individual Contributor,Business,G045-T15,15,Week 2,Manager Setup,Complete first-week check-in,"Complete a structured check-in with the manager to review progress, blockers and next priorities.",Employee,Manager,7,True,Check-in confirmation,Complete the manager check-in,Employee,Please complete your first-week manager check-in.,Escalate to manager if not completed.,Synthetic onboarding guide,G045,"Sales Executive. Complete first-week check-in. Complete a structured check-in with the manager to review progress, blockers and next priorities.. Owner: Manager."
G045,Sales Executive,Sales,Individual Contributor,Business,G045-T16,16,Role Setup,CRM Access,Get CRM access,Receive approved access to the customer relationship management system.,IT,IT,3,True,Task completion confirmation,Complete or confirm: Get CRM access,IT,Please complete the required onboarding task: Get CRM access.,Escalate to the role manager if Get CRM access is overdue.,Synthetic role-specific guide,G045,Sales Executive. Get CRM access. Receive approved access to the customer relationship management system.. Owner: IT.
G045,Sales Executive,Sales,Individual Contributor,Business,G045-T17,17,Role Setup,Sales Knowledge,Review sales process,"Review prospecting, qualification, proposal and closing workflow.",Employee,Sales Manager,5,True,Task completion confirmation,Complete or confirm: Review sales process,Employee,Please complete the required onboarding task: Review sales process.,Escalate to the role manager if Review sales process is overdue.,Synthetic role-specific guide,G045,"Sales Executive. Review sales process. Review prospecting, qualification, proposal and closing workflow.. Owner: Sales Manager."
G045,Sales Executive,Sales,Individual Contributor,Business,G045-T18,18,Role Setup,Product Knowledge,Complete product/sales enablement,Review core product information and approved sales materials.,Employee,Sales Manager,5,True,Task completion confirmation,Complete or confirm: Complete product/sales enablement,Employee,Please complete the required onboarding task: Complete product/sales enablement.,Escalate to the role manager if Complete product/sales enablement is overdue.,Synthetic role-specific guide,G045,Sales Executive. Complete product/sales enablement. Review core product information and approved sales materials.. Owner: Sales Manager.
G046,Account Manager,Sales,Individual Contributor,Business,G046-T01,1,Preboarding,Identity & Compliance,Submit identity verification documents,Upload the required identity documents for employment verification.,Employee,HR,0,True,Identity documents submitted,Request the missing identity document,HR,Please submit the missing identity document.,Escalate to HR if not submitted within 2 business days.,Synthetic onboarding guide,G046,Account Manager. Submit identity verification documents. Upload the required identity documents for employment verification.. Owner: HR.
G046,Account Manager,Sales,Individual Contributor,Business,G046-T02,2,Preboarding,Employment,Review and sign employment agreement,Review the employment agreement and electronically sign it before the joining date.,Employee,HR,0,True,Signed employment agreement,Complete and sign the employment agreement,HR,Please review and sign your employment agreement.,Escalate to HR if signature is overdue.,Synthetic onboarding guide,G046,Account Manager. Review and sign employment agreement. Review the employment agreement and electronically sign it before the joining date.. Owner: HR.
G046,Account Manager,Sales,Individual Contributor,Business,G046-T03,3,Preboarding,Payroll,Submit payroll and bank information,Provide the approved payroll information required to process salary payments.,Employee,Finance/HR,1,True,Payroll information submitted,Submit the missing payroll information,Employee,Please complete your payroll information.,Escalate to HR if payroll information remains missing.,Synthetic onboarding guide,G046,Account Manager. Submit payroll and bank information. Provide the approved payroll information required to process salary payments.. Owner: Finance/HR.
G046,Account Manager,Sales,Individual Contributor,Business,G046-T04,4,Preboarding,HR Forms,Complete employee information form,Complete required employee profile and emergency-contact information using the onboarding form.,Employee,HR,1,True,Completed HR form,Complete the employee information form,Employee,Please complete your employee information form.,Escalate to HR if incomplete.,Synthetic onboarding guide,G046,Account Manager. Complete employee information form. Complete required employee profile and emergency-contact information using the onboarding form.. Owner: HR.
G046,Account Manager,Sales,Individual Contributor,Business,G046-T05,5,Preboarding,Policy,Acknowledge company policies,Review and acknowledge the required employee policies and code of conduct.,Employee,HR,2,True,Policy acknowledgement,Review and acknowledge required policies,Employee,Please review and acknowledge the required policies.,Escalate to HR if acknowledgement is overdue.,Synthetic onboarding guide,G046,Account Manager. Acknowledge company policies. Review and acknowledge the required employee policies and code of conduct.. Owner: HR.
G046,Account Manager,Sales,Individual Contributor,Business,G046-T06,6,Preboarding,IT Access,Create company email account,IT creates the employee's corporate email account and confirms activation.,IT,IT,1,True,Email activation confirmation,IT should create and activate the company email,IT,IT has been asked to activate your company email.,Escalate to IT if activation is overdue.,Synthetic onboarding guide,G046,Account Manager. Create company email account. IT creates the employee's corporate email account and confirms activation.. Owner: IT.
G046,Account Manager,Sales,Individual Contributor,Business,G046-T07,7,Preboarding,IT Equipment,Provision laptop/workstation,IT prepares the approved laptop or workstation and records the device assignment.,IT,IT,2,True,Device assignment confirmation,IT should provision and assign the workstation,IT,IT needs to complete your workstation setup.,Escalate to IT if provisioning is overdue.,Synthetic onboarding guide,G046,Account Manager. Provision laptop/workstation. IT prepares the approved laptop or workstation and records the device assignment.. Owner: IT.
G046,Account Manager,Sales,Individual Contributor,Business,G046-T08,8,Preboarding,Access Management,Provision standard system access,IT provisions the standard applications and access required for the employee's role.,IT,IT,2,True,Access provisioning record,IT should provision standard role access,IT,Your standard system access is being prepared.,Escalate to IT if access is overdue.,Synthetic onboarding guide,G046,Account Manager. Provision standard system access. IT provisions the standard applications and access required for the employee's role.. Owner: IT.
G046,Account Manager,Sales,Individual Contributor,Business,G046-T09,9,Day 1,Orientation,Attend company orientation,"Attend the company orientation covering organization, workplace practices and key contacts.",Employee,HR,0,True,Orientation attendance,Attend the company orientation,Employee,Please attend your scheduled company orientation.,Escalate to HR if attendance is missing.,Synthetic onboarding guide,G046,"Account Manager. Attend company orientation. Attend the company orientation covering organization, workplace practices and key contacts.. Owner: HR."
G046,Account Manager,Sales,Individual Contributor,Business,G046-T10,10,Day 1,Security,Complete security awareness training,Complete mandatory security and acceptable-use training before full access is granted.,Employee,Security,1,True,Training completion record,Complete security awareness training,Employee,Please complete the required security training.,Escalate to Security/HR if overdue.,Synthetic onboarding guide,G046,Account Manager. Complete security awareness training. Complete mandatory security and acceptable-use training before full access is granted.. Owner: Security.
G046,Account Manager,Sales,Individual Contributor,Business,G046-T11,11,Day 1,Manager Setup,Meet reporting manager,Attend the initial meeting with the reporting manager to review responsibilities and first-week priorities.,Employee,Manager,1,True,Manager meeting confirmation,Complete the manager onboarding meeting,Employee,Please attend your manager onboarding meeting.,Escalate to the manager if not scheduled.,Synthetic onboarding guide,G046,Account Manager. Meet reporting manager. Attend the initial meeting with the reporting manager to review responsibilities and first-week priorities.. Owner: Manager.
G046,Account Manager,Sales,Individual Contributor,Business,G046-T12,12,Week 1,Team Integration,Complete team introduction,Meet key team members and understand team communication and collaboration practices.,Employee,Manager,3,True,Team introduction confirmation,Complete the team introduction activities,Employee,Please complete your team introductions.,Escalate to manager if not completed.,Synthetic onboarding guide,G046,Account Manager. Complete team introduction. Meet key team members and understand team communication and collaboration practices.. Owner: Manager.
G046,Account Manager,Sales,Individual Contributor,Business,G046-T13,13,Week 1,Onboarding Plan,Review role-specific onboarding plan,"Review the role-specific responsibilities, tools, goals and onboarding expectations with the manager.",Employee,Manager,5,True,Onboarding plan acknowledgement,Review the role-specific onboarding plan,Employee,Please review your role-specific onboarding plan.,Escalate to manager if incomplete.,Synthetic onboarding guide,G046,"Account Manager. Review role-specific onboarding plan. Review the role-specific responsibilities, tools, goals and onboarding expectations with the manager.. Owner: Manager."
G046,Account Manager,Sales,Individual Contributor,Business,G046-T14,14,Week 1,Access Management,Confirm required access,Employee confirms that all required systems and applications are accessible and reports missing access.,Employee,IT,5,True,Access confirmation or access issue,Confirm required system access,Employee,Please confirm that you can access the required systems.,Escalate missing access to IT.,Synthetic onboarding guide,G046,Account Manager. Confirm required access. Employee confirms that all required systems and applications are accessible and reports missing access.. Owner: IT.
G046,Account Manager,Sales,Individual Contributor,Business,G046-T15,15,Week 2,Manager Setup,Complete first-week check-in,"Complete a structured check-in with the manager to review progress, blockers and next priorities.",Employee,Manager,7,True,Check-in confirmation,Complete the manager check-in,Employee,Please complete your first-week manager check-in.,Escalate to manager if not completed.,Synthetic onboarding guide,G046,"Account Manager. Complete first-week check-in. Complete a structured check-in with the manager to review progress, blockers and next priorities.. Owner: Manager."
G046,Account Manager,Sales,Individual Contributor,Business,G046-T16,16,Role Setup,CRM Access,Get account-management access,Receive approved access to CRM and account-management tools.,IT,IT,3,True,Task completion confirmation,Complete or confirm: Get account-management access,IT,Please complete the required onboarding task: Get account-management access.,Escalate to the role manager if Get account-management access is overdue.,Synthetic role-specific guide,G046,Account Manager. Get account-management access. Receive approved access to CRM and account-management tools.. Owner: IT.
G046,Account Manager,Sales,Individual Contributor,Business,G046-T17,17,Role Setup,Account Knowledge,Review assigned accounts,"Review assigned customers, contracts and active priorities.",Employee,Sales Manager,5,True,Task completion confirmation,Complete or confirm: Review assigned accounts,Employee,Please complete the required onboarding task: Review assigned accounts.,Escalate to the role manager if Review assigned accounts is overdue.,Synthetic role-specific guide,G046,"Account Manager. Review assigned accounts. Review assigned customers, contracts and active priorities.. Owner: Sales Manager."
G046,Account Manager,Sales,Individual Contributor,Business,G046-T18,18,Role Setup,Customer Process,Review account escalation process,Review approved customer issue and escalation procedures.,Employee,Sales Manager,5,True,Task completion confirmation,Complete or confirm: Review account escalation process,Employee,Please complete the required onboarding task: Review account escalation process.,Escalate to the role manager if Review account escalation process is overdue.,Synthetic role-specific guide,G046,Account Manager. Review account escalation process. Review approved customer issue and escalation procedures.. Owner: Sales Manager.
G047,Customer Success Manager,Customer Success,Manager,Business,G047-T01,1,Preboarding,Identity & Compliance,Submit identity verification documents,Upload the required identity documents for employment verification.,Employee,HR,0,True,Identity documents submitted,Request the missing identity document,HR,Please submit the missing identity document.,Escalate to HR if not submitted within 2 business days.,Synthetic onboarding guide,G047,Customer Success Manager. Submit identity verification documents. Upload the required identity documents for employment verification.. Owner: HR.
G047,Customer Success Manager,Customer Success,Manager,Business,G047-T02,2,Preboarding,Employment,Review and sign employment agreement,Review the employment agreement and electronically sign it before the joining date.,Employee,HR,0,True,Signed employment agreement,Complete and sign the employment agreement,HR,Please review and sign your employment agreement.,Escalate to HR if signature is overdue.,Synthetic onboarding guide,G047,Customer Success Manager. Review and sign employment agreement. Review the employment agreement and electronically sign it before the joining date.. Owner: HR.
G047,Customer Success Manager,Customer Success,Manager,Business,G047-T03,3,Preboarding,Payroll,Submit payroll and bank information,Provide the approved payroll information required to process salary payments.,Employee,Finance/HR,1,True,Payroll information submitted,Submit the missing payroll information,Employee,Please complete your payroll information.,Escalate to HR if payroll information remains missing.,Synthetic onboarding guide,G047,Customer Success Manager. Submit payroll and bank information. Provide the approved payroll information required to process salary payments.. Owner: Finance/HR.
G047,Customer Success Manager,Customer Success,Manager,Business,G047-T04,4,Preboarding,HR Forms,Complete employee information form,Complete required employee profile and emergency-contact information using the onboarding form.,Employee,HR,1,True,Completed HR form,Complete the employee information form,Employee,Please complete your employee information form.,Escalate to HR if incomplete.,Synthetic onboarding guide,G047,Customer Success Manager. Complete employee information form. Complete required employee profile and emergency-contact information using the onboarding form.. Owner: HR.
G047,Customer Success Manager,Customer Success,Manager,Business,G047-T05,5,Preboarding,Policy,Acknowledge company policies,Review and acknowledge the required employee policies and code of conduct.,Employee,HR,2,True,Policy acknowledgement,Review and acknowledge required policies,Employee,Please review and acknowledge the required policies.,Escalate to HR if acknowledgement is overdue.,Synthetic onboarding guide,G047,Customer Success Manager. Acknowledge company policies. Review and acknowledge the required employee policies and code of conduct.. Owner: HR.
G047,Customer Success Manager,Customer Success,Manager,Business,G047-T06,6,Preboarding,IT Access,Create company email account,IT creates the employee's corporate email account and confirms activation.,IT,IT,1,True,Email activation confirmation,IT should create and activate the company email,IT,IT has been asked to activate your company email.,Escalate to IT if activation is overdue.,Synthetic onboarding guide,G047,Customer Success Manager. Create company email account. IT creates the employee's corporate email account and confirms activation.. Owner: IT.
G047,Customer Success Manager,Customer Success,Manager,Business,G047-T07,7,Preboarding,IT Equipment,Provision laptop/workstation,IT prepares the approved laptop or workstation and records the device assignment.,IT,IT,2,True,Device assignment confirmation,IT should provision and assign the workstation,IT,IT needs to complete your workstation setup.,Escalate to IT if provisioning is overdue.,Synthetic onboarding guide,G047,Customer Success Manager. Provision laptop/workstation. IT prepares the approved laptop or workstation and records the device assignment.. Owner: IT.
G047,Customer Success Manager,Customer Success,Manager,Business,G047-T08,8,Preboarding,Access Management,Provision standard system access,IT provisions the standard applications and access required for the employee's role.,IT,IT,2,True,Access provisioning record,IT should provision standard role access,IT,Your standard system access is being prepared.,Escalate to IT if access is overdue.,Synthetic onboarding guide,G047,Customer Success Manager. Provision standard system access. IT provisions the standard applications and access required for the employee's role.. Owner: IT.
G047,Customer Success Manager,Customer Success,Manager,Business,G047-T09,9,Day 1,Orientation,Attend company orientation,"Attend the company orientation covering organization, workplace practices and key contacts.",Employee,HR,0,True,Orientation attendance,Attend the company orientation,Employee,Please attend your scheduled company orientation.,Escalate to HR if attendance is missing.,Synthetic onboarding guide,G047,"Customer Success Manager. Attend company orientation. Attend the company orientation covering organization, workplace practices and key contacts.. Owner: HR."
G047,Customer Success Manager,Customer Success,Manager,Business,G047-T10,10,Day 1,Security,Complete security awareness training,Complete mandatory security and acceptable-use training before full access is granted.,Employee,Security,1,True,Training completion record,Complete security awareness training,Employee,Please complete the required security training.,Escalate to Security/HR if overdue.,Synthetic onboarding guide,G047,Customer Success Manager. Complete security awareness training. Complete mandatory security and acceptable-use training before full access is granted.. Owner: Security.
G047,Customer Success Manager,Customer Success,Manager,Business,G047-T11,11,Day 1,Manager Setup,Meet reporting manager,Attend the initial meeting with the reporting manager to review responsibilities and first-week priorities.,Employee,Manager,1,True,Manager meeting confirmation,Complete the manager onboarding meeting,Employee,Please attend your manager onboarding meeting.,Escalate to the manager if not scheduled.,Synthetic onboarding guide,G047,Customer Success Manager. Meet reporting manager. Attend the initial meeting with the reporting manager to review responsibilities and first-week priorities.. Owner: Manager.
G047,Customer Success Manager,Customer Success,Manager,Business,G047-T12,12,Week 1,Team Integration,Complete team introduction,Meet key team members and understand team communication and collaboration practices.,Employee,Manager,3,True,Team introduction confirmation,Complete the team introduction activities,Employee,Please complete your team introductions.,Escalate to manager if not completed.,Synthetic onboarding guide,G047,Customer Success Manager. Complete team introduction. Meet key team members and understand team communication and collaboration practices.. Owner: Manager.
G047,Customer Success Manager,Customer Success,Manager,Business,G047-T13,13,Week 1,Onboarding Plan,Review role-specific onboarding plan,"Review the role-specific responsibilities, tools, goals and onboarding expectations with the manager.",Employee,Manager,5,True,Onboarding plan acknowledgement,Review the role-specific onboarding plan,Employee,Please review your role-specific onboarding plan.,Escalate to manager if incomplete.,Synthetic onboarding guide,G047,"Customer Success Manager. Review role-specific onboarding plan. Review the role-specific responsibilities, tools, goals and onboarding expectations with the manager.. Owner: Manager."
G047,Customer Success Manager,Customer Success,Manager,Business,G047-T14,14,Week 1,Access Management,Confirm required access,Employee confirms that all required systems and applications are accessible and reports missing access.,Employee,IT,5,True,Access confirmation or access issue,Confirm required system access,Employee,Please confirm that you can access the required systems.,Escalate missing access to IT.,Synthetic onboarding guide,G047,Customer Success Manager. Confirm required access. Employee confirms that all required systems and applications are accessible and reports missing access.. Owner: IT.
G047,Customer Success Manager,Customer Success,Manager,Business,G047-T15,15,Week 2,Manager Setup,Complete first-week check-in,"Complete a structured check-in with the manager to review progress, blockers and next priorities.",Employee,Manager,7,True,Check-in confirmation,Complete the manager check-in,Employee,Please complete your first-week manager check-in.,Escalate to manager if not completed.,Synthetic onboarding guide,G047,"Customer Success Manager. Complete first-week check-in. Complete a structured check-in with the manager to review progress, blockers and next priorities.. Owner: Manager."
G047,Customer Success Manager,Customer Success,Manager,Business,G047-T16,16,Role Setup,Customer Tools,Get customer success platform access,Receive access to approved customer success tools.,IT,IT,3,True,Task completion confirmation,Complete or confirm: Get customer success platform access,IT,Please complete the required onboarding task: Get customer success platform access.,Escalate to the role manager if Get customer success platform access is overdue.,Synthetic role-specific guide,G047,Customer Success Manager. Get customer success platform access. Receive access to approved customer success tools.. Owner: IT.
G047,Customer Success Manager,Customer Success,Manager,Business,G047-T17,17,Role Setup,Customer Knowledge,Review customer portfolio,"Review assigned customers, health indicators and priorities.",Employee,CS Director,5,True,Task completion confirmation,Complete or confirm: Review customer portfolio,Employee,Please complete the required onboarding task: Review customer portfolio.,Escalate to the role manager if Review customer portfolio is overdue.,Synthetic role-specific guide,G047,"Customer Success Manager. Review customer portfolio. Review assigned customers, health indicators and priorities.. Owner: CS Director."
G047,Customer Success Manager,Customer Success,Manager,Business,G047-T18,18,Role Setup,Success Process,Review customer success workflow,"Review onboarding, adoption, renewal and escalation processes.",Employee,CS Director,5,True,Task completion confirmation,Complete or confirm: Review customer success workflow,Employee,Please complete the required onboarding task: Review customer success workflow.,Escalate to the role manager if Review customer success workflow is overdue.,Synthetic role-specific guide,G047,"Customer Success Manager. Review customer success workflow. Review onboarding, adoption, renewal and escalation processes.. Owner: CS Director."
G048,Customer Support Specialist,Customer Support,Individual Contributor,Business,G048-T01,1,Preboarding,Identity & Compliance,Submit identity verification documents,Upload the required identity documents for employment verification.,Employee,HR,0,True,Identity documents submitted,Request the missing identity document,HR,Please submit the missing identity document.,Escalate to HR if not submitted within 2 business days.,Synthetic onboarding guide,G048,Customer Support Specialist. Submit identity verification documents. Upload the required identity documents for employment verification.. Owner: HR.
G048,Customer Support Specialist,Customer Support,Individual Contributor,Business,G048-T02,2,Preboarding,Employment,Review and sign employment agreement,Review the employment agreement and electronically sign it before the joining date.,Employee,HR,0,True,Signed employment agreement,Complete and sign the employment agreement,HR,Please review and sign your employment agreement.,Escalate to HR if signature is overdue.,Synthetic onboarding guide,G048,Customer Support Specialist. Review and sign employment agreement. Review the employment agreement and electronically sign it before the joining date.. Owner: HR.
G048,Customer Support Specialist,Customer Support,Individual Contributor,Business,G048-T03,3,Preboarding,Payroll,Submit payroll and bank information,Provide the approved payroll information required to process salary payments.,Employee,Finance/HR,1,True,Payroll information submitted,Submit the missing payroll information,Employee,Please complete your payroll information.,Escalate to HR if payroll information remains missing.,Synthetic onboarding guide,G048,Customer Support Specialist. Submit payroll and bank information. Provide the approved payroll information required to process salary payments.. Owner: Finance/HR.
G048,Customer Support Specialist,Customer Support,Individual Contributor,Business,G048-T04,4,Preboarding,HR Forms,Complete employee information form,Complete required employee profile and emergency-contact information using the onboarding form.,Employee,HR,1,True,Completed HR form,Complete the employee information form,Employee,Please complete your employee information form.,Escalate to HR if incomplete.,Synthetic onboarding guide,G048,Customer Support Specialist. Complete employee information form. Complete required employee profile and emergency-contact information using the onboarding form.. Owner: HR.
G048,Customer Support Specialist,Customer Support,Individual Contributor,Business,G048-T05,5,Preboarding,Policy,Acknowledge company policies,Review and acknowledge the required employee policies and code of conduct.,Employee,HR,2,True,Policy acknowledgement,Review and acknowledge required policies,Employee,Please review and acknowledge the required policies.,Escalate to HR if acknowledgement is overdue.,Synthetic onboarding guide,G048,Customer Support Specialist. Acknowledge company policies. Review and acknowledge the required employee policies and code of conduct.. Owner: HR.
G048,Customer Support Specialist,Customer Support,Individual Contributor,Business,G048-T06,6,Preboarding,IT Access,Create company email account,IT creates the employee's corporate email account and confirms activation.,IT,IT,1,True,Email activation confirmation,IT should create and activate the company email,IT,IT has been asked to activate your company email.,Escalate to IT if activation is overdue.,Synthetic onboarding guide,G048,Customer Support Specialist. Create company email account. IT creates the employee's corporate email account and confirms activation.. Owner: IT.
G048,Customer Support Specialist,Customer Support,Individual Contributor,Business,G048-T07,7,Preboarding,IT Equipment,Provision laptop/workstation,IT prepares the approved laptop or workstation and records the device assignment.,IT,IT,2,True,Device assignment confirmation,IT should provision and assign the workstation,IT,IT needs to complete your workstation setup.,Escalate to IT if provisioning is overdue.,Synthetic onboarding guide,G048,Customer Support Specialist. Provision laptop/workstation. IT prepares the approved laptop or workstation and records the device assignment.. Owner: IT.
G048,Customer Support Specialist,Customer Support,Individual Contributor,Business,G048-T08,8,Preboarding,Access Management,Provision standard system access,IT provisions the standard applications and access required for the employee's role.,IT,IT,2,True,Access provisioning record,IT should provision standard role access,IT,Your standard system access is being prepared.,Escalate to IT if access is overdue.,Synthetic onboarding guide,G048,Customer Support Specialist. Provision standard system access. IT provisions the standard applications and access required for the employee's role.. Owner: IT.
G048,Customer Support Specialist,Customer Support,Individual Contributor,Business,G048-T09,9,Day 1,Orientation,Attend company orientation,"Attend the company orientation covering organization, workplace practices and key contacts.",Employee,HR,0,True,Orientation attendance,Attend the company orientation,Employee,Please attend your scheduled company orientation.,Escalate to HR if attendance is missing.,Synthetic onboarding guide,G048,"Customer Support Specialist. Attend company orientation. Attend the company orientation covering organization, workplace practices and key contacts.. Owner: HR."
G048,Customer Support Specialist,Customer Support,Individual Contributor,Business,G048-T10,10,Day 1,Security,Complete security awareness training,Complete mandatory security and acceptable-use training before full access is granted.,Employee,Security,1,True,Training completion record,Complete security awareness training,Employee,Please complete the required security training.,Escalate to Security/HR if overdue.,Synthetic onboarding guide,G048,Customer Support Specialist. Complete security awareness training. Complete mandatory security and acceptable-use training before full access is granted.. Owner: Security.
G048,Customer Support Specialist,Customer Support,Individual Contributor,Business,G048-T11,11,Day 1,Manager Setup,Meet reporting manager,Attend the initial meeting with the reporting manager to review responsibilities and first-week priorities.,Employee,Manager,1,True,Manager meeting confirmation,Complete the manager onboarding meeting,Employee,Please attend your manager onboarding meeting.,Escalate to the manager if not scheduled.,Synthetic onboarding guide,G048,Customer Support Specialist. Meet reporting manager. Attend the initial meeting with the reporting manager to review responsibilities and first-week priorities.. Owner: Manager.
G048,Customer Support Specialist,Customer Support,Individual Contributor,Business,G048-T12,12,Week 1,Team Integration,Complete team introduction,Meet key team members and understand team communication and collaboration practices.,Employee,Manager,3,True,Team introduction confirmation,Complete the team introduction activities,Employee,Please complete your team introductions.,Escalate to manager if not completed.,Synthetic onboarding guide,G048,Customer Support Specialist. Complete team introduction. Meet key team members and understand team communication and collaboration practices.. Owner: Manager.
G048,Customer Support Specialist,Customer Support,Individual Contributor,Business,G048-T13,13,Week 1,Onboarding Plan,Review role-specific onboarding plan,"Review the role-specific responsibilities, tools, goals and onboarding expectations with the manager.",Employee,Manager,5,True,Onboarding plan acknowledgement,Review the role-specific onboarding plan,Employee,Please review your role-specific onboarding plan.,Escalate to manager if incomplete.,Synthetic onboarding guide,G048,"Customer Support Specialist. Review role-specific onboarding plan. Review the role-specific responsibilities, tools, goals and onboarding expectations with the manager.. Owner: Manager."
G048,Customer Support Specialist,Customer Support,Individual Contributor,Business,G048-T14,14,Week 1,Access Management,Confirm required access,Employee confirms that all required systems and applications are accessible and reports missing access.,Employee,IT,5,True,Access confirmation or access issue,Confirm required system access,Employee,Please confirm that you can access the required systems.,Escalate missing access to IT.,Synthetic onboarding guide,G048,Customer Support Specialist. Confirm required access. Employee confirms that all required systems and applications are accessible and reports missing access.. Owner: IT.
G048,Customer Support Specialist,Customer Support,Individual Contributor,Business,G048-T15,15,Week 2,Manager Setup,Complete first-week check-in,"Complete a structured check-in with the manager to review progress, blockers and next priorities.",Employee,Manager,7,True,Check-in confirmation,Complete the manager check-in,Employee,Please complete your first-week manager check-in.,Escalate to manager if not completed.,Synthetic onboarding guide,G048,"Customer Support Specialist. Complete first-week check-in. Complete a structured check-in with the manager to review progress, blockers and next priorities.. Owner: Manager."
G048,Customer Support Specialist,Customer Support,Individual Contributor,Business,G048-T16,16,Role Setup,Support Tools,Get support platform access,Receive access to approved ticketing and support tools.,IT,IT,3,True,Task completion confirmation,Complete or confirm: Get support platform access,IT,Please complete the required onboarding task: Get support platform access.,Escalate to the role manager if Get support platform access is overdue.,Synthetic role-specific guide,G048,Customer Support Specialist. Get support platform access. Receive access to approved ticketing and support tools.. Owner: IT.
G048,Customer Support Specialist,Customer Support,Individual Contributor,Business,G048-T17,17,Role Setup,Support Knowledge,Review support knowledge base,"Review common issues, approved responses and escalation paths.",Employee,Support Manager,5,True,Task completion confirmation,Complete or confirm: Review support knowledge base,Employee,Please complete the required onboarding task: Review support knowledge base.,Escalate to the role manager if Review support knowledge base is overdue.,Synthetic role-specific guide,G048,"Customer Support Specialist. Review support knowledge base. Review common issues, approved responses and escalation paths.. Owner: Support Manager."
G048,Customer Support Specialist,Customer Support,Individual Contributor,Business,G048-T18,18,Role Setup,Support Process,Review support SLA workflow,"Review ticket priority, response and escalation procedures.",Employee,Support Manager,5,True,Task completion confirmation,Complete or confirm: Review support SLA workflow,Employee,Please complete the required onboarding task: Review support SLA workflow.,Escalate to the role manager if Review support SLA workflow is overdue.,Synthetic role-specific guide,G048,"Customer Support Specialist. Review support SLA workflow. Review ticket priority, response and escalation procedures.. Owner: Support Manager."
G049,Legal Counsel,Legal,Individual Contributor,Business,G049-T01,1,Preboarding,Identity & Compliance,Submit identity verification documents,Upload the required identity documents for employment verification.,Employee,HR,0,True,Identity documents submitted,Request the missing identity document,HR,Please submit the missing identity document.,Escalate to HR if not submitted within 2 business days.,Synthetic onboarding guide,G049,Legal Counsel. Submit identity verification documents. Upload the required identity documents for employment verification.. Owner: HR.
G049,Legal Counsel,Legal,Individual Contributor,Business,G049-T02,2,Preboarding,Employment,Review and sign employment agreement,Review the employment agreement and electronically sign it before the joining date.,Employee,HR,0,True,Signed employment agreement,Complete and sign the employment agreement,HR,Please review and sign your employment agreement.,Escalate to HR if signature is overdue.,Synthetic onboarding guide,G049,Legal Counsel. Review and sign employment agreement. Review the employment agreement and electronically sign it before the joining date.. Owner: HR.
G049,Legal Counsel,Legal,Individual Contributor,Business,G049-T03,3,Preboarding,Payroll,Submit payroll and bank information,Provide the approved payroll information required to process salary payments.,Employee,Finance/HR,1,True,Payroll information submitted,Submit the missing payroll information,Employee,Please complete your payroll information.,Escalate to HR if payroll information remains missing.,Synthetic onboarding guide,G049,Legal Counsel. Submit payroll and bank information. Provide the approved payroll information required to process salary payments.. Owner: Finance/HR.
G049,Legal Counsel,Legal,Individual Contributor,Business,G049-T04,4,Preboarding,HR Forms,Complete employee information form,Complete required employee profile and emergency-contact information using the onboarding form.,Employee,HR,1,True,Completed HR form,Complete the employee information form,Employee,Please complete your employee information form.,Escalate to HR if incomplete.,Synthetic onboarding guide,G049,Legal Counsel. Complete employee information form. Complete required employee profile and emergency-contact information using the onboarding form.. Owner: HR.
G049,Legal Counsel,Legal,Individual Contributor,Business,G049-T05,5,Preboarding,Policy,Acknowledge company policies,Review and acknowledge the required employee policies and code of conduct.,Employee,HR,2,True,Policy acknowledgement,Review and acknowledge required policies,Employee,Please review and acknowledge the required policies.,Escalate to HR if acknowledgement is overdue.,Synthetic onboarding guide,G049,Legal Counsel. Acknowledge company policies. Review and acknowledge the required employee policies and code of conduct.. Owner: HR.
G049,Legal Counsel,Legal,Individual Contributor,Business,G049-T06,6,Preboarding,IT Access,Create company email account,IT creates the employee's corporate email account and confirms activation.,IT,IT,1,True,Email activation confirmation,IT should create and activate the company email,IT,IT has been asked to activate your company email.,Escalate to IT if activation is overdue.,Synthetic onboarding guide,G049,Legal Counsel. Create company email account. IT creates the employee's corporate email account and confirms activation.. Owner: IT.
G049,Legal Counsel,Legal,Individual Contributor,Business,G049-T07,7,Preboarding,IT Equipment,Provision laptop/workstation,IT prepares the approved laptop or workstation and records the device assignment.,IT,IT,2,True,Device assignment confirmation,IT should provision and assign the workstation,IT,IT needs to complete your workstation setup.,Escalate to IT if provisioning is overdue.,Synthetic onboarding guide,G049,Legal Counsel. Provision laptop/workstation. IT prepares the approved laptop or workstation and records the device assignment.. Owner: IT.
G049,Legal Counsel,Legal,Individual Contributor,Business,G049-T08,8,Preboarding,Access Management,Provision standard system access,IT provisions the standard applications and access required for the employee's role.,IT,IT,2,True,Access provisioning record,IT should provision standard role access,IT,Your standard system access is being prepared.,Escalate to IT if access is overdue.,Synthetic onboarding guide,G049,Legal Counsel. Provision standard system access. IT provisions the standard applications and access required for the employee's role.. Owner: IT.
G049,Legal Counsel,Legal,Individual Contributor,Business,G049-T09,9,Day 1,Orientation,Attend company orientation,"Attend the company orientation covering organization, workplace practices and key contacts.",Employee,HR,0,True,Orientation attendance,Attend the company orientation,Employee,Please attend your scheduled company orientation.,Escalate to HR if attendance is missing.,Synthetic onboarding guide,G049,"Legal Counsel. Attend company orientation. Attend the company orientation covering organization, workplace practices and key contacts.. Owner: HR."
G049,Legal Counsel,Legal,Individual Contributor,Business,G049-T10,10,Day 1,Security,Complete security awareness training,Complete mandatory security and acceptable-use training before full access is granted.,Employee,Security,1,True,Training completion record,Complete security awareness training,Employee,Please complete the required security training.,Escalate to Security/HR if overdue.,Synthetic onboarding guide,G049,Legal Counsel. Complete security awareness training. Complete mandatory security and acceptable-use training before full access is granted.. Owner: Security.
G049,Legal Counsel,Legal,Individual Contributor,Business,G049-T11,11,Day 1,Manager Setup,Meet reporting manager,Attend the initial meeting with the reporting manager to review responsibilities and first-week priorities.,Employee,Manager,1,True,Manager meeting confirmation,Complete the manager onboarding meeting,Employee,Please attend your manager onboarding meeting.,Escalate to the manager if not scheduled.,Synthetic onboarding guide,G049,Legal Counsel. Meet reporting manager. Attend the initial meeting with the reporting manager to review responsibilities and first-week priorities.. Owner: Manager.
G049,Legal Counsel,Legal,Individual Contributor,Business,G049-T12,12,Week 1,Team Integration,Complete team introduction,Meet key team members and understand team communication and collaboration practices.,Employee,Manager,3,True,Team introduction confirmation,Complete the team introduction activities,Employee,Please complete your team introductions.,Escalate to manager if not completed.,Synthetic onboarding guide,G049,Legal Counsel. Complete team introduction. Meet key team members and understand team communication and collaboration practices.. Owner: Manager.
G049,Legal Counsel,Legal,Individual Contributor,Business,G049-T13,13,Week 1,Onboarding Plan,Review role-specific onboarding plan,"Review the role-specific responsibilities, tools, goals and onboarding expectations with the manager.",Employee,Manager,5,True,Onboarding plan acknowledgement,Review the role-specific onboarding plan,Employee,Please review your role-specific onboarding plan.,Escalate to manager if incomplete.,Synthetic onboarding guide,G049,"Legal Counsel. Review role-specific onboarding plan. Review the role-specific responsibilities, tools, goals and onboarding expectations with the manager.. Owner: Manager."
G049,Legal Counsel,Legal,Individual Contributor,Business,G049-T14,14,Week 1,Access Management,Confirm required access,Employee confirms that all required systems and applications are accessible and reports missing access.,Employee,IT,5,True,Access confirmation or access issue,Confirm required system access,Employee,Please confirm that you can access the required systems.,Escalate missing access to IT.,Synthetic onboarding guide,G049,Legal Counsel. Confirm required access. Employee confirms that all required systems and applications are accessible and reports missing access.. Owner: IT.
G049,Legal Counsel,Legal,Individual Contributor,Business,G049-T15,15,Week 2,Manager Setup,Complete first-week check-in,"Complete a structured check-in with the manager to review progress, blockers and next priorities.",Employee,Manager,7,True,Check-in confirmation,Complete the manager check-in,Employee,Please complete your first-week manager check-in.,Escalate to manager if not completed.,Synthetic onboarding guide,G049,"Legal Counsel. Complete first-week check-in. Complete a structured check-in with the manager to review progress, blockers and next priorities.. Owner: Manager."
G049,Legal Counsel,Legal,Individual Contributor,Business,G049-T16,16,Role Setup,Legal Systems,Get legal document access,Receive approved access to legal repositories and tools.,IT,IT,3,True,Task completion confirmation,Complete or confirm: Get legal document access,IT,Please complete the required onboarding task: Get legal document access.,Escalate to the role manager if Get legal document access is overdue.,Synthetic role-specific guide,G049,Legal Counsel. Get legal document access. Receive approved access to legal repositories and tools.. Owner: IT.
G049,Legal Counsel,Legal,Individual Contributor,Business,G049-T17,17,Role Setup,Legal Knowledge,Review active matters,"Review assigned legal matters, stakeholders and priorities.",Employee,General Counsel,5,True,Task completion confirmation,Complete or confirm: Review active matters,Employee,Please complete the required onboarding task: Review active matters.,Escalate to the role manager if Review active matters is overdue.,Synthetic role-specific guide,G049,"Legal Counsel. Review active matters. Review assigned legal matters, stakeholders and priorities.. Owner: General Counsel."
G049,Legal Counsel,Legal,Individual Contributor,Business,G049-T18,18,Role Setup,Legal Process,Review legal review workflow,"Review approved legal intake, review and escalation procedures.",Employee,General Counsel,5,True,Task completion confirmation,Complete or confirm: Review legal review workflow,Employee,Please complete the required onboarding task: Review legal review workflow.,Escalate to the role manager if Review legal review workflow is overdue.,Synthetic role-specific guide,G049,"Legal Counsel. Review legal review workflow. Review approved legal intake, review and escalation procedures.. Owner: General Counsel."
G050,Compliance Officer,Compliance,Individual Contributor,Business,G050-T01,1,Preboarding,Identity & Compliance,Submit identity verification documents,Upload the required identity documents for employment verification.,Employee,HR,0,True,Identity documents submitted,Request the missing identity document,HR,Please submit the missing identity document.,Escalate to HR if not submitted within 2 business days.,Synthetic onboarding guide,G050,Compliance Officer. Submit identity verification documents. Upload the required identity documents for employment verification.. Owner: HR.
G050,Compliance Officer,Compliance,Individual Contributor,Business,G050-T02,2,Preboarding,Employment,Review and sign employment agreement,Review the employment agreement and electronically sign it before the joining date.,Employee,HR,0,True,Signed employment agreement,Complete and sign the employment agreement,HR,Please review and sign your employment agreement.,Escalate to HR if signature is overdue.,Synthetic onboarding guide,G050,Compliance Officer. Review and sign employment agreement. Review the employment agreement and electronically sign it before the joining date.. Owner: HR.
G050,Compliance Officer,Compliance,Individual Contributor,Business,G050-T03,3,Preboarding,Payroll,Submit payroll and bank information,Provide the approved payroll information required to process salary payments.,Employee,Finance/HR,1,True,Payroll information submitted,Submit the missing payroll information,Employee,Please complete your payroll information.,Escalate to HR if payroll information remains missing.,Synthetic onboarding guide,G050,Compliance Officer. Submit payroll and bank information. Provide the approved payroll information required to process salary payments.. Owner: Finance/HR.
G050,Compliance Officer,Compliance,Individual Contributor,Business,G050-T04,4,Preboarding,HR Forms,Complete employee information form,Complete required employee profile and emergency-contact information using the onboarding form.,Employee,HR,1,True,Completed HR form,Complete the employee information form,Employee,Please complete your employee information form.,Escalate to HR if incomplete.,Synthetic onboarding guide,G050,Compliance Officer. Complete employee information form. Complete required employee profile and emergency-contact information using the onboarding form.. Owner: HR.
G050,Compliance Officer,Compliance,Individual Contributor,Business,G050-T05,5,Preboarding,Policy,Acknowledge company policies,Review and acknowledge the required employee policies and code of conduct.,Employee,HR,2,True,Policy acknowledgement,Review and acknowledge required policies,Employee,Please review and acknowledge the required policies.,Escalate to HR if acknowledgement is overdue.,Synthetic onboarding guide,G050,Compliance Officer. Acknowledge company policies. Review and acknowledge the required employee policies and code of conduct.. Owner: HR.
G050,Compliance Officer,Compliance,Individual Contributor,Business,G050-T06,6,Preboarding,IT Access,Create company email account,IT creates the employee's corporate email account and confirms activation.,IT,IT,1,True,Email activation confirmation,IT should create and activate the company email,IT,IT has been asked to activate your company email.,Escalate to IT if activation is overdue.,Synthetic onboarding guide,G050,Compliance Officer. Create company email account. IT creates the employee's corporate email account and confirms activation.. Owner: IT.
G050,Compliance Officer,Compliance,Individual Contributor,Business,G050-T07,7,Preboarding,IT Equipment,Provision laptop/workstation,IT prepares the approved laptop or workstation and records the device assignment.,IT,IT,2,True,Device assignment confirmation,IT should provision and assign the workstation,IT,IT needs to complete your workstation setup.,Escalate to IT if provisioning is overdue.,Synthetic onboarding guide,G050,Compliance Officer. Provision laptop/workstation. IT prepares the approved laptop or workstation and records the device assignment.. Owner: IT.
G050,Compliance Officer,Compliance,Individual Contributor,Business,G050-T08,8,Preboarding,Access Management,Provision standard system access,IT provisions the standard applications and access required for the employee's role.,IT,IT,2,True,Access provisioning record,IT should provision standard role access,IT,Your standard system access is being prepared.,Escalate to IT if access is overdue.,Synthetic onboarding guide,G050,Compliance Officer. Provision standard system access. IT provisions the standard applications and access required for the employee's role.. Owner: IT.
G050,Compliance Officer,Compliance,Individual Contributor,Business,G050-T09,9,Day 1,Orientation,Attend company orientation,"Attend the company orientation covering organization, workplace practices and key contacts.",Employee,HR,0,True,Orientation attendance,Attend the company orientation,Employee,Please attend your scheduled company orientation.,Escalate to HR if attendance is missing.,Synthetic onboarding guide,G050,"Compliance Officer. Attend company orientation. Attend the company orientation covering organization, workplace practices and key contacts.. Owner: HR."
G050,Compliance Officer,Compliance,Individual Contributor,Business,G050-T10,10,Day 1,Security,Complete security awareness training,Complete mandatory security and acceptable-use training before full access is granted.,Employee,Security,1,True,Training completion record,Complete security awareness training,Employee,Please complete the required security training.,Escalate to Security/HR if overdue.,Synthetic onboarding guide,G050,Compliance Officer. Complete security awareness training. Complete mandatory security and acceptable-use training before full access is granted.. Owner: Security.
G050,Compliance Officer,Compliance,Individual Contributor,Business,G050-T11,11,Day 1,Manager Setup,Meet reporting manager,Attend the initial meeting with the reporting manager to review responsibilities and first-week priorities.,Employee,Manager,1,True,Manager meeting confirmation,Complete the manager onboarding meeting,Employee,Please attend your manager onboarding meeting.,Escalate to the manager if not scheduled.,Synthetic onboarding guide,G050,Compliance Officer. Meet reporting manager. Attend the initial meeting with the reporting manager to review responsibilities and first-week priorities.. Owner: Manager.
G050,Compliance Officer,Compliance,Individual Contributor,Business,G050-T12,12,Week 1,Team Integration,Complete team introduction,Meet key team members and understand team communication and collaboration practices.,Employee,Manager,3,True,Team introduction confirmation,Complete the team introduction activities,Employee,Please complete your team introductions.,Escalate to manager if not completed.,Synthetic onboarding guide,G050,Compliance Officer. Complete team introduction. Meet key team members and understand team communication and collaboration practices.. Owner: Manager.
G050,Compliance Officer,Compliance,Individual Contributor,Business,G050-T13,13,Week 1,Onboarding Plan,Review role-specific onboarding plan,"Review the role-specific responsibilities, tools, goals and onboarding expectations with the manager.",Employee,Manager,5,True,Onboarding plan acknowledgement,Review the role-specific onboarding plan,Employee,Please review your role-specific onboarding plan.,Escalate to manager if incomplete.,Synthetic onboarding guide,G050,"Compliance Officer. Review role-specific onboarding plan. Review the role-specific responsibilities, tools, goals and onboarding expectations with the manager.. Owner: Manager."
G050,Compliance Officer,Compliance,Individual Contributor,Business,G050-T14,14,Week 1,Access Management,Confirm required access,Employee confirms that all required systems and applications are accessible and reports missing access.,Employee,IT,5,True,Access confirmation or access issue,Confirm required system access,Employee,Please confirm that you can access the required systems.,Escalate missing access to IT.,Synthetic onboarding guide,G050,Compliance Officer. Confirm required access. Employee confirms that all required systems and applications are accessible and reports missing access.. Owner: IT.
G050,Compliance Officer,Compliance,Individual Contributor,Business,G050-T15,15,Week 2,Manager Setup,Complete first-week check-in,"Complete a structured check-in with the manager to review progress, blockers and next priorities.",Employee,Manager,7,True,Check-in confirmation,Complete the manager check-in,Employee,Please complete your first-week manager check-in.,Escalate to manager if not completed.,Synthetic onboarding guide,G050,"Compliance Officer. Complete first-week check-in. Complete a structured check-in with the manager to review progress, blockers and next priorities.. Owner: Manager."
G050,Compliance Officer,Compliance,Individual Contributor,Business,G050-T16,16,Role Setup,Compliance Systems,Get compliance system access,Receive approved access to compliance and reporting tools.,IT,IT,3,True,Task completion confirmation,Complete or confirm: Get compliance system access,IT,Please complete the required onboarding task: Get compliance system access.,Escalate to the role manager if Get compliance system access is overdue.,Synthetic role-specific guide,G050,Compliance Officer. Get compliance system access. Receive approved access to compliance and reporting tools.. Owner: IT.
G050,Compliance Officer,Compliance,Individual Contributor,Business,G050-T17,17,Role Setup,Compliance Knowledge,Review compliance obligations,"Review applicable obligations, controls and reporting responsibilities.",Employee,Compliance Manager,5,True,Task completion confirmation,Complete or confirm: Review compliance obligations,Employee,Please complete the required onboarding task: Review compliance obligations.,Escalate to the role manager if Review compliance obligations is overdue.,Synthetic role-specific guide,G050,"Compliance Officer. Review compliance obligations. Review applicable obligations, controls and reporting responsibilities.. Owner: Compliance Manager."
G050,Compliance Officer,Compliance,Individual Contributor,Business,G050-T18,18,Role Setup,Compliance Process,Review issue escalation process,Review approved compliance issue reporting and escalation procedures.,Employee,Compliance Manager,5,True,Task completion confirmation,Complete or confirm: Review issue escalation process,Employee,Please complete the required onboarding task: Review issue escalation process.,Escalate to the role manager if Review issue escalation process is overdue.,Synthetic role-specific guide,G050,Compliance Officer. Review issue escalation process. Review approved compliance issue reporting and escalation procedures.. Owner: Compliance Manager.
G051,Quality Manager,Quality,Manager,Business,G051-T01,1,Preboarding,Identity & Compliance,Submit identity verification documents,Upload the required identity documents for employment verification.,Employee,HR,0,True,Identity documents submitted,Request the missing identity document,HR,Please submit the missing identity document.,Escalate to HR if not submitted within 2 business days.,Synthetic onboarding guide,G051,Quality Manager. Submit identity verification documents. Upload the required identity documents for employment verification.. Owner: HR.
G051,Quality Manager,Quality,Manager,Business,G051-T02,2,Preboarding,Employment,Review and sign employment agreement,Review the employment agreement and electronically sign it before the joining date.,Employee,HR,0,True,Signed employment agreement,Complete and sign the employment agreement,HR,Please review and sign your employment agreement.,Escalate to HR if signature is overdue.,Synthetic onboarding guide,G051,Quality Manager. Review and sign employment agreement. Review the employment agreement and electronically sign it before the joining date.. Owner: HR.
G051,Quality Manager,Quality,Manager,Business,G051-T03,3,Preboarding,Payroll,Submit payroll and bank information,Provide the approved payroll information required to process salary payments.,Employee,Finance/HR,1,True,Payroll information submitted,Submit the missing payroll information,Employee,Please complete your payroll information.,Escalate to HR if payroll information remains missing.,Synthetic onboarding guide,G051,Quality Manager. Submit payroll and bank information. Provide the approved payroll information required to process salary payments.. Owner: Finance/HR.
G051,Quality Manager,Quality,Manager,Business,G051-T04,4,Preboarding,HR Forms,Complete employee information form,Complete required employee profile and emergency-contact information using the onboarding form.,Employee,HR,1,True,Completed HR form,Complete the employee information form,Employee,Please complete your employee information form.,Escalate to HR if incomplete.,Synthetic onboarding guide,G051,Quality Manager. Complete employee information form. Complete required employee profile and emergency-contact information using the onboarding form.. Owner: HR.
G051,Quality Manager,Quality,Manager,Business,G051-T05,5,Preboarding,Policy,Acknowledge company policies,Review and acknowledge the required employee policies and code of conduct.,Employee,HR,2,True,Policy acknowledgement,Review and acknowledge required policies,Employee,Please review and acknowledge the required policies.,Escalate to HR if acknowledgement is overdue.,Synthetic onboarding guide,G051,Quality Manager. Acknowledge company policies. Review and acknowledge the required employee policies and code of conduct.. Owner: HR.
G051,Quality Manager,Quality,Manager,Business,G051-T06,6,Preboarding,IT Access,Create company email account,IT creates the employee's corporate email account and confirms activation.,IT,IT,1,True,Email activation confirmation,IT should create and activate the company email,IT,IT has been asked to activate your company email.,Escalate to IT if activation is overdue.,Synthetic onboarding guide,G051,Quality Manager. Create company email account. IT creates the employee's corporate email account and confirms activation.. Owner: IT.
G051,Quality Manager,Quality,Manager,Business,G051-T07,7,Preboarding,IT Equipment,Provision laptop/workstation,IT prepares the approved laptop or workstation and records the device assignment.,IT,IT,2,True,Device assignment confirmation,IT should provision and assign the workstation,IT,IT needs to complete your workstation setup.,Escalate to IT if provisioning is overdue.,Synthetic onboarding guide,G051,Quality Manager. Provision laptop/workstation. IT prepares the approved laptop or workstation and records the device assignment.. Owner: IT.
G051,Quality Manager,Quality,Manager,Business,G051-T08,8,Preboarding,Access Management,Provision standard system access,IT provisions the standard applications and access required for the employee's role.,IT,IT,2,True,Access provisioning record,IT should provision standard role access,IT,Your standard system access is being prepared.,Escalate to IT if access is overdue.,Synthetic onboarding guide,G051,Quality Manager. Provision standard system access. IT provisions the standard applications and access required for the employee's role.. Owner: IT.
G051,Quality Manager,Quality,Manager,Business,G051-T09,9,Day 1,Orientation,Attend company orientation,"Attend the company orientation covering organization, workplace practices and key contacts.",Employee,HR,0,True,Orientation attendance,Attend the company orientation,Employee,Please attend your scheduled company orientation.,Escalate to HR if attendance is missing.,Synthetic onboarding guide,G051,"Quality Manager. Attend company orientation. Attend the company orientation covering organization, workplace practices and key contacts.. Owner: HR."
G051,Quality Manager,Quality,Manager,Business,G051-T10,10,Day 1,Security,Complete security awareness training,Complete mandatory security and acceptable-use training before full access is granted.,Employee,Security,1,True,Training completion record,Complete security awareness training,Employee,Please complete the required security training.,Escalate to Security/HR if overdue.,Synthetic onboarding guide,G051,Quality Manager. Complete security awareness training. Complete mandatory security and acceptable-use training before full access is granted.. Owner: Security.
G051,Quality Manager,Quality,Manager,Business,G051-T11,11,Day 1,Manager Setup,Meet reporting manager,Attend the initial meeting with the reporting manager to review responsibilities and first-week priorities.,Employee,Manager,1,True,Manager meeting confirmation,Complete the manager onboarding meeting,Employee,Please attend your manager onboarding meeting.,Escalate to the manager if not scheduled.,Synthetic onboarding guide,G051,Quality Manager. Meet reporting manager. Attend the initial meeting with the reporting manager to review responsibilities and first-week priorities.. Owner: Manager.
G051,Quality Manager,Quality,Manager,Business,G051-T12,12,Week 1,Team Integration,Complete team introduction,Meet key team members and understand team communication and collaboration practices.,Employee,Manager,3,True,Team introduction confirmation,Complete the team introduction activities,Employee,Please complete your team introductions.,Escalate to manager if not completed.,Synthetic onboarding guide,G051,Quality Manager. Complete team introduction. Meet key team members and understand team communication and collaboration practices.. Owner: Manager.
G051,Quality Manager,Quality,Manager,Business,G051-T13,13,Week 1,Onboarding Plan,Review role-specific onboarding plan,"Review the role-specific responsibilities, tools, goals and onboarding expectations with the manager.",Employee,Manager,5,True,Onboarding plan acknowledgement,Review the role-specific onboarding plan,Employee,Please review your role-specific onboarding plan.,Escalate to manager if incomplete.,Synthetic onboarding guide,G051,"Quality Manager. Review role-specific onboarding plan. Review the role-specific responsibilities, tools, goals and onboarding expectations with the manager.. Owner: Manager."
G051,Quality Manager,Quality,Manager,Business,G051-T14,14,Week 1,Access Management,Confirm required access,Employee confirms that all required systems and applications are accessible and reports missing access.,Employee,IT,5,True,Access confirmation or access issue,Confirm required system access,Employee,Please confirm that you can access the required systems.,Escalate missing access to IT.,Synthetic onboarding guide,G051,Quality Manager. Confirm required access. Employee confirms that all required systems and applications are accessible and reports missing access.. Owner: IT.
G051,Quality Manager,Quality,Manager,Business,G051-T15,15,Week 2,Manager Setup,Complete first-week check-in,"Complete a structured check-in with the manager to review progress, blockers and next priorities.",Employee,Manager,7,True,Check-in confirmation,Complete the manager check-in,Employee,Please complete your first-week manager check-in.,Escalate to manager if not completed.,Synthetic onboarding guide,G051,"Quality Manager. Complete first-week check-in. Complete a structured check-in with the manager to review progress, blockers and next priorities.. Owner: Manager."
G051,Quality Manager,Quality,Manager,Business,G051-T16,16,Role Setup,Quality Systems,Get quality system access,Receive approved access to quality management tools.,IT,IT,3,True,Task completion confirmation,Complete or confirm: Get quality system access,IT,Please complete the required onboarding task: Get quality system access.,Escalate to the role manager if Get quality system access is overdue.,Synthetic role-specific guide,G051,Quality Manager. Get quality system access. Receive approved access to quality management tools.. Owner: IT.
G051,Quality Manager,Quality,Manager,Business,G051-T17,17,Role Setup,Quality Knowledge,Review quality standards,"Review applicable quality standards, KPIs and controls.",Employee,Quality Director,5,True,Task completion confirmation,Complete or confirm: Review quality standards,Employee,Please complete the required onboarding task: Review quality standards.,Escalate to the role manager if Review quality standards is overdue.,Synthetic role-specific guide,G051,"Quality Manager. Review quality standards. Review applicable quality standards, KPIs and controls.. Owner: Quality Director."
G051,Quality Manager,Quality,Manager,Business,G051-T18,18,Role Setup,Quality Process,Review audit and corrective-action process,"Review approved audit, nonconformance and corrective-action workflows.",Employee,Quality Director,5,True,Task completion confirmation,Complete or confirm: Review audit and corrective-action process,Employee,Please complete the required onboarding task: Review audit and corrective-action process.,Escalate to the role manager if Review audit and corrective-action process is overdue.,Synthetic role-specific guide,G051,"Quality Manager. Review audit and corrective-action process. Review approved audit, nonconformance and corrective-action workflows.. Owner: Quality Director."
G052,Product Designer,Design,Individual Contributor,Creative,G052-T01,1,Preboarding,Identity & Compliance,Submit identity verification documents,Upload the required identity documents for employment verification.,Employee,HR,0,True,Identity documents submitted,Request the missing identity document,HR,Please submit the missing identity document.,Escalate to HR if not submitted within 2 business days.,Synthetic onboarding guide,G052,Product Designer. Submit identity verification documents. Upload the required identity documents for employment verification.. Owner: HR.
G052,Product Designer,Design,Individual Contributor,Creative,G052-T02,2,Preboarding,Employment,Review and sign employment agreement,Review the employment agreement and electronically sign it before the joining date.,Employee,HR,0,True,Signed employment agreement,Complete and sign the employment agreement,HR,Please review and sign your employment agreement.,Escalate to HR if signature is overdue.,Synthetic onboarding guide,G052,Product Designer. Review and sign employment agreement. Review the employment agreement and electronically sign it before the joining date.. Owner: HR.
G052,Product Designer,Design,Individual Contributor,Creative,G052-T03,3,Preboarding,Payroll,Submit payroll and bank information,Provide the approved payroll information required to process salary payments.,Employee,Finance/HR,1,True,Payroll information submitted,Submit the missing payroll information,Employee,Please complete your payroll information.,Escalate to HR if payroll information remains missing.,Synthetic onboarding guide,G052,Product Designer. Submit payroll and bank information. Provide the approved payroll information required to process salary payments.. Owner: Finance/HR.
G052,Product Designer,Design,Individual Contributor,Creative,G052-T04,4,Preboarding,HR Forms,Complete employee information form,Complete required employee profile and emergency-contact information using the onboarding form.,Employee,HR,1,True,Completed HR form,Complete the employee information form,Employee,Please complete your employee information form.,Escalate to HR if incomplete.,Synthetic onboarding guide,G052,Product Designer. Complete employee information form. Complete required employee profile and emergency-contact information using the onboarding form.. Owner: HR.
G052,Product Designer,Design,Individual Contributor,Creative,G052-T05,5,Preboarding,Policy,Acknowledge company policies,Review and acknowledge the required employee policies and code of conduct.,Employee,HR,2,True,Policy acknowledgement,Review and acknowledge required policies,Employee,Please review and acknowledge the required policies.,Escalate to HR if acknowledgement is overdue.,Synthetic onboarding guide,G052,Product Designer. Acknowledge company policies. Review and acknowledge the required employee policies and code of conduct.. Owner: HR.
G052,Product Designer,Design,Individual Contributor,Creative,G052-T06,6,Preboarding,IT Access,Create company email account,IT creates the employee's corporate email account and confirms activation.,IT,IT,1,True,Email activation confirmation,IT should create and activate the company email,IT,IT has been asked to activate your company email.,Escalate to IT if activation is overdue.,Synthetic onboarding guide,G052,Product Designer. Create company email account. IT creates the employee's corporate email account and confirms activation.. Owner: IT.
G052,Product Designer,Design,Individual Contributor,Creative,G052-T07,7,Preboarding,IT Equipment,Provision laptop/workstation,IT prepares the approved laptop or workstation and records the device assignment.,IT,IT,2,True,Device assignment confirmation,IT should provision and assign the workstation,IT,IT needs to complete your workstation setup.,Escalate to IT if provisioning is overdue.,Synthetic onboarding guide,G052,Product Designer. Provision laptop/workstation. IT prepares the approved laptop or workstation and records the device assignment.. Owner: IT.
G052,Product Designer,Design,Individual Contributor,Creative,G052-T08,8,Preboarding,Access Management,Provision standard system access,IT provisions the standard applications and access required for the employee's role.,IT,IT,2,True,Access provisioning record,IT should provision standard role access,IT,Your standard system access is being prepared.,Escalate to IT if access is overdue.,Synthetic onboarding guide,G052,Product Designer. Provision standard system access. IT provisions the standard applications and access required for the employee's role.. Owner: IT.
G052,Product Designer,Design,Individual Contributor,Creative,G052-T09,9,Day 1,Orientation,Attend company orientation,"Attend the company orientation covering organization, workplace practices and key contacts.",Employee,HR,0,True,Orientation attendance,Attend the company orientation,Employee,Please attend your scheduled company orientation.,Escalate to HR if attendance is missing.,Synthetic onboarding guide,G052,"Product Designer. Attend company orientation. Attend the company orientation covering organization, workplace practices and key contacts.. Owner: HR."
G052,Product Designer,Design,Individual Contributor,Creative,G052-T10,10,Day 1,Security,Complete security awareness training,Complete mandatory security and acceptable-use training before full access is granted.,Employee,Security,1,True,Training completion record,Complete security awareness training,Employee,Please complete the required security training.,Escalate to Security/HR if overdue.,Synthetic onboarding guide,G052,Product Designer. Complete security awareness training. Complete mandatory security and acceptable-use training before full access is granted.. Owner: Security.
G052,Product Designer,Design,Individual Contributor,Creative,G052-T11,11,Day 1,Manager Setup,Meet reporting manager,Attend the initial meeting with the reporting manager to review responsibilities and first-week priorities.,Employee,Manager,1,True,Manager meeting confirmation,Complete the manager onboarding meeting,Employee,Please attend your manager onboarding meeting.,Escalate to the manager if not scheduled.,Synthetic onboarding guide,G052,Product Designer. Meet reporting manager. Attend the initial meeting with the reporting manager to review responsibilities and first-week priorities.. Owner: Manager.
G052,Product Designer,Design,Individual Contributor,Creative,G052-T12,12,Week 1,Team Integration,Complete team introduction,Meet key team members and understand team communication and collaboration practices.,Employee,Manager,3,True,Team introduction confirmation,Complete the team introduction activities,Employee,Please complete your team introductions.,Escalate to manager if not completed.,Synthetic onboarding guide,G052,Product Designer. Complete team introduction. Meet key team members and understand team communication and collaboration practices.. Owner: Manager.
G052,Product Designer,Design,Individual Contributor,Creative,G052-T13,13,Week 1,Onboarding Plan,Review role-specific onboarding plan,"Review the role-specific responsibilities, tools, goals and onboarding expectations with the manager.",Employee,Manager,5,True,Onboarding plan acknowledgement,Review the role-specific onboarding plan,Employee,Please review your role-specific onboarding plan.,Escalate to manager if incomplete.,Synthetic onboarding guide,G052,"Product Designer. Review role-specific onboarding plan. Review the role-specific responsibilities, tools, goals and onboarding expectations with the manager.. Owner: Manager."
G052,Product Designer,Design,Individual Contributor,Creative,G052-T14,14,Week 1,Access Management,Confirm required access,Employee confirms that all required systems and applications are accessible and reports missing access.,Employee,IT,5,True,Access confirmation or access issue,Confirm required system access,Employee,Please confirm that you can access the required systems.,Escalate missing access to IT.,Synthetic onboarding guide,G052,Product Designer. Confirm required access. Employee confirms that all required systems and applications are accessible and reports missing access.. Owner: IT.
G052,Product Designer,Design,Individual Contributor,Creative,G052-T15,15,Week 2,Manager Setup,Complete first-week check-in,"Complete a structured check-in with the manager to review progress, blockers and next priorities.",Employee,Manager,7,True,Check-in confirmation,Complete the manager check-in,Employee,Please complete your first-week manager check-in.,Escalate to manager if not completed.,Synthetic onboarding guide,G052,"Product Designer. Complete first-week check-in. Complete a structured check-in with the manager to review progress, blockers and next priorities.. Owner: Manager."
G052,Product Designer,Design,Individual Contributor,Creative,G052-T16,16,Role Setup,Design Access,Get product design workspace access,Receive access to approved design and collaboration tools.,IT,IT,3,True,Task completion confirmation,Complete or confirm: Get product design workspace access,IT,Please complete the required onboarding task: Get product design workspace access.,Escalate to the role manager if Get product design workspace access is overdue.,Synthetic role-specific guide,G052,Product Designer. Get product design workspace access. Receive access to approved design and collaboration tools.. Owner: IT.
G052,Product Designer,Design,Individual Contributor,Creative,G052-T17,17,Role Setup,Product Knowledge,Review product roadmap,"Review product priorities, user needs and design milestones.",Employee,Design Manager,5,True,Task completion confirmation,Complete or confirm: Review product roadmap,Employee,Please complete the required onboarding task: Review product roadmap.,Escalate to the role manager if Review product roadmap is overdue.,Synthetic role-specific guide,G052,"Product Designer. Review product roadmap. Review product priorities, user needs and design milestones.. Owner: Design Manager."
G052,Product Designer,Design,Individual Contributor,Creative,G052-T18,18,Role Setup,Design System,Review product design system,Review approved design components and accessibility standards.,Employee,Design Manager,5,True,Task completion confirmation,Complete or confirm: Review product design system,Employee,Please complete the required onboarding task: Review product design system.,Escalate to the role manager if Review product design system is overdue.,Synthetic role-specific guide,G052,Product Designer. Review product design system. Review approved design components and accessibility standards.. Owner: Design Manager.
G053,Scrum Master,Project Management,Individual Contributor,Business,G053-T01,1,Preboarding,Identity & Compliance,Submit identity verification documents,Upload the required identity documents for employment verification.,Employee,HR,0,True,Identity documents submitted,Request the missing identity document,HR,Please submit the missing identity document.,Escalate to HR if not submitted within 2 business days.,Synthetic onboarding guide,G053,Scrum Master. Submit identity verification documents. Upload the required identity documents for employment verification.. Owner: HR.
G053,Scrum Master,Project Management,Individual Contributor,Business,G053-T02,2,Preboarding,Employment,Review and sign employment agreement,Review the employment agreement and electronically sign it before the joining date.,Employee,HR,0,True,Signed employment agreement,Complete and sign the employment agreement,HR,Please review and sign your employment agreement.,Escalate to HR if signature is overdue.,Synthetic onboarding guide,G053,Scrum Master. Review and sign employment agreement. Review the employment agreement and electronically sign it before the joining date.. Owner: HR.
G053,Scrum Master,Project Management,Individual Contributor,Business,G053-T03,3,Preboarding,Payroll,Submit payroll and bank information,Provide the approved payroll information required to process salary payments.,Employee,Finance/HR,1,True,Payroll information submitted,Submit the missing payroll information,Employee,Please complete your payroll information.,Escalate to HR if payroll information remains missing.,Synthetic onboarding guide,G053,Scrum Master. Submit payroll and bank information. Provide the approved payroll information required to process salary payments.. Owner: Finance/HR.
G053,Scrum Master,Project Management,Individual Contributor,Business,G053-T04,4,Preboarding,HR Forms,Complete employee information form,Complete required employee profile and emergency-contact information using the onboarding form.,Employee,HR,1,True,Completed HR form,Complete the employee information form,Employee,Please complete your employee information form.,Escalate to HR if incomplete.,Synthetic onboarding guide,G053,Scrum Master. Complete employee information form. Complete required employee profile and emergency-contact information using the onboarding form.. Owner: HR.
G053,Scrum Master,Project Management,Individual Contributor,Business,G053-T05,5,Preboarding,Policy,Acknowledge company policies,Review and acknowledge the required employee policies and code of conduct.,Employee,HR,2,True,Policy acknowledgement,Review and acknowledge required policies,Employee,Please review and acknowledge the required policies.,Escalate to HR if acknowledgement is overdue.,Synthetic onboarding guide,G053,Scrum Master. Acknowledge company policies. Review and acknowledge the required employee policies and code of conduct.. Owner: HR.
G053,Scrum Master,Project Management,Individual Contributor,Business,G053-T06,6,Preboarding,IT Access,Create company email account,IT creates the employee's corporate email account and confirms activation.,IT,IT,1,True,Email activation confirmation,IT should create and activate the company email,IT,IT has been asked to activate your company email.,Escalate to IT if activation is overdue.,Synthetic onboarding guide,G053,Scrum Master. Create company email account. IT creates the employee's corporate email account and confirms activation.. Owner: IT.
G053,Scrum Master,Project Management,Individual Contributor,Business,G053-T07,7,Preboarding,IT Equipment,Provision laptop/workstation,IT prepares the approved laptop or workstation and records the device assignment.,IT,IT,2,True,Device assignment confirmation,IT should provision and assign the workstation,IT,IT needs to complete your workstation setup.,Escalate to IT if provisioning is overdue.,Synthetic onboarding guide,G053,Scrum Master. Provision laptop/workstation. IT prepares the approved laptop or workstation and records the device assignment.. Owner: IT.
G053,Scrum Master,Project Management,Individual Contributor,Business,G053-T08,8,Preboarding,Access Management,Provision standard system access,IT provisions the standard applications and access required for the employee's role.,IT,IT,2,True,Access provisioning record,IT should provision standard role access,IT,Your standard system access is being prepared.,Escalate to IT if access is overdue.,Synthetic onboarding guide,G053,Scrum Master. Provision standard system access. IT provisions the standard applications and access required for the employee's role.. Owner: IT.
G053,Scrum Master,Project Management,Individual Contributor,Business,G053-T09,9,Day 1,Orientation,Attend company orientation,"Attend the company orientation covering organization, workplace practices and key contacts.",Employee,HR,0,True,Orientation attendance,Attend the company orientation,Employee,Please attend your scheduled company orientation.,Escalate to HR if attendance is missing.,Synthetic onboarding guide,G053,"Scrum Master. Attend company orientation. Attend the company orientation covering organization, workplace practices and key contacts.. Owner: HR."
G053,Scrum Master,Project Management,Individual Contributor,Business,G053-T10,10,Day 1,Security,Complete security awareness training,Complete mandatory security and acceptable-use training before full access is granted.,Employee,Security,1,True,Training completion record,Complete security awareness training,Employee,Please complete the required security training.,Escalate to Security/HR if overdue.,Synthetic onboarding guide,G053,Scrum Master. Complete security awareness training. Complete mandatory security and acceptable-use training before full access is granted.. Owner: Security.
G053,Scrum Master,Project Management,Individual Contributor,Business,G053-T11,11,Day 1,Manager Setup,Meet reporting manager,Attend the initial meeting with the reporting manager to review responsibilities and first-week priorities.,Employee,Manager,1,True,Manager meeting confirmation,Complete the manager onboarding meeting,Employee,Please attend your manager onboarding meeting.,Escalate to the manager if not scheduled.,Synthetic onboarding guide,G053,Scrum Master. Meet reporting manager. Attend the initial meeting with the reporting manager to review responsibilities and first-week priorities.. Owner: Manager.
G053,Scrum Master,Project Management,Individual Contributor,Business,G053-T12,12,Week 1,Team Integration,Complete team introduction,Meet key team members and understand team communication and collaboration practices.,Employee,Manager,3,True,Team introduction confirmation,Complete the team introduction activities,Employee,Please complete your team introductions.,Escalate to manager if not completed.,Synthetic onboarding guide,G053,Scrum Master. Complete team introduction. Meet key team members and understand team communication and collaboration practices.. Owner: Manager.
G053,Scrum Master,Project Management,Individual Contributor,Business,G053-T13,13,Week 1,Onboarding Plan,Review role-specific onboarding plan,"Review the role-specific responsibilities, tools, goals and onboarding expectations with the manager.",Employee,Manager,5,True,Onboarding plan acknowledgement,Review the role-specific onboarding plan,Employee,Please review your role-specific onboarding plan.,Escalate to manager if incomplete.,Synthetic onboarding guide,G053,"Scrum Master. Review role-specific onboarding plan. Review the role-specific responsibilities, tools, goals and onboarding expectations with the manager.. Owner: Manager."
G053,Scrum Master,Project Management,Individual Contributor,Business,G053-T14,14,Week 1,Access Management,Confirm required access,Employee confirms that all required systems and applications are accessible and reports missing access.,Employee,IT,5,True,Access confirmation or access issue,Confirm required system access,Employee,Please confirm that you can access the required systems.,Escalate missing access to IT.,Synthetic onboarding guide,G053,Scrum Master. Confirm required access. Employee confirms that all required systems and applications are accessible and reports missing access.. Owner: IT.
G053,Scrum Master,Project Management,Individual Contributor,Business,G053-T15,15,Week 2,Manager Setup,Complete first-week check-in,"Complete a structured check-in with the manager to review progress, blockers and next priorities.",Employee,Manager,7,True,Check-in confirmation,Complete the manager check-in,Employee,Please complete your first-week manager check-in.,Escalate to manager if not completed.,Synthetic onboarding guide,G053,"Scrum Master. Complete first-week check-in. Complete a structured check-in with the manager to review progress, blockers and next priorities.. Owner: Manager."
G053,Scrum Master,Project Management,Individual Contributor,Business,G053-T16,16,Role Setup,Agile Tools,Get agile/project workspace access,Receive access to approved agile planning and collaboration tools.,IT,IT,3,True,Task completion confirmation,Complete or confirm: Get agile/project workspace access,IT,Please complete the required onboarding task: Get agile/project workspace access.,Escalate to the role manager if Get agile/project workspace access is overdue.,Synthetic role-specific guide,G053,Scrum Master. Get agile/project workspace access. Receive access to approved agile planning and collaboration tools.. Owner: IT.
G053,Scrum Master,Project Management,Individual Contributor,Business,G053-T17,17,Role Setup,Team Knowledge,Review team sprint workflow,"Review team cadence, ceremonies, blockers and delivery process.",Employee,Engineering Manager,5,True,Task completion confirmation,Complete or confirm: Review team sprint workflow,Employee,Please complete the required onboarding task: Review team sprint workflow.,Escalate to the role manager if Review team sprint workflow is overdue.,Synthetic role-specific guide,G053,"Scrum Master. Review team sprint workflow. Review team cadence, ceremonies, blockers and delivery process.. Owner: Engineering Manager."
G053,Scrum Master,Project Management,Individual Contributor,Business,G053-T18,18,Role Setup,Agile Standards,Review agile working agreements,Review approved team and agile working agreements.,Employee,Engineering Manager,5,True,Task completion confirmation,Complete or confirm: Review agile working agreements,Employee,Please complete the required onboarding task: Review agile working agreements.,Escalate to the role manager if Review agile working agreements is overdue.,Synthetic role-specific guide,G053,Scrum Master. Review agile working agreements. Review approved team and agile working agreements.. Owner: Engineering Manager.
G054,Technical Program Manager,Program Management,Manager,Business,G054-T01,1,Preboarding,Identity & Compliance,Submit identity verification documents,Upload the required identity documents for employment verification.,Employee,HR,0,True,Identity documents submitted,Request the missing identity document,HR,Please submit the missing identity document.,Escalate to HR if not submitted within 2 business days.,Synthetic onboarding guide,G054,Technical Program Manager. Submit identity verification documents. Upload the required identity documents for employment verification.. Owner: HR.
G054,Technical Program Manager,Program Management,Manager,Business,G054-T02,2,Preboarding,Employment,Review and sign employment agreement,Review the employment agreement and electronically sign it before the joining date.,Employee,HR,0,True,Signed employment agreement,Complete and sign the employment agreement,HR,Please review and sign your employment agreement.,Escalate to HR if signature is overdue.,Synthetic onboarding guide,G054,Technical Program Manager. Review and sign employment agreement. Review the employment agreement and electronically sign it before the joining date.. Owner: HR.
G054,Technical Program Manager,Program Management,Manager,Business,G054-T03,3,Preboarding,Payroll,Submit payroll and bank information,Provide the approved payroll information required to process salary payments.,Employee,Finance/HR,1,True,Payroll information submitted,Submit the missing payroll information,Employee,Please complete your payroll information.,Escalate to HR if payroll information remains missing.,Synthetic onboarding guide,G054,Technical Program Manager. Submit payroll and bank information. Provide the approved payroll information required to process salary payments.. Owner: Finance/HR.
G054,Technical Program Manager,Program Management,Manager,Business,G054-T04,4,Preboarding,HR Forms,Complete employee information form,Complete required employee profile and emergency-contact information using the onboarding form.,Employee,HR,1,True,Completed HR form,Complete the employee information form,Employee,Please complete your employee information form.,Escalate to HR if incomplete.,Synthetic onboarding guide,G054,Technical Program Manager. Complete employee information form. Complete required employee profile and emergency-contact information using the onboarding form.. Owner: HR.
G054,Technical Program Manager,Program Management,Manager,Business,G054-T05,5,Preboarding,Policy,Acknowledge company policies,Review and acknowledge the required employee policies and code of conduct.,Employee,HR,2,True,Policy acknowledgement,Review and acknowledge required policies,Employee,Please review and acknowledge the required policies.,Escalate to HR if acknowledgement is overdue.,Synthetic onboarding guide,G054,Technical Program Manager. Acknowledge company policies. Review and acknowledge the required employee policies and code of conduct.. Owner: HR.
G054,Technical Program Manager,Program Management,Manager,Business,G054-T06,6,Preboarding,IT Access,Create company email account,IT creates the employee's corporate email account and confirms activation.,IT,IT,1,True,Email activation confirmation,IT should create and activate the company email,IT,IT has been asked to activate your company email.,Escalate to IT if activation is overdue.,Synthetic onboarding guide,G054,Technical Program Manager. Create company email account. IT creates the employee's corporate email account and confirms activation.. Owner: IT.
G054,Technical Program Manager,Program Management,Manager,Business,G054-T07,7,Preboarding,IT Equipment,Provision laptop/workstation,IT prepares the approved laptop or workstation and records the device assignment.,IT,IT,2,True,Device assignment confirmation,IT should provision and assign the workstation,IT,IT needs to complete your workstation setup.,Escalate to IT if provisioning is overdue.,Synthetic onboarding guide,G054,Technical Program Manager. Provision laptop/workstation. IT prepares the approved laptop or workstation and records the device assignment.. Owner: IT.
G054,Technical Program Manager,Program Management,Manager,Business,G054-T08,8,Preboarding,Access Management,Provision standard system access,IT provisions the standard applications and access required for the employee's role.,IT,IT,2,True,Access provisioning record,IT should provision standard role access,IT,Your standard system access is being prepared.,Escalate to IT if access is overdue.,Synthetic onboarding guide,G054,Technical Program Manager. Provision standard system access. IT provisions the standard applications and access required for the employee's role.. Owner: IT.
G054,Technical Program Manager,Program Management,Manager,Business,G054-T09,9,Day 1,Orientation,Attend company orientation,"Attend the company orientation covering organization, workplace practices and key contacts.",Employee,HR,0,True,Orientation attendance,Attend the company orientation,Employee,Please attend your scheduled company orientation.,Escalate to HR if attendance is missing.,Synthetic onboarding guide,G054,"Technical Program Manager. Attend company orientation. Attend the company orientation covering organization, workplace practices and key contacts.. Owner: HR."
G054,Technical Program Manager,Program Management,Manager,Business,G054-T10,10,Day 1,Security,Complete security awareness training,Complete mandatory security and acceptable-use training before full access is granted.,Employee,Security,1,True,Training completion record,Complete security awareness training,Employee,Please complete the required security training.,Escalate to Security/HR if overdue.,Synthetic onboarding guide,G054,Technical Program Manager. Complete security awareness training. Complete mandatory security and acceptable-use training before full access is granted.. Owner: Security.
G054,Technical Program Manager,Program Management,Manager,Business,G054-T11,11,Day 1,Manager Setup,Meet reporting manager,Attend the initial meeting with the reporting manager to review responsibilities and first-week priorities.,Employee,Manager,1,True,Manager meeting confirmation,Complete the manager onboarding meeting,Employee,Please attend your manager onboarding meeting.,Escalate to the manager if not scheduled.,Synthetic onboarding guide,G054,Technical Program Manager. Meet reporting manager. Attend the initial meeting with the reporting manager to review responsibilities and first-week priorities.. Owner: Manager.
G054,Technical Program Manager,Program Management,Manager,Business,G054-T12,12,Week 1,Team Integration,Complete team introduction,Meet key team members and understand team communication and collaboration practices.,Employee,Manager,3,True,Team introduction confirmation,Complete the team introduction activities,Employee,Please complete your team introductions.,Escalate to manager if not completed.,Synthetic onboarding guide,G054,Technical Program Manager. Complete team introduction. Meet key team members and understand team communication and collaboration practices.. Owner: Manager.
G054,Technical Program Manager,Program Management,Manager,Business,G054-T13,13,Week 1,Onboarding Plan,Review role-specific onboarding plan,"Review the role-specific responsibilities, tools, goals and onboarding expectations with the manager.",Employee,Manager,5,True,Onboarding plan acknowledgement,Review the role-specific onboarding plan,Employee,Please review your role-specific onboarding plan.,Escalate to manager if incomplete.,Synthetic onboarding guide,G054,"Technical Program Manager. Review role-specific onboarding plan. Review the role-specific responsibilities, tools, goals and onboarding expectations with the manager.. Owner: Manager."
G054,Technical Program Manager,Program Management,Manager,Business,G054-T14,14,Week 1,Access Management,Confirm required access,Employee confirms that all required systems and applications are accessible and reports missing access.,Employee,IT,5,True,Access confirmation or access issue,Confirm required system access,Employee,Please confirm that you can access the required systems.,Escalate missing access to IT.,Synthetic onboarding guide,G054,Technical Program Manager. Confirm required access. Employee confirms that all required systems and applications are accessible and reports missing access.. Owner: IT.
G054,Technical Program Manager,Program Management,Manager,Business,G054-T15,15,Week 2,Manager Setup,Complete first-week check-in,"Complete a structured check-in with the manager to review progress, blockers and next priorities.",Employee,Manager,7,True,Check-in confirmation,Complete the manager check-in,Employee,Please complete your first-week manager check-in.,Escalate to manager if not completed.,Synthetic onboarding guide,G054,"Technical Program Manager. Complete first-week check-in. Complete a structured check-in with the manager to review progress, blockers and next priorities.. Owner: Manager."
G054,Technical Program Manager,Program Management,Manager,Business,G054-T16,16,Role Setup,Program Tools,Get program management access,Receive access to approved program planning and tracking tools.,IT,IT,3,True,Task completion confirmation,Complete or confirm: Get program management access,IT,Please complete the required onboarding task: Get program management access.,Escalate to the role manager if Get program management access is overdue.,Synthetic role-specific guide,G054,Technical Program Manager. Get program management access. Receive access to approved program planning and tracking tools.. Owner: IT.
G054,Technical Program Manager,Program Management,Manager,Business,G054-T17,17,Role Setup,Program Knowledge,Review program roadmap,"Review current programs, milestones, dependencies and risks.",Employee,Program Director,5,True,Task completion confirmation,Complete or confirm: Review program roadmap,Employee,Please complete the required onboarding task: Review program roadmap.,Escalate to the role manager if Review program roadmap is overdue.,Synthetic role-specific guide,G054,"Technical Program Manager. Review program roadmap. Review current programs, milestones, dependencies and risks.. Owner: Program Director."
G054,Technical Program Manager,Program Management,Manager,Business,G054-T18,18,Role Setup,Governance,Review program governance process,"Review approved reporting, escalation and decision-making processes.",Employee,Program Director,5,True,Task completion confirmation,Complete or confirm: Review program governance process,Employee,Please complete the required onboarding task: Review program governance process.,Escalate to the role manager if Review program governance process is overdue.,Synthetic role-specific guide,G054,"Technical Program Manager. Review program governance process. Review approved reporting, escalation and decision-making processes.. Owner: Program Director."
G055,Solutions Architect,Architecture,Senior Individual Contributor,Technical,G055-T01,1,Preboarding,Identity & Compliance,Submit identity verification documents,Upload the required identity documents for employment verification.,Employee,HR,0,True,Identity documents submitted,Request the missing identity document,HR,Please submit the missing identity document.,Escalate to HR if not submitted within 2 business days.,Synthetic onboarding guide,G055,Solutions Architect. Submit identity verification documents. Upload the required identity documents for employment verification.. Owner: HR.
G055,Solutions Architect,Architecture,Senior Individual Contributor,Technical,G055-T02,2,Preboarding,Employment,Review and sign employment agreement,Review the employment agreement and electronically sign it before the joining date.,Employee,HR,0,True,Signed employment agreement,Complete and sign the employment agreement,HR,Please review and sign your employment agreement.,Escalate to HR if signature is overdue.,Synthetic onboarding guide,G055,Solutions Architect. Review and sign employment agreement. Review the employment agreement and electronically sign it before the joining date.. Owner: HR.
G055,Solutions Architect,Architecture,Senior Individual Contributor,Technical,G055-T03,3,Preboarding,Payroll,Submit payroll and bank information,Provide the approved payroll information required to process salary payments.,Employee,Finance/HR,1,True,Payroll information submitted,Submit the missing payroll information,Employee,Please complete your payroll information.,Escalate to HR if payroll information remains missing.,Synthetic onboarding guide,G055,Solutions Architect. Submit payroll and bank information. Provide the approved payroll information required to process salary payments.. Owner: Finance/HR.
G055,Solutions Architect,Architecture,Senior Individual Contributor,Technical,G055-T04,4,Preboarding,HR Forms,Complete employee information form,Complete required employee profile and emergency-contact information using the onboarding form.,Employee,HR,1,True,Completed HR form,Complete the employee information form,Employee,Please complete your employee information form.,Escalate to HR if incomplete.,Synthetic onboarding guide,G055,Solutions Architect. Complete employee information form. Complete required employee profile and emergency-contact information using the onboarding form.. Owner: HR.
G055,Solutions Architect,Architecture,Senior Individual Contributor,Technical,G055-T05,5,Preboarding,Policy,Acknowledge company policies,Review and acknowledge the required employee policies and code of conduct.,Employee,HR,2,True,Policy acknowledgement,Review and acknowledge required policies,Employee,Please review and acknowledge the required policies.,Escalate to HR if acknowledgement is overdue.,Synthetic onboarding guide,G055,Solutions Architect. Acknowledge company policies. Review and acknowledge the required employee policies and code of conduct.. Owner: HR.
G055,Solutions Architect,Architecture,Senior Individual Contributor,Technical,G055-T06,6,Preboarding,IT Access,Create company email account,IT creates the employee's corporate email account and confirms activation.,IT,IT,1,True,Email activation confirmation,IT should create and activate the company email,IT,IT has been asked to activate your company email.,Escalate to IT if activation is overdue.,Synthetic onboarding guide,G055,Solutions Architect. Create company email account. IT creates the employee's corporate email account and confirms activation.. Owner: IT.
G055,Solutions Architect,Architecture,Senior Individual Contributor,Technical,G055-T07,7,Preboarding,IT Equipment,Provision laptop/workstation,IT prepares the approved laptop or workstation and records the device assignment.,IT,IT,2,True,Device assignment confirmation,IT should provision and assign the workstation,IT,IT needs to complete your workstation setup.,Escalate to IT if provisioning is overdue.,Synthetic onboarding guide,G055,Solutions Architect. Provision laptop/workstation. IT prepares the approved laptop or workstation and records the device assignment.. Owner: IT.
G055,Solutions Architect,Architecture,Senior Individual Contributor,Technical,G055-T08,8,Preboarding,Access Management,Provision standard system access,IT provisions the standard applications and access required for the employee's role.,IT,IT,2,True,Access provisioning record,IT should provision standard role access,IT,Your standard system access is being prepared.,Escalate to IT if access is overdue.,Synthetic onboarding guide,G055,Solutions Architect. Provision standard system access. IT provisions the standard applications and access required for the employee's role.. Owner: IT.
G055,Solutions Architect,Architecture,Senior Individual Contributor,Technical,G055-T09,9,Day 1,Orientation,Attend company orientation,"Attend the company orientation covering organization, workplace practices and key contacts.",Employee,HR,0,True,Orientation attendance,Attend the company orientation,Employee,Please attend your scheduled company orientation.,Escalate to HR if attendance is missing.,Synthetic onboarding guide,G055,"Solutions Architect. Attend company orientation. Attend the company orientation covering organization, workplace practices and key contacts.. Owner: HR."
G055,Solutions Architect,Architecture,Senior Individual Contributor,Technical,G055-T10,10,Day 1,Security,Complete security awareness training,Complete mandatory security and acceptable-use training before full access is granted.,Employee,Security,1,True,Training completion record,Complete security awareness training,Employee,Please complete the required security training.,Escalate to Security/HR if overdue.,Synthetic onboarding guide,G055,Solutions Architect. Complete security awareness training. Complete mandatory security and acceptable-use training before full access is granted.. Owner: Security.
G055,Solutions Architect,Architecture,Senior Individual Contributor,Technical,G055-T11,11,Day 1,Manager Setup,Meet reporting manager,Attend the initial meeting with the reporting manager to review responsibilities and first-week priorities.,Employee,Manager,1,True,Manager meeting confirmation,Complete the manager onboarding meeting,Employee,Please attend your manager onboarding meeting.,Escalate to the manager if not scheduled.,Synthetic onboarding guide,G055,Solutions Architect. Meet reporting manager. Attend the initial meeting with the reporting manager to review responsibilities and first-week priorities.. Owner: Manager.
G055,Solutions Architect,Architecture,Senior Individual Contributor,Technical,G055-T12,12,Week 1,Team Integration,Complete team introduction,Meet key team members and understand team communication and collaboration practices.,Employee,Manager,3,True,Team introduction confirmation,Complete the team introduction activities,Employee,Please complete your team introductions.,Escalate to manager if not completed.,Synthetic onboarding guide,G055,Solutions Architect. Complete team introduction. Meet key team members and understand team communication and collaboration practices.. Owner: Manager.
G055,Solutions Architect,Architecture,Senior Individual Contributor,Technical,G055-T13,13,Week 1,Onboarding Plan,Review role-specific onboarding plan,"Review the role-specific responsibilities, tools, goals and onboarding expectations with the manager.",Employee,Manager,5,True,Onboarding plan acknowledgement,Review the role-specific onboarding plan,Employee,Please review your role-specific onboarding plan.,Escalate to manager if incomplete.,Synthetic onboarding guide,G055,"Solutions Architect. Review role-specific onboarding plan. Review the role-specific responsibilities, tools, goals and onboarding expectations with the manager.. Owner: Manager."
G055,Solutions Architect,Architecture,Senior Individual Contributor,Technical,G055-T14,14,Week 1,Access Management,Confirm required access,Employee confirms that all required systems and applications are accessible and reports missing access.,Employee,IT,5,True,Access confirmation or access issue,Confirm required system access,Employee,Please confirm that you can access the required systems.,Escalate missing access to IT.,Synthetic onboarding guide,G055,Solutions Architect. Confirm required access. Employee confirms that all required systems and applications are accessible and reports missing access.. Owner: IT.
G055,Solutions Architect,Architecture,Senior Individual Contributor,Technical,G055-T15,15,Week 2,Manager Setup,Complete first-week check-in,"Complete a structured check-in with the manager to review progress, blockers and next priorities.",Employee,Manager,7,True,Check-in confirmation,Complete the manager check-in,Employee,Please complete your first-week manager check-in.,Escalate to manager if not completed.,Synthetic onboarding guide,G055,"Solutions Architect. Complete first-week check-in. Complete a structured check-in with the manager to review progress, blockers and next priorities.. Owner: Manager."
G055,Solutions Architect,Architecture,Senior Individual Contributor,Technical,G055-T16,16,Role Setup,Architecture Access,Get architecture repository access,Receive access to approved architecture repositories and tools.,IT,IT,3,True,Task completion confirmation,Complete or confirm: Get architecture repository access,IT,Please complete the required onboarding task: Get architecture repository access.,Escalate to the role manager if Get architecture repository access is overdue.,Synthetic role-specific guide,G055,Solutions Architect. Get architecture repository access. Receive access to approved architecture repositories and tools.. Owner: IT.
G055,Solutions Architect,Architecture,Senior Individual Contributor,Technical,G055-T17,17,Role Setup,Architecture Knowledge,Review solution architecture,"Review current solution patterns, dependencies and standards.",Employee,Architecture Manager,5,True,Task completion confirmation,Complete or confirm: Review solution architecture,Employee,Please complete the required onboarding task: Review solution architecture.,Escalate to the role manager if Review solution architecture is overdue.,Synthetic role-specific guide,G055,"Solutions Architect. Review solution architecture. Review current solution patterns, dependencies and standards.. Owner: Architecture Manager."
G055,Solutions Architect,Architecture,Senior Individual Contributor,Technical,G055-T18,18,Role Setup,Governance,Review architecture review process,Review approved architecture review and exception process.,Employee,Architecture Manager,5,True,Task completion confirmation,Complete or confirm: Review architecture review process,Employee,Please complete the required onboarding task: Review architecture review process.,Escalate to the role manager if Review architecture review process is overdue.,Synthetic role-specific guide,G055,Solutions Architect. Review architecture review process. Review approved architecture review and exception process.. Owner: Architecture Manager.
G056,Enterprise Architect,Architecture,Senior Individual Contributor,Technical,G056-T01,1,Preboarding,Identity & Compliance,Submit identity verification documents,Upload the required identity documents for employment verification.,Employee,HR,0,True,Identity documents submitted,Request the missing identity document,HR,Please submit the missing identity document.,Escalate to HR if not submitted within 2 business days.,Synthetic onboarding guide,G056,Enterprise Architect. Submit identity verification documents. Upload the required identity documents for employment verification.. Owner: HR.
G056,Enterprise Architect,Architecture,Senior Individual Contributor,Technical,G056-T02,2,Preboarding,Employment,Review and sign employment agreement,Review the employment agreement and electronically sign it before the joining date.,Employee,HR,0,True,Signed employment agreement,Complete and sign the employment agreement,HR,Please review and sign your employment agreement.,Escalate to HR if signature is overdue.,Synthetic onboarding guide,G056,Enterprise Architect. Review and sign employment agreement. Review the employment agreement and electronically sign it before the joining date.. Owner: HR.
G056,Enterprise Architect,Architecture,Senior Individual Contributor,Technical,G056-T03,3,Preboarding,Payroll,Submit payroll and bank information,Provide the approved payroll information required to process salary payments.,Employee,Finance/HR,1,True,Payroll information submitted,Submit the missing payroll information,Employee,Please complete your payroll information.,Escalate to HR if payroll information remains missing.,Synthetic onboarding guide,G056,Enterprise Architect. Submit payroll and bank information. Provide the approved payroll information required to process salary payments.. Owner: Finance/HR.
G056,Enterprise Architect,Architecture,Senior Individual Contributor,Technical,G056-T04,4,Preboarding,HR Forms,Complete employee information form,Complete required employee profile and emergency-contact information using the onboarding form.,Employee,HR,1,True,Completed HR form,Complete the employee information form,Employee,Please complete your employee information form.,Escalate to HR if incomplete.,Synthetic onboarding guide,G056,Enterprise Architect. Complete employee information form. Complete required employee profile and emergency-contact information using the onboarding form.. Owner: HR.
G056,Enterprise Architect,Architecture,Senior Individual Contributor,Technical,G056-T05,5,Preboarding,Policy,Acknowledge company policies,Review and acknowledge the required employee policies and code of conduct.,Employee,HR,2,True,Policy acknowledgement,Review and acknowledge required policies,Employee,Please review and acknowledge the required policies.,Escalate to HR if acknowledgement is overdue.,Synthetic onboarding guide,G056,Enterprise Architect. Acknowledge company policies. Review and acknowledge the required employee policies and code of conduct.. Owner: HR.
G056,Enterprise Architect,Architecture,Senior Individual Contributor,Technical,G056-T06,6,Preboarding,IT Access,Create company email account,IT creates the employee's corporate email account and confirms activation.,IT,IT,1,True,Email activation confirmation,IT should create and activate the company email,IT,IT has been asked to activate your company email.,Escalate to IT if activation is overdue.,Synthetic onboarding guide,G056,Enterprise Architect. Create company email account. IT creates the employee's corporate email account and confirms activation.. Owner: IT.
G056,Enterprise Architect,Architecture,Senior Individual Contributor,Technical,G056-T07,7,Preboarding,IT Equipment,Provision laptop/workstation,IT prepares the approved laptop or workstation and records the device assignment.,IT,IT,2,True,Device assignment confirmation,IT should provision and assign the workstation,IT,IT needs to complete your workstation setup.,Escalate to IT if provisioning is overdue.,Synthetic onboarding guide,G056,Enterprise Architect. Provision laptop/workstation. IT prepares the approved laptop or workstation and records the device assignment.. Owner: IT.
G056,Enterprise Architect,Architecture,Senior Individual Contributor,Technical,G056-T08,8,Preboarding,Access Management,Provision standard system access,IT provisions the standard applications and access required for the employee's role.,IT,IT,2,True,Access provisioning record,IT should provision standard role access,IT,Your standard system access is being prepared.,Escalate to IT if access is overdue.,Synthetic onboarding guide,G056,Enterprise Architect. Provision standard system access. IT provisions the standard applications and access required for the employee's role.. Owner: IT.
G056,Enterprise Architect,Architecture,Senior Individual Contributor,Technical,G056-T09,9,Day 1,Orientation,Attend company orientation,"Attend the company orientation covering organization, workplace practices and key contacts.",Employee,HR,0,True,Orientation attendance,Attend the company orientation,Employee,Please attend your scheduled company orientation.,Escalate to HR if attendance is missing.,Synthetic onboarding guide,G056,"Enterprise Architect. Attend company orientation. Attend the company orientation covering organization, workplace practices and key contacts.. Owner: HR."
G056,Enterprise Architect,Architecture,Senior Individual Contributor,Technical,G056-T10,10,Day 1,Security,Complete security awareness training,Complete mandatory security and acceptable-use training before full access is granted.,Employee,Security,1,True,Training completion record,Complete security awareness training,Employee,Please complete the required security training.,Escalate to Security/HR if overdue.,Synthetic onboarding guide,G056,Enterprise Architect. Complete security awareness training. Complete mandatory security and acceptable-use training before full access is granted.. Owner: Security.
G056,Enterprise Architect,Architecture,Senior Individual Contributor,Technical,G056-T11,11,Day 1,Manager Setup,Meet reporting manager,Attend the initial meeting with the reporting manager to review responsibilities and first-week priorities.,Employee,Manager,1,True,Manager meeting confirmation,Complete the manager onboarding meeting,Employee,Please attend your manager onboarding meeting.,Escalate to the manager if not scheduled.,Synthetic onboarding guide,G056,Enterprise Architect. Meet reporting manager. Attend the initial meeting with the reporting manager to review responsibilities and first-week priorities.. Owner: Manager.
G056,Enterprise Architect,Architecture,Senior Individual Contributor,Technical,G056-T12,12,Week 1,Team Integration,Complete team introduction,Meet key team members and understand team communication and collaboration practices.,Employee,Manager,3,True,Team introduction confirmation,Complete the team introduction activities,Employee,Please complete your team introductions.,Escalate to manager if not completed.,Synthetic onboarding guide,G056,Enterprise Architect. Complete team introduction. Meet key team members and understand team communication and collaboration practices.. Owner: Manager.
G056,Enterprise Architect,Architecture,Senior Individual Contributor,Technical,G056-T13,13,Week 1,Onboarding Plan,Review role-specific onboarding plan,"Review the role-specific responsibilities, tools, goals and onboarding expectations with the manager.",Employee,Manager,5,True,Onboarding plan acknowledgement,Review the role-specific onboarding plan,Employee,Please review your role-specific onboarding plan.,Escalate to manager if incomplete.,Synthetic onboarding guide,G056,"Enterprise Architect. Review role-specific onboarding plan. Review the role-specific responsibilities, tools, goals and onboarding expectations with the manager.. Owner: Manager."
G056,Enterprise Architect,Architecture,Senior Individual Contributor,Technical,G056-T14,14,Week 1,Access Management,Confirm required access,Employee confirms that all required systems and applications are accessible and reports missing access.,Employee,IT,5,True,Access confirmation or access issue,Confirm required system access,Employee,Please confirm that you can access the required systems.,Escalate missing access to IT.,Synthetic onboarding guide,G056,Enterprise Architect. Confirm required access. Employee confirms that all required systems and applications are accessible and reports missing access.. Owner: IT.
G056,Enterprise Architect,Architecture,Senior Individual Contributor,Technical,G056-T15,15,Week 2,Manager Setup,Complete first-week check-in,"Complete a structured check-in with the manager to review progress, blockers and next priorities.",Employee,Manager,7,True,Check-in confirmation,Complete the manager check-in,Employee,Please complete your first-week manager check-in.,Escalate to manager if not completed.,Synthetic onboarding guide,G056,"Enterprise Architect. Complete first-week check-in. Complete a structured check-in with the manager to review progress, blockers and next priorities.. Owner: Manager."
G056,Enterprise Architect,Architecture,Senior Individual Contributor,Technical,G056-T16,16,Role Setup,Architecture Access,Get enterprise architecture access,Receive access to approved architecture repositories and tools.,IT,IT,3,True,Task completion confirmation,Complete or confirm: Get enterprise architecture access,IT,Please complete the required onboarding task: Get enterprise architecture access.,Escalate to the role manager if Get enterprise architecture access is overdue.,Synthetic role-specific guide,G056,Enterprise Architect. Get enterprise architecture access. Receive access to approved architecture repositories and tools.. Owner: IT.
G056,Enterprise Architect,Architecture,Senior Individual Contributor,Technical,G056-T17,17,Role Setup,Architecture Knowledge,Review enterprise architecture roadmap,"Review enterprise technology roadmap, standards and priorities.",Employee,CTO/Architecture Director,5,True,Task completion confirmation,Complete or confirm: Review enterprise architecture roadmap,Employee,Please complete the required onboarding task: Review enterprise architecture roadmap.,Escalate to the role manager if Review enterprise architecture roadmap is overdue.,Synthetic role-specific guide,G056,"Enterprise Architect. Review enterprise architecture roadmap. Review enterprise technology roadmap, standards and priorities.. Owner: CTO/Architecture Director."
G056,Enterprise Architect,Architecture,Senior Individual Contributor,Technical,G056-T18,18,Role Setup,Governance,Review architecture governance,"Review approved architecture standards, review and exception process.",Employee,CTO/Architecture Director,5,True,Task completion confirmation,Complete or confirm: Review architecture governance,Employee,Please complete the required onboarding task: Review architecture governance.,Escalate to the role manager if Review architecture governance is overdue.,Synthetic role-specific guide,G056,"Enterprise Architect. Review architecture governance. Review approved architecture standards, review and exception process.. Owner: CTO/Architecture Director."
G057,IT Manager,IT,Manager,Technical,G057-T01,1,Preboarding,Identity & Compliance,Submit identity verification documents,Upload the required identity documents for employment verification.,Employee,HR,0,True,Identity documents submitted,Request the missing identity document,HR,Please submit the missing identity document.,Escalate to HR if not submitted within 2 business days.,Synthetic onboarding guide,G057,IT Manager. Submit identity verification documents. Upload the required identity documents for employment verification.. Owner: HR.
G057,IT Manager,IT,Manager,Technical,G057-T02,2,Preboarding,Employment,Review and sign employment agreement,Review the employment agreement and electronically sign it before the joining date.,Employee,HR,0,True,Signed employment agreement,Complete and sign the employment agreement,HR,Please review and sign your employment agreement.,Escalate to HR if signature is overdue.,Synthetic onboarding guide,G057,IT Manager. Review and sign employment agreement. Review the employment agreement and electronically sign it before the joining date.. Owner: HR.
G057,IT Manager,IT,Manager,Technical,G057-T03,3,Preboarding,Payroll,Submit payroll and bank information,Provide the approved payroll information required to process salary payments.,Employee,Finance/HR,1,True,Payroll information submitted,Submit the missing payroll information,Employee,Please complete your payroll information.,Escalate to HR if payroll information remains missing.,Synthetic onboarding guide,G057,IT Manager. Submit payroll and bank information. Provide the approved payroll information required to process salary payments.. Owner: Finance/HR.
G057,IT Manager,IT,Manager,Technical,G057-T04,4,Preboarding,HR Forms,Complete employee information form,Complete required employee profile and emergency-contact information using the onboarding form.,Employee,HR,1,True,Completed HR form,Complete the employee information form,Employee,Please complete your employee information form.,Escalate to HR if incomplete.,Synthetic onboarding guide,G057,IT Manager. Complete employee information form. Complete required employee profile and emergency-contact information using the onboarding form.. Owner: HR.
G057,IT Manager,IT,Manager,Technical,G057-T05,5,Preboarding,Policy,Acknowledge company policies,Review and acknowledge the required employee policies and code of conduct.,Employee,HR,2,True,Policy acknowledgement,Review and acknowledge required policies,Employee,Please review and acknowledge the required policies.,Escalate to HR if acknowledgement is overdue.,Synthetic onboarding guide,G057,IT Manager. Acknowledge company policies. Review and acknowledge the required employee policies and code of conduct.. Owner: HR.
G057,IT Manager,IT,Manager,Technical,G057-T06,6,Preboarding,IT Access,Create company email account,IT creates the employee's corporate email account and confirms activation.,IT,IT,1,True,Email activation confirmation,IT should create and activate the company email,IT,IT has been asked to activate your company email.,Escalate to IT if activation is overdue.,Synthetic onboarding guide,G057,IT Manager. Create company email account. IT creates the employee's corporate email account and confirms activation.. Owner: IT.
G057,IT Manager,IT,Manager,Technical,G057-T07,7,Preboarding,IT Equipment,Provision laptop/workstation,IT prepares the approved laptop or workstation and records the device assignment.,IT,IT,2,True,Device assignment confirmation,IT should provision and assign the workstation,IT,IT needs to complete your workstation setup.,Escalate to IT if provisioning is overdue.,Synthetic onboarding guide,G057,IT Manager. Provision laptop/workstation. IT prepares the approved laptop or workstation and records the device assignment.. Owner: IT.
G057,IT Manager,IT,Manager,Technical,G057-T08,8,Preboarding,Access Management,Provision standard system access,IT provisions the standard applications and access required for the employee's role.,IT,IT,2,True,Access provisioning record,IT should provision standard role access,IT,Your standard system access is being prepared.,Escalate to IT if access is overdue.,Synthetic onboarding guide,G057,IT Manager. Provision standard system access. IT provisions the standard applications and access required for the employee's role.. Owner: IT.
G057,IT Manager,IT,Manager,Technical,G057-T09,9,Day 1,Orientation,Attend company orientation,"Attend the company orientation covering organization, workplace practices and key contacts.",Employee,HR,0,True,Orientation attendance,Attend the company orientation,Employee,Please attend your scheduled company orientation.,Escalate to HR if attendance is missing.,Synthetic onboarding guide,G057,"IT Manager. Attend company orientation. Attend the company orientation covering organization, workplace practices and key contacts.. Owner: HR."
G057,IT Manager,IT,Manager,Technical,G057-T10,10,Day 1,Security,Complete security awareness training,Complete mandatory security and acceptable-use training before full access is granted.,Employee,Security,1,True,Training completion record,Complete security awareness training,Employee,Please complete the required security training.,Escalate to Security/HR if overdue.,Synthetic onboarding guide,G057,IT Manager. Complete security awareness training. Complete mandatory security and acceptable-use training before full access is granted.. Owner: Security.
G057,IT Manager,IT,Manager,Technical,G057-T11,11,Day 1,Manager Setup,Meet reporting manager,Attend the initial meeting with the reporting manager to review responsibilities and first-week priorities.,Employee,Manager,1,True,Manager meeting confirmation,Complete the manager onboarding meeting,Employee,Please attend your manager onboarding meeting.,Escalate to the manager if not scheduled.,Synthetic onboarding guide,G057,IT Manager. Meet reporting manager. Attend the initial meeting with the reporting manager to review responsibilities and first-week priorities.. Owner: Manager.
G057,IT Manager,IT,Manager,Technical,G057-T12,12,Week 1,Team Integration,Complete team introduction,Meet key team members and understand team communication and collaboration practices.,Employee,Manager,3,True,Team introduction confirmation,Complete the team introduction activities,Employee,Please complete your team introductions.,Escalate to manager if not completed.,Synthetic onboarding guide,G057,IT Manager. Complete team introduction. Meet key team members and understand team communication and collaboration practices.. Owner: Manager.
G057,IT Manager,IT,Manager,Technical,G057-T13,13,Week 1,Onboarding Plan,Review role-specific onboarding plan,"Review the role-specific responsibilities, tools, goals and onboarding expectations with the manager.",Employee,Manager,5,True,Onboarding plan acknowledgement,Review the role-specific onboarding plan,Employee,Please review your role-specific onboarding plan.,Escalate to manager if incomplete.,Synthetic onboarding guide,G057,"IT Manager. Review role-specific onboarding plan. Review the role-specific responsibilities, tools, goals and onboarding expectations with the manager.. Owner: Manager."
G057,IT Manager,IT,Manager,Technical,G057-T14,14,Week 1,Access Management,Confirm required access,Employee confirms that all required systems and applications are accessible and reports missing access.,Employee,IT,5,True,Access confirmation or access issue,Confirm required system access,Employee,Please confirm that you can access the required systems.,Escalate missing access to IT.,Synthetic onboarding guide,G057,IT Manager. Confirm required access. Employee confirms that all required systems and applications are accessible and reports missing access.. Owner: IT.
G057,IT Manager,IT,Manager,Technical,G057-T15,15,Week 2,Manager Setup,Complete first-week check-in,"Complete a structured check-in with the manager to review progress, blockers and next priorities.",Employee,Manager,7,True,Check-in confirmation,Complete the manager check-in,Employee,Please complete your first-week manager check-in.,Escalate to manager if not completed.,Synthetic onboarding guide,G057,"IT Manager. Complete first-week check-in. Complete a structured check-in with the manager to review progress, blockers and next priorities.. Owner: Manager."
G057,IT Manager,IT,Manager,Technical,G057-T16,16,Role Setup,IT Management,Get IT management system access,Receive access to approved IT management and service tools.,IT,IT Director,3,True,Task completion confirmation,Complete or confirm: Get IT management system access,IT,Please complete the required onboarding task: Get IT management system access.,Escalate to the role manager if Get IT management system access is overdue.,Synthetic role-specific guide,G057,IT Manager. Get IT management system access. Receive access to approved IT management and service tools.. Owner: IT Director.
G057,IT Manager,IT,Manager,Technical,G057-T17,17,Role Setup,IT Operations,Review IT service portfolio,"Review key services, owners, SLAs and escalation paths.",Employee,IT Director,5,True,Task completion confirmation,Complete or confirm: Review IT service portfolio,Employee,Please complete the required onboarding task: Review IT service portfolio.,Escalate to the role manager if Review IT service portfolio is overdue.,Synthetic role-specific guide,G057,"IT Manager. Review IT service portfolio. Review key services, owners, SLAs and escalation paths.. Owner: IT Director."
G057,IT Manager,IT,Manager,Technical,G057-T18,18,Role Setup,Security,Review IT security responsibilities,Review approved IT security and access-management responsibilities.,Employee,IT Director,5,True,Task completion confirmation,Complete or confirm: Review IT security responsibilities,Employee,Please complete the required onboarding task: Review IT security responsibilities.,Escalate to the role manager if Review IT security responsibilities is overdue.,Synthetic role-specific guide,G057,IT Manager. Review IT security responsibilities. Review approved IT security and access-management responsibilities.. Owner: IT Director.
G058,Program Manager,Program Management,Manager,Business,G058-T01,1,Preboarding,Identity & Compliance,Submit identity verification documents,Upload the required identity documents for employment verification.,Employee,HR,0,True,Identity documents submitted,Request the missing identity document,HR,Please submit the missing identity document.,Escalate to HR if not submitted within 2 business days.,Synthetic onboarding guide,G058,Program Manager. Submit identity verification documents. Upload the required identity documents for employment verification.. Owner: HR.
G058,Program Manager,Program Management,Manager,Business,G058-T02,2,Preboarding,Employment,Review and sign employment agreement,Review the employment agreement and electronically sign it before the joining date.,Employee,HR,0,True,Signed employment agreement,Complete and sign the employment agreement,HR,Please review and sign your employment agreement.,Escalate to HR if signature is overdue.,Synthetic onboarding guide,G058,Program Manager. Review and sign employment agreement. Review the employment agreement and electronically sign it before the joining date.. Owner: HR.
G058,Program Manager,Program Management,Manager,Business,G058-T03,3,Preboarding,Payroll,Submit payroll and bank information,Provide the approved payroll information required to process salary payments.,Employee,Finance/HR,1,True,Payroll information submitted,Submit the missing payroll information,Employee,Please complete your payroll information.,Escalate to HR if payroll information remains missing.,Synthetic onboarding guide,G058,Program Manager. Submit payroll and bank information. Provide the approved payroll information required to process salary payments.. Owner: Finance/HR.
G058,Program Manager,Program Management,Manager,Business,G058-T04,4,Preboarding,HR Forms,Complete employee information form,Complete required employee profile and emergency-contact information using the onboarding form.,Employee,HR,1,True,Completed HR form,Complete the employee information form,Employee,Please complete your employee information form.,Escalate to HR if incomplete.,Synthetic onboarding guide,G058,Program Manager. Complete employee information form. Complete required employee profile and emergency-contact information using the onboarding form.. Owner: HR.
G058,Program Manager,Program Management,Manager,Business,G058-T05,5,Preboarding,Policy,Acknowledge company policies,Review and acknowledge the required employee policies and code of conduct.,Employee,HR,2,True,Policy acknowledgement,Review and acknowledge required policies,Employee,Please review and acknowledge the required policies.,Escalate to HR if acknowledgement is overdue.,Synthetic onboarding guide,G058,Program Manager. Acknowledge company policies. Review and acknowledge the required employee policies and code of conduct.. Owner: HR.
G058,Program Manager,Program Management,Manager,Business,G058-T06,6,Preboarding,IT Access,Create company email account,IT creates the employee's corporate email account and confirms activation.,IT,IT,1,True,Email activation confirmation,IT should create and activate the company email,IT,IT has been asked to activate your company email.,Escalate to IT if activation is overdue.,Synthetic onboarding guide,G058,Program Manager. Create company email account. IT creates the employee's corporate email account and confirms activation.. Owner: IT.
G058,Program Manager,Program Management,Manager,Business,G058-T07,7,Preboarding,IT Equipment,Provision laptop/workstation,IT prepares the approved laptop or workstation and records the device assignment.,IT,IT,2,True,Device assignment confirmation,IT should provision and assign the workstation,IT,IT needs to complete your workstation setup.,Escalate to IT if provisioning is overdue.,Synthetic onboarding guide,G058,Program Manager. Provision laptop/workstation. IT prepares the approved laptop or workstation and records the device assignment.. Owner: IT.
G058,Program Manager,Program Management,Manager,Business,G058-T08,8,Preboarding,Access Management,Provision standard system access,IT provisions the standard applications and access required for the employee's role.,IT,IT,2,True,Access provisioning record,IT should provision standard role access,IT,Your standard system access is being prepared.,Escalate to IT if access is overdue.,Synthetic onboarding guide,G058,Program Manager. Provision standard system access. IT provisions the standard applications and access required for the employee's role.. Owner: IT.
G058,Program Manager,Program Management,Manager,Business,G058-T09,9,Day 1,Orientation,Attend company orientation,"Attend the company orientation covering organization, workplace practices and key contacts.",Employee,HR,0,True,Orientation attendance,Attend the company orientation,Employee,Please attend your scheduled company orientation.,Escalate to HR if attendance is missing.,Synthetic onboarding guide,G058,"Program Manager. Attend company orientation. Attend the company orientation covering organization, workplace practices and key contacts.. Owner: HR."
G058,Program Manager,Program Management,Manager,Business,G058-T10,10,Day 1,Security,Complete security awareness training,Complete mandatory security and acceptable-use training before full access is granted.,Employee,Security,1,True,Training completion record,Complete security awareness training,Employee,Please complete the required security training.,Escalate to Security/HR if overdue.,Synthetic onboarding guide,G058,Program Manager. Complete security awareness training. Complete mandatory security and acceptable-use training before full access is granted.. Owner: Security.
G058,Program Manager,Program Management,Manager,Business,G058-T11,11,Day 1,Manager Setup,Meet reporting manager,Attend the initial meeting with the reporting manager to review responsibilities and first-week priorities.,Employee,Manager,1,True,Manager meeting confirmation,Complete the manager onboarding meeting,Employee,Please attend your manager onboarding meeting.,Escalate to the manager if not scheduled.,Synthetic onboarding guide,G058,Program Manager. Meet reporting manager. Attend the initial meeting with the reporting manager to review responsibilities and first-week priorities.. Owner: Manager.
G058,Program Manager,Program Management,Manager,Business,G058-T12,12,Week 1,Team Integration,Complete team introduction,Meet key team members and understand team communication and collaboration practices.,Employee,Manager,3,True,Team introduction confirmation,Complete the team introduction activities,Employee,Please complete your team introductions.,Escalate to manager if not completed.,Synthetic onboarding guide,G058,Program Manager. Complete team introduction. Meet key team members and understand team communication and collaboration practices.. Owner: Manager.
G058,Program Manager,Program Management,Manager,Business,G058-T13,13,Week 1,Onboarding Plan,Review role-specific onboarding plan,"Review the role-specific responsibilities, tools, goals and onboarding expectations with the manager.",Employee,Manager,5,True,Onboarding plan acknowledgement,Review the role-specific onboarding plan,Employee,Please review your role-specific onboarding plan.,Escalate to manager if incomplete.,Synthetic onboarding guide,G058,"Program Manager. Review role-specific onboarding plan. Review the role-specific responsibilities, tools, goals and onboarding expectations with the manager.. Owner: Manager."
G058,Program Manager,Program Management,Manager,Business,G058-T14,14,Week 1,Access Management,Confirm required access,Employee confirms that all required systems and applications are accessible and reports missing access.,Employee,IT,5,True,Access confirmation or access issue,Confirm required system access,Employee,Please confirm that you can access the required systems.,Escalate missing access to IT.,Synthetic onboarding guide,G058,Program Manager. Confirm required access. Employee confirms that all required systems and applications are accessible and reports missing access.. Owner: IT.
G058,Program Manager,Program Management,Manager,Business,G058-T15,15,Week 2,Manager Setup,Complete first-week check-in,"Complete a structured check-in with the manager to review progress, blockers and next priorities.",Employee,Manager,7,True,Check-in confirmation,Complete the manager check-in,Employee,Please complete your first-week manager check-in.,Escalate to manager if not completed.,Synthetic onboarding guide,G058,"Program Manager. Complete first-week check-in. Complete a structured check-in with the manager to review progress, blockers and next priorities.. Owner: Manager."
G058,Program Manager,Program Management,Manager,Business,G058-T16,16,Role Setup,Program Tools,Get program management access,Receive access to approved program planning and tracking tools.,IT,IT,3,True,Task completion confirmation,Complete or confirm: Get program management access,IT,Please complete the required onboarding task: Get program management access.,Escalate to the role manager if Get program management access is overdue.,Synthetic role-specific guide,G058,Program Manager. Get program management access. Receive access to approved program planning and tracking tools.. Owner: IT.
G058,Program Manager,Program Management,Manager,Business,G058-T17,17,Role Setup,Program Knowledge,Review active programs,"Review current programs, milestones, dependencies and risks.",Employee,Program Director,5,True,Task completion confirmation,Complete or confirm: Review active programs,Employee,Please complete the required onboarding task: Review active programs.,Escalate to the role manager if Review active programs is overdue.,Synthetic role-specific guide,G058,"Program Manager. Review active programs. Review current programs, milestones, dependencies and risks.. Owner: Program Director."
G058,Program Manager,Program Management,Manager,Business,G058-T18,18,Role Setup,Governance,Review program reporting process,"Review approved reporting, escalation and governance procedures.",Employee,Program Director,5,True,Task completion confirmation,Complete or confirm: Review program reporting process,Employee,Please complete the required onboarding task: Review program reporting process.,Escalate to the role manager if Review program reporting process is overdue.,Synthetic role-specific guide,G058,"Program Manager. Review program reporting process. Review approved reporting, escalation and governance procedures.. Owner: Program Director."
G059,Product Analyst,Product,Individual Contributor,Business,G059-T01,1,Preboarding,Identity & Compliance,Submit identity verification documents,Upload the required identity documents for employment verification.,Employee,HR,0,True,Identity documents submitted,Request the missing identity document,HR,Please submit the missing identity document.,Escalate to HR if not submitted within 2 business days.,Synthetic onboarding guide,G059,Product Analyst. Submit identity verification documents. Upload the required identity documents for employment verification.. Owner: HR.
G059,Product Analyst,Product,Individual Contributor,Business,G059-T02,2,Preboarding,Employment,Review and sign employment agreement,Review the employment agreement and electronically sign it before the joining date.,Employee,HR,0,True,Signed employment agreement,Complete and sign the employment agreement,HR,Please review and sign your employment agreement.,Escalate to HR if signature is overdue.,Synthetic onboarding guide,G059,Product Analyst. Review and sign employment agreement. Review the employment agreement and electronically sign it before the joining date.. Owner: HR.
G059,Product Analyst,Product,Individual Contributor,Business,G059-T03,3,Preboarding,Payroll,Submit payroll and bank information,Provide the approved payroll information required to process salary payments.,Employee,Finance/HR,1,True,Payroll information submitted,Submit the missing payroll information,Employee,Please complete your payroll information.,Escalate to HR if payroll information remains missing.,Synthetic onboarding guide,G059,Product Analyst. Submit payroll and bank information. Provide the approved payroll information required to process salary payments.. Owner: Finance/HR.
G059,Product Analyst,Product,Individual Contributor,Business,G059-T04,4,Preboarding,HR Forms,Complete employee information form,Complete required employee profile and emergency-contact information using the onboarding form.,Employee,HR,1,True,Completed HR form,Complete the employee information form,Employee,Please complete your employee information form.,Escalate to HR if incomplete.,Synthetic onboarding guide,G059,Product Analyst. Complete employee information form. Complete required employee profile and emergency-contact information using the onboarding form.. Owner: HR.
G059,Product Analyst,Product,Individual Contributor,Business,G059-T05,5,Preboarding,Policy,Acknowledge company policies,Review and acknowledge the required employee policies and code of conduct.,Employee,HR,2,True,Policy acknowledgement,Review and acknowledge required policies,Employee,Please review and acknowledge the required policies.,Escalate to HR if acknowledgement is overdue.,Synthetic onboarding guide,G059,Product Analyst. Acknowledge company policies. Review and acknowledge the required employee policies and code of conduct.. Owner: HR.
G059,Product Analyst,Product,Individual Contributor,Business,G059-T06,6,Preboarding,IT Access,Create company email account,IT creates the employee's corporate email account and confirms activation.,IT,IT,1,True,Email activation confirmation,IT should create and activate the company email,IT,IT has been asked to activate your company email.,Escalate to IT if activation is overdue.,Synthetic onboarding guide,G059,Product Analyst. Create company email account. IT creates the employee's corporate email account and confirms activation.. Owner: IT.
G059,Product Analyst,Product,Individual Contributor,Business,G059-T07,7,Preboarding,IT Equipment,Provision laptop/workstation,IT prepares the approved laptop or workstation and records the device assignment.,IT,IT,2,True,Device assignment confirmation,IT should provision and assign the workstation,IT,IT needs to complete your workstation setup.,Escalate to IT if provisioning is overdue.,Synthetic onboarding guide,G059,Product Analyst. Provision laptop/workstation. IT prepares the approved laptop or workstation and records the device assignment.. Owner: IT.
G059,Product Analyst,Product,Individual Contributor,Business,G059-T08,8,Preboarding,Access Management,Provision standard system access,IT provisions the standard applications and access required for the employee's role.,IT,IT,2,True,Access provisioning record,IT should provision standard role access,IT,Your standard system access is being prepared.,Escalate to IT if access is overdue.,Synthetic onboarding guide,G059,Product Analyst. Provision standard system access. IT provisions the standard applications and access required for the employee's role.. Owner: IT.
G059,Product Analyst,Product,Individual Contributor,Business,G059-T09,9,Day 1,Orientation,Attend company orientation,"Attend the company orientation covering organization, workplace practices and key contacts.",Employee,HR,0,True,Orientation attendance,Attend the company orientation,Employee,Please attend your scheduled company orientation.,Escalate to HR if attendance is missing.,Synthetic onboarding guide,G059,"Product Analyst. Attend company orientation. Attend the company orientation covering organization, workplace practices and key contacts.. Owner: HR."
G059,Product Analyst,Product,Individual Contributor,Business,G059-T10,10,Day 1,Security,Complete security awareness training,Complete mandatory security and acceptable-use training before full access is granted.,Employee,Security,1,True,Training completion record,Complete security awareness training,Employee,Please complete the required security training.,Escalate to Security/HR if overdue.,Synthetic onboarding guide,G059,Product Analyst. Complete security awareness training. Complete mandatory security and acceptable-use training before full access is granted.. Owner: Security.
G059,Product Analyst,Product,Individual Contributor,Business,G059-T11,11,Day 1,Manager Setup,Meet reporting manager,Attend the initial meeting with the reporting manager to review responsibilities and first-week priorities.,Employee,Manager,1,True,Manager meeting confirmation,Complete the manager onboarding meeting,Employee,Please attend your manager onboarding meeting.,Escalate to the manager if not scheduled.,Synthetic onboarding guide,G059,Product Analyst. Meet reporting manager. Attend the initial meeting with the reporting manager to review responsibilities and first-week priorities.. Owner: Manager.
G059,Product Analyst,Product,Individual Contributor,Business,G059-T12,12,Week 1,Team Integration,Complete team introduction,Meet key team members and understand team communication and collaboration practices.,Employee,Manager,3,True,Team introduction confirmation,Complete the team introduction activities,Employee,Please complete your team introductions.,Escalate to manager if not completed.,Synthetic onboarding guide,G059,Product Analyst. Complete team introduction. Meet key team members and understand team communication and collaboration practices.. Owner: Manager.
G059,Product Analyst,Product,Individual Contributor,Business,G059-T13,13,Week 1,Onboarding Plan,Review role-specific onboarding plan,"Review the role-specific responsibilities, tools, goals and onboarding expectations with the manager.",Employee,Manager,5,True,Onboarding plan acknowledgement,Review the role-specific onboarding plan,Employee,Please review your role-specific onboarding plan.,Escalate to manager if incomplete.,Synthetic onboarding guide,G059,"Product Analyst. Review role-specific onboarding plan. Review the role-specific responsibilities, tools, goals and onboarding expectations with the manager.. Owner: Manager."
G059,Product Analyst,Product,Individual Contributor,Business,G059-T14,14,Week 1,Access Management,Confirm required access,Employee confirms that all required systems and applications are accessible and reports missing access.,Employee,IT,5,True,Access confirmation or access issue,Confirm required system access,Employee,Please confirm that you can access the required systems.,Escalate missing access to IT.,Synthetic onboarding guide,G059,Product Analyst. Confirm required access. Employee confirms that all required systems and applications are accessible and reports missing access.. Owner: IT.
G059,Product Analyst,Product,Individual Contributor,Business,G059-T15,15,Week 2,Manager Setup,Complete first-week check-in,"Complete a structured check-in with the manager to review progress, blockers and next priorities.",Employee,Manager,7,True,Check-in confirmation,Complete the manager check-in,Employee,Please complete your first-week manager check-in.,Escalate to manager if not completed.,Synthetic onboarding guide,G059,"Product Analyst. Complete first-week check-in. Complete a structured check-in with the manager to review progress, blockers and next priorities.. Owner: Manager."
G059,Product Analyst,Product,Individual Contributor,Business,G059-T16,16,Role Setup,Product Analytics,Get product analytics access,Receive access to approved product analytics and reporting tools.,IT,IT,3,True,Task completion confirmation,Complete or confirm: Get product analytics access,IT,Please complete the required onboarding task: Get product analytics access.,Escalate to the role manager if Get product analytics access is overdue.,Synthetic role-specific guide,G059,Product Analyst. Get product analytics access. Receive access to approved product analytics and reporting tools.. Owner: IT.
G059,Product Analyst,Product,Individual Contributor,Business,G059-T17,17,Role Setup,Product Knowledge,Review product metrics and dashboards,"Review key product metrics, dashboards and current priorities.",Employee,Product Manager,5,True,Task completion confirmation,Complete or confirm: Review product metrics and dashboards,Employee,Please complete the required onboarding task: Review product metrics and dashboards.,Escalate to the role manager if Review product metrics and dashboards is overdue.,Synthetic role-specific guide,G059,"Product Analyst. Review product metrics and dashboards. Review key product metrics, dashboards and current priorities.. Owner: Product Manager."
G059,Product Analyst,Product,Individual Contributor,Business,G059-T18,18,Role Setup,Data Governance,Review product data standards,Review approved product data definitions and reporting practices.,Employee,Product Manager,5,True,Task completion confirmation,Complete or confirm: Review product data standards,Employee,Please complete the required onboarding task: Review product data standards.,Escalate to the role manager if Review product data standards is overdue.,Synthetic role-specific guide,G059,Product Analyst. Review product data standards. Review approved product data definitions and reporting practices.. Owner: Product Manager.
G060,IT Business Analyst,Business Analysis,Individual Contributor,Business,G060-T01,1,Preboarding,Identity & Compliance,Submit identity verification documents,Upload the required identity documents for employment verification.,Employee,HR,0,True,Identity documents submitted,Request the missing identity document,HR,Please submit the missing identity document.,Escalate to HR if not submitted within 2 business days.,Synthetic onboarding guide,G060,IT Business Analyst. Submit identity verification documents. Upload the required identity documents for employment verification.. Owner: HR.
G060,IT Business Analyst,Business Analysis,Individual Contributor,Business,G060-T02,2,Preboarding,Employment,Review and sign employment agreement,Review the employment agreement and electronically sign it before the joining date.,Employee,HR,0,True,Signed employment agreement,Complete and sign the employment agreement,HR,Please review and sign your employment agreement.,Escalate to HR if signature is overdue.,Synthetic onboarding guide,G060,IT Business Analyst. Review and sign employment agreement. Review the employment agreement and electronically sign it before the joining date.. Owner: HR.
G060,IT Business Analyst,Business Analysis,Individual Contributor,Business,G060-T03,3,Preboarding,Payroll,Submit payroll and bank information,Provide the approved payroll information required to process salary payments.,Employee,Finance/HR,1,True,Payroll information submitted,Submit the missing payroll information,Employee,Please complete your payroll information.,Escalate to HR if payroll information remains missing.,Synthetic onboarding guide,G060,IT Business Analyst. Submit payroll and bank information. Provide the approved payroll information required to process salary payments.. Owner: Finance/HR.
G060,IT Business Analyst,Business Analysis,Individual Contributor,Business,G060-T04,4,Preboarding,HR Forms,Complete employee information form,Complete required employee profile and emergency-contact information using the onboarding form.,Employee,HR,1,True,Completed HR form,Complete the employee information form,Employee,Please complete your employee information form.,Escalate to HR if incomplete.,Synthetic onboarding guide,G060,IT Business Analyst. Complete employee information form. Complete required employee profile and emergency-contact information using the onboarding form.. Owner: HR.
G060,IT Business Analyst,Business Analysis,Individual Contributor,Business,G060-T05,5,Preboarding,Policy,Acknowledge company policies,Review and acknowledge the required employee policies and code of conduct.,Employee,HR,2,True,Policy acknowledgement,Review and acknowledge required policies,Employee,Please review and acknowledge the required policies.,Escalate to HR if acknowledgement is overdue.,Synthetic onboarding guide,G060,IT Business Analyst. Acknowledge company policies. Review and acknowledge the required employee policies and code of conduct.. Owner: HR.
G060,IT Business Analyst,Business Analysis,Individual Contributor,Business,G060-T06,6,Preboarding,IT Access,Create company email account,IT creates the employee's corporate email account and confirms activation.,IT,IT,1,True,Email activation confirmation,IT should create and activate the company email,IT,IT has been asked to activate your company email.,Escalate to IT if activation is overdue.,Synthetic onboarding guide,G060,IT Business Analyst. Create company email account. IT creates the employee's corporate email account and confirms activation.. Owner: IT.
G060,IT Business Analyst,Business Analysis,Individual Contributor,Business,G060-T07,7,Preboarding,IT Equipment,Provision laptop/workstation,IT prepares the approved laptop or workstation and records the device assignment.,IT,IT,2,True,Device assignment confirmation,IT should provision and assign the workstation,IT,IT needs to complete your workstation setup.,Escalate to IT if provisioning is overdue.,Synthetic onboarding guide,G060,IT Business Analyst. Provision laptop/workstation. IT prepares the approved laptop or workstation and records the device assignment.. Owner: IT.
G060,IT Business Analyst,Business Analysis,Individual Contributor,Business,G060-T08,8,Preboarding,Access Management,Provision standard system access,IT provisions the standard applications and access required for the employee's role.,IT,IT,2,True,Access provisioning record,IT should provision standard role access,IT,Your standard system access is being prepared.,Escalate to IT if access is overdue.,Synthetic onboarding guide,G060,IT Business Analyst. Provision standard system access. IT provisions the standard applications and access required for the employee's role.. Owner: IT.
G060,IT Business Analyst,Business Analysis,Individual Contributor,Business,G060-T09,9,Day 1,Orientation,Attend company orientation,"Attend the company orientation covering organization, workplace practices and key contacts.",Employee,HR,0,True,Orientation attendance,Attend the company orientation,Employee,Please attend your scheduled company orientation.,Escalate to HR if attendance is missing.,Synthetic onboarding guide,G060,"IT Business Analyst. Attend company orientation. Attend the company orientation covering organization, workplace practices and key contacts.. Owner: HR."
G060,IT Business Analyst,Business Analysis,Individual Contributor,Business,G060-T10,10,Day 1,Security,Complete security awareness training,Complete mandatory security and acceptable-use training before full access is granted.,Employee,Security,1,True,Training completion record,Complete security awareness training,Employee,Please complete the required security training.,Escalate to Security/HR if overdue.,Synthetic onboarding guide,G060,IT Business Analyst. Complete security awareness training. Complete mandatory security and acceptable-use training before full access is granted.. Owner: Security.
G060,IT Business Analyst,Business Analysis,Individual Contributor,Business,G060-T11,11,Day 1,Manager Setup,Meet reporting manager,Attend the initial meeting with the reporting manager to review responsibilities and first-week priorities.,Employee,Manager,1,True,Manager meeting confirmation,Complete the manager onboarding meeting,Employee,Please attend your manager onboarding meeting.,Escalate to the manager if not scheduled.,Synthetic onboarding guide,G060,IT Business Analyst. Meet reporting manager. Attend the initial meeting with the reporting manager to review responsibilities and first-week priorities.. Owner: Manager.
G060,IT Business Analyst,Business Analysis,Individual Contributor,Business,G060-T12,12,Week 1,Team Integration,Complete team introduction,Meet key team members and understand team communication and collaboration practices.,Employee,Manager,3,True,Team introduction confirmation,Complete the team introduction activities,Employee,Please complete your team introductions.,Escalate to manager if not completed.,Synthetic onboarding guide,G060,IT Business Analyst. Complete team introduction. Meet key team members and understand team communication and collaboration practices.. Owner: Manager.
G060,IT Business Analyst,Business Analysis,Individual Contributor,Business,G060-T13,13,Week 1,Onboarding Plan,Review role-specific onboarding plan,"Review the role-specific responsibilities, tools, goals and onboarding expectations with the manager.",Employee,Manager,5,True,Onboarding plan acknowledgement,Review the role-specific onboarding plan,Employee,Please review your role-specific onboarding plan.,Escalate to manager if incomplete.,Synthetic onboarding guide,G060,"IT Business Analyst. Review role-specific onboarding plan. Review the role-specific responsibilities, tools, goals and onboarding expectations with the manager.. Owner: Manager."
G060,IT Business Analyst,Business Analysis,Individual Contributor,Business,G060-T14,14,Week 1,Access Management,Confirm required access,Employee confirms that all required systems and applications are accessible and reports missing access.,Employee,IT,5,True,Access confirmation or access issue,Confirm required system access,Employee,Please confirm that you can access the required systems.,Escalate missing access to IT.,Synthetic onboarding guide,G060,IT Business Analyst. Confirm required access. Employee confirms that all required systems and applications are accessible and reports missing access.. Owner: IT.
G060,IT Business Analyst,Business Analysis,Individual Contributor,Business,G060-T15,15,Week 2,Manager Setup,Complete first-week check-in,"Complete a structured check-in with the manager to review progress, blockers and next priorities.",Employee,Manager,7,True,Check-in confirmation,Complete the manager check-in,Employee,Please complete your first-week manager check-in.,Escalate to manager if not completed.,Synthetic onboarding guide,G060,"IT Business Analyst. Complete first-week check-in. Complete a structured check-in with the manager to review progress, blockers and next priorities.. Owner: Manager."
G060,IT Business Analyst,Business Analysis,Individual Contributor,Business,G060-T16,16,Role Setup,BA Tools,Get business analysis tools access,Receive access to approved requirements and IT workflow tools.,IT,IT,3,True,Task completion confirmation,Complete or confirm: Get business analysis tools access,IT,Please complete the required onboarding task: Get business analysis tools access.,Escalate to the role manager if Get business analysis tools access is overdue.,Synthetic role-specific guide,G060,IT Business Analyst. Get business analysis tools access. Receive access to approved requirements and IT workflow tools.. Owner: IT.
G060,IT Business Analyst,Business Analysis,Individual Contributor,Business,G060-T17,17,Role Setup,IT Knowledge,Review IT requirements and workflows,"Review active IT requirements, stakeholders and workflows.",Employee,IT Manager,5,True,Task completion confirmation,Complete or confirm: Review IT requirements and workflows,Employee,Please complete the required onboarding task: Review IT requirements and workflows.,Escalate to the role manager if Review IT requirements and workflows is overdue.,Synthetic role-specific guide,G060,"IT Business Analyst. Review IT requirements and workflows. Review active IT requirements, stakeholders and workflows.. Owner: IT Manager."
G060,IT Business Analyst,Business Analysis,Individual Contributor,Business,G060-T18,18,Role Setup,Change Process,Review IT change and requirements process,"Review approved requirements, validation and change procedures.",Employee,IT Manager,5,True,Task completion confirmation,Complete or confirm: Review IT change and requirements process,Employee,Please complete the required onboarding task: Review IT change and requirements process.,Escalate to the role manager if Review IT change and requirements process is overdue.,Synthetic role-specific guide,G060,"IT Business Analyst. Review IT change and requirements process. Review approved requirements, validation and change procedures.. Owner: IT Manager."
